/*******************************************************************************
 * Size: 40 px
 * Bpp: 8
 * Opts: --bpp 8 --size 40 --no-compress --font ../../Develop/000-PlatformIO/Domotique/Weather_Sation_Color-esp32/FONT/monofonto.ttf --symbols abcdefghijklmnopqrstuvwxyzàâäæçéèêëîïôœùûüÿßáíóúñöABCDEFGHIJKLMNOPQRSTUVWXYZ,:'+-°.%0123456789:-°.CF --format lvgl
 ******************************************************************************/

#ifdef __has_include
    #if __has_include("lvgl.h")
        #ifndef LV_LVGL_H_INCLUDE_SIMPLE
            #define LV_LVGL_H_INCLUDE_SIMPLE
        #endif
    #endif
#endif

#ifdef LV_LVGL_H_INCLUDE_SIMPLE
    #include "lvgl.h"
#else
    #include "lvgl/lvgl.h"
#endif

#ifndef UI_FONT_UI_40
#define UI_FONT_UI_40 1
#endif

#if UI_FONT_UI_40

/*-----------------
 *    BITMAPS
 *----------------*/

/*Store the image of the glyphs*/
static LV_ATTRIBUTE_LARGE_CONST const uint8_t glyph_bitmap[] = {
    /* U+0020 " " */

    /* U+0025 "%" */
    0x0, 0x7, 0x7d, 0xd4, 0xf7, 0xf8, 0xda, 0x8a,
    0xf, 0x0, 0x0, 0x0, 0x0, 0x0, 0x0, 0x0,
    0x0, 0x6e, 0xff, 0xff, 0xb2, 0x0, 0x0, 0xac,
    0xff, 0xff, 0xff, 0xff, 0xff, 0xff, 0xc7, 0x2,
    0x0, 0x0, 0x0, 0x0, 0x0, 0x0, 0x17, 0xf0,
    0xff, 0xf7, 0x21, 0x0, 0x24, 0xff, 0xff, 0xff,
    0xdd, 0xd9, 0xff, 0xff, 0xff, 0x42, 0x0, 0x0,
    0x0, 0x0, 0x0, 0x0, 0xa2, 0xff, 0xff, 0x7e,
    0x0, 0x0, 0x4a, 0xff, 0xff, 0xd6, 0x2, 0x0,
    0xc8, 0xff, 0xff, 0x69, 0x0, 0x0, 0x0, 0x0,
    0x0, 0x3d, 0xff, 0xff, 0xdc, 0x8, 0x0, 0x0,
    0x50, 0xff, 0xff, 0xb8, 0x0, 0x0, 0xa4, 0xff,
    0xff, 0x70, 0x0, 0x0, 0x0, 0x0, 0x4, 0xd2,
    0xff, 0xff, 0x4a, 0x0, 0x0, 0x0, 0x50, 0xff,
    0xff, 0xb8, 0x0, 0x0, 0xa4, 0xff, 0xff, 0x70,
    0x0, 0x0, 0x0, 0x0, 0x71, 0xff, 0xff, 0xb0,
    0x0, 0x0, 0x0, 0x0, 0x50, 0xff, 0xff, 0xb8,
    0x0, 0x0, 0xa4, 0xff, 0xff, 0x70, 0x0, 0x0,
    0x0, 0x19, 0xf1, 0xff, 0xf6, 0x20, 0x0, 0x0,
    0x0, 0x0, 0x50, 0xff, 0xff, 0xb8, 0x0, 0x0,
    0xa4, 0xff, 0xff, 0x70, 0x0, 0x0, 0x0, 0xa6,
    0xff, 0xff, 0x7c, 0x0, 0x0, 0x0, 0x0, 0x0,
    0x50, 0xff, 0xff, 0xb8, 0x0, 0x0, 0xa4, 0xff,
    0xff, 0x70, 0x0, 0x0, 0x40, 0xff, 0xff, 0xdb,
    0x7, 0x0, 0x0, 0x0, 0x0, 0x0, 0x50, 0xff,
    0xff, 0xb8, 0x0, 0x0, 0xa4, 0xff, 0xff, 0x70,
    0x0, 0x4, 0xd4, 0xff, 0xff, 0x48, 0x0, 0x0,
    0x0, 0x0, 0x0, 0x0, 0x50, 0xff, 0xff, 0xb9,
    0x0, 0x0, 0xa6, 0xff, 0xff, 0x6f, 0x0, 0x74,
    0xff, 0xff, 0xae, 0x0, 0x0, 0x0, 0x0, 0x0,
    0x0, 0x0, 0x45, 0xff, 0xff, 0xe7, 0x1e, 0x19,
    0xdd, 0xff, 0xff, 0x64, 0x1b, 0xf3, 0xff, 0xf5,
    0x1e, 0x0, 0x0, 0x0, 0x0, 0x0, 0x0, 0x0,
    0x15, 0xfb, 0xff, 0xff, 0xff, 0xff, 0xff, 0xff,
    0xff, 0x2e, 0xa9, 0xff, 0xff, 0x7f, 0x78, 0xd4,
    0xf7, 0xf7, 0xd5, 0x7b, 0x6, 0x0, 0x0, 0x80,
    0xff, 0xff, 0xff, 0xff, 0xff, 0xff, 0x9e, 0x43,
    0xff, 0xff, 0xd9, 0xab, 0xff, 0xff, 0xff, 0xff,
    0xff, 0xff, 0xad, 0x0, 0x0, 0x0, 0x47, 0xa0,
    0xc3, 0xc5, 0xa7, 0x57, 0x6, 0xd7, 0xff, 0xff,
    0x69, 0xff, 0xff, 0xff, 0xe6, 0xe6, 0xff, 0xff,
    0xff, 0x2a, 0x0, 0x0, 0x0, 0x0, 0x0, 0x0,
    0x0, 0x0, 0x78, 0xff, 0xff, 0xac, 0x51, 0xff,
    0xff, 0xd9, 0x5, 0x6, 0xdb, 0xff, 0xff, 0x5c,
    0x0, 0x0, 0x0, 0x0, 0x0, 0x0, 0x0, 0x1d,
    0xf4, 0xff, 0xf4, 0x1d, 0x5b, 0xff, 0xff, 0xb0,
    0x0, 0x0, 0xb1, 0xff, 0xff, 0x67, 0x0, 0x0,
    0x0, 0x0, 0x0, 0x0, 0x0, 0xac, 0xff, 0xff,
    0x78, 0x0, 0x5c, 0xff, 0xff, 0xb0, 0x0, 0x0,
    0xb0, 0xff, 0xff, 0x68, 0x0, 0x0, 0x0, 0x0,
    0x0, 0x0, 0x46, 0xff, 0xff, 0xd8, 0x6, 0x0,
    0x5c, 0xff, 0xff, 0xb0, 0x0, 0x0, 0xb0, 0xff,
    0xff, 0x68, 0x0, 0x0, 0x0, 0x0, 0x0, 0x6,
    0xd9, 0xff, 0xff, 0x44, 0x0, 0x0, 0x5c, 0xff,
    0xff, 0xb0, 0x0, 0x0, 0xb0, 0xff, 0xff, 0x68,
    0x0, 0x0, 0x0, 0x0, 0x0, 0x7b, 0xff, 0xff,
    0xaa, 0x0, 0x0, 0x0, 0x5c, 0xff, 0xff, 0xb0,
    0x0, 0x0, 0xb0, 0xff, 0xff, 0x68, 0x0, 0x0,
    0x0, 0x0, 0x1f, 0xf6, 0xff, 0xf4, 0x1c, 0x0,
    0x0, 0x0, 0x5c, 0xff, 0xff, 0xb0, 0x0, 0x0,
    0xb0, 0xff, 0xff, 0x68, 0x0, 0x0, 0x0, 0x0,
    0xb0, 0xff, 0xff, 0x76, 0x0, 0x0, 0x0, 0x0,
    0x5c, 0xff, 0xff, 0xb0, 0x0, 0x0, 0xb0, 0xff,
    0xff, 0x68, 0x0, 0x0, 0x0, 0x49, 0xff, 0xff,
    0xd6, 0x5, 0x0, 0x0, 0x0, 0x0, 0x5b, 0xff,
    0xff, 0xb0, 0x0, 0x0, 0xb1, 0xff, 0xff, 0x67,
    0x0, 0x0, 0x7, 0xdc, 0xff, 0xff, 0x43, 0x0,
    0x0, 0x0, 0x0, 0x0, 0x51, 0xff, 0xff, 0xd7,
    0x4, 0x5, 0xda, 0xff, 0xff, 0x5b, 0x0, 0x0,
    0x7f, 0xff, 0xff, 0xa8, 0x0, 0x0, 0x0, 0x0,
    0x0, 0x0, 0x20, 0xfe, 0xff, 0xff, 0xe2, 0xe3,
    0xff, 0xff, 0xff, 0x28, 0x0, 0x21, 0xf7, 0xff,
    0xf3, 0x1b, 0x0, 0x0, 0x0, 0x0, 0x0, 0x0,
    0x0, 0xa0, 0xff, 0xff, 0xff, 0xff, 0xff, 0xff,
    0xaa, 0x0, 0x0, 0xb3, 0xff, 0xff, 0x74, 0x0,
    0x0, 0x0, 0x0, 0x0, 0x0, 0x0, 0x0, 0x4,
    0x77, 0xd3, 0xf7, 0xf9, 0xd7, 0x7d, 0x6, 0x0,

    /* U+0027 "'" */
    0xf4, 0xff, 0xff, 0xff, 0xf4, 0xff, 0xff, 0xff,
    0xf4, 0xff, 0xff, 0xff, 0xf4, 0xff, 0xff, 0xff,
    0xf4, 0xff, 0xff, 0xff, 0xf4, 0xff, 0xff, 0xff,
    0xf4, 0xff, 0xff, 0xff, 0xf4, 0xff, 0xff, 0xff,
    0xf4, 0xff, 0xff, 0xff, 0xf4, 0xff, 0xff, 0xff,
    0x63, 0x68, 0x68, 0x68,

    /* U+002B "+" */
    0x0, 0x0, 0x0, 0x0, 0x0, 0x0, 0x0, 0x50,
    0x88, 0x88, 0x50, 0x0, 0x0, 0x0, 0x0, 0x0,
    0x0, 0x0, 0x0, 0x0, 0x0, 0x0, 0x0, 0x0,
    0x0, 0x98, 0xff, 0xff, 0x98, 0x0, 0x0, 0x0,
    0x0, 0x0, 0x0, 0x0, 0x0, 0x0, 0x0, 0x0,
    0x0, 0x0, 0x0, 0x98, 0xff, 0xff, 0x98, 0x0,
    0x0, 0x0, 0x0, 0x0, 0x0, 0x0, 0x0, 0x0,
    0x0, 0x0, 0x0, 0x0, 0x0, 0x98, 0xff, 0xff,
    0x98, 0x0, 0x0, 0x0, 0x0, 0x0, 0x0, 0x0,
    0x0, 0x0, 0x0, 0x0, 0x0, 0x0, 0x0, 0x98,
    0xff, 0xff, 0x98, 0x0, 0x0, 0x0, 0x0, 0x0,
    0x0, 0x0, 0x0, 0x0, 0x0, 0x0, 0x0, 0x0,
    0x0, 0x98, 0xff, 0xff, 0x98, 0x0, 0x0, 0x0,
    0x0, 0x0, 0x0, 0x0, 0x0, 0x0, 0x0, 0x0,
    0x0, 0x0, 0x0, 0x98, 0xff, 0xff, 0x98, 0x0,
    0x0, 0x0, 0x0, 0x0, 0x0, 0x0, 0x21, 0x24,
    0x24, 0x24, 0x24, 0x24, 0x24, 0xa6, 0xff, 0xff,
    0xa6, 0x24, 0x24, 0x24, 0x24, 0x24, 0x24, 0x21,
    0xec, 0xff, 0xff, 0xff, 0xff, 0xff, 0xff, 0xff,
    0xff, 0xff, 0xff, 0xff, 0xff, 0xff, 0xff, 0xff,
    0xff, 0xec, 0xec, 0xff, 0xff, 0xff, 0xff, 0xff,
    0xff, 0xff, 0xff, 0xff, 0xff, 0xff, 0xff, 0xff,
    0xff, 0xff, 0xff, 0xec, 0xec, 0xff, 0xff, 0xff,
    0xff, 0xff, 0xff, 0xff, 0xff, 0xff, 0xff, 0xff,
    0xff, 0xff, 0xff, 0xff, 0xff, 0xec, 0x0, 0x0,
    0x0, 0x0, 0x0, 0x0, 0x0, 0x98, 0xff, 0xff,
    0x98, 0x0, 0x0, 0x0, 0x0, 0x0, 0x0, 0x0,
    0x0, 0x0, 0x0, 0x0, 0x0, 0x0, 0x0, 0x98,
    0xff, 0xff, 0x98, 0x0, 0x0, 0x0, 0x0, 0x0,
    0x0, 0x0, 0x0, 0x0, 0x0, 0x0, 0x0, 0x0,
    0x0, 0x98, 0xff, 0xff, 0x98, 0x0, 0x0, 0x0,
    0x0, 0x0, 0x0, 0x0, 0x0, 0x0, 0x0, 0x0,
    0x0, 0x0, 0x0, 0x98, 0xff, 0xff, 0x98, 0x0,
    0x0, 0x0, 0x0, 0x0, 0x0, 0x0, 0x0, 0x0,
    0x0, 0x0, 0x0, 0x0, 0x0, 0x98, 0xff, 0xff,
    0x98, 0x0, 0x0, 0x0, 0x0, 0x0, 0x0, 0x0,
    0x0, 0x0, 0x0, 0x0, 0x0, 0x0, 0x0, 0x98,
    0xff, 0xff, 0x98, 0x0, 0x0, 0x0, 0x0, 0x0,
    0x0, 0x0, 0x0, 0x0, 0x0, 0x0, 0x0, 0x0,
    0x0, 0x98, 0xff, 0xff, 0x98, 0x0, 0x0, 0x0,
    0x0, 0x0, 0x0, 0x0,

    /* U+002C "," */
    0x0, 0x4, 0x0, 0x0, 0x0, 0x0, 0x0, 0x0,
    0x6f, 0xe6, 0xac, 0x72, 0x39, 0x6, 0x0, 0x8f,
    0xff, 0xff, 0xff, 0xff, 0x34, 0x0, 0xae, 0xff,
    0xff, 0xff, 0xea, 0x1, 0x0, 0xce, 0xff, 0xff,
    0xff, 0xa3, 0x0, 0x0, 0xee, 0xff, 0xff, 0xff,
    0x5a, 0x0, 0xd, 0xff, 0xff, 0xff, 0xfd, 0x14,
    0x0, 0x2d, 0xff, 0xff, 0xff, 0xc8, 0x0, 0x0,
    0x4d, 0xff, 0xff, 0xff, 0x7f, 0x0, 0x0, 0x6d,
    0xff, 0xff, 0xff, 0x36, 0x0, 0x0, 0x8c, 0xff,
    0xff, 0xeb, 0x2, 0x0, 0x0, 0x78, 0xe9, 0xff,
    0xa5, 0x0, 0x0, 0x0, 0x0, 0x0, 0x24, 0x23,
    0x0, 0x0, 0x0,

    /* U+002D "-" */
    0xa, 0x34, 0x34, 0x34, 0x34, 0x34, 0x34, 0x34,
    0x34, 0x34, 0x34, 0x34, 0x34, 0x8, 0x34, 0xff,
    0xff, 0xff, 0xff, 0xff, 0xff, 0xff, 0xff, 0xff,
    0xff, 0xff, 0xff, 0x28, 0x34, 0xff, 0xff, 0xff,
    0xff, 0xff, 0xff, 0xff, 0xff, 0xff, 0xff, 0xff,
    0xff, 0x28, 0x34, 0xff, 0xff, 0xff, 0xff, 0xff,
    0xff, 0xff, 0xff, 0xff, 0xff, 0xff, 0xff, 0x28,
    0x34, 0xff, 0xff, 0xff, 0xff, 0xff, 0xff, 0xff,
    0xff, 0xff, 0xff, 0xff, 0xff, 0x28,

    /* U+002E "." */
    0x0, 0x0, 0x1a, 0x1d, 0x0, 0x0, 0x14, 0xc1,
    0xff, 0xff, 0xc8, 0x17, 0x9d, 0xff, 0xff, 0xff,
    0xff, 0x9f, 0xe2, 0xff, 0xff, 0xff, 0xff, 0xe2,
    0xdd, 0xff, 0xff, 0xff, 0xff, 0xdd, 0x8a, 0xff,
    0xff, 0xff, 0xff, 0x8d, 0x9, 0x94, 0xe9, 0xeb,
    0x9b, 0xb,

    /* U+0030 "0" */
    0x0, 0x0, 0x1, 0x48, 0x9d, 0xce, 0xec, 0xf9,
    0xf9, 0xec, 0xce, 0x9c, 0x46, 0x0, 0x0, 0x0,
    0x0, 0xd, 0xbb, 0xff, 0xff, 0xff, 0xff, 0xff,
    0xff, 0xff, 0xff, 0xff, 0xff, 0xb8, 0xb, 0x0,
    0x0, 0xa4, 0xff, 0xff, 0xff, 0xff, 0xff, 0xff,
    0xff, 0xff, 0xff, 0xff, 0xff, 0xff, 0xa1, 0x0,
    0x1e, 0xfd, 0xff, 0xff, 0xff, 0xff, 0xff, 0xfd,
    0xfd, 0xff, 0xff, 0xff, 0xff, 0xff, 0xfc, 0x1d,
    0x5f, 0xff, 0xff, 0xff, 0xff, 0xd5, 0x2f, 0x2,
    0x2, 0x2f, 0xd5, 0xff, 0xff, 0xff, 0xff, 0x5d,
    0x85, 0xff, 0xff, 0xff, 0xff, 0x61, 0x0, 0x0,
    0x0, 0x0, 0x61, 0xff, 0xff, 0xff, 0xff, 0x84,
    0x93, 0xff, 0xff, 0xff, 0xff, 0x40, 0x0, 0x0,
    0x0, 0x0, 0x40, 0xff, 0xff, 0xff, 0xff, 0x93,
    0x98, 0xff, 0xff, 0xff, 0xff, 0x3c, 0x0, 0x0,
    0x0, 0x0, 0x3c, 0xff, 0xff, 0xff, 0xff, 0x98,
    0x98, 0xff, 0xff, 0xff, 0xff, 0x3c, 0x0, 0x0,
    0x0, 0x0, 0x3c, 0xff, 0xff, 0xff, 0xff, 0x98,
    0x98, 0xff, 0xff, 0xff, 0xff, 0x3c, 0x0, 0x0,
    0x0, 0x0, 0x3c, 0xff, 0xff, 0xff, 0xff, 0x98,
    0x98, 0xff, 0xff, 0xff, 0xff, 0x3c, 0x0, 0x0,
    0x0, 0x0, 0x3c, 0xff, 0xff, 0xff, 0xff, 0x98,
    0x98, 0xff, 0xff, 0xff, 0xff, 0x3c, 0x0, 0x0,
    0x0, 0x0, 0x3c, 0xff, 0xff, 0xff, 0xff, 0x98,
    0x98, 0xff, 0xff, 0xff, 0xff, 0x3c, 0x0, 0x0,
    0x0, 0x0, 0x3c, 0xff, 0xff, 0xff, 0xff, 0x98,
    0x98, 0xff, 0xff, 0xff, 0xff, 0x3c, 0x0, 0x0,
    0x0, 0x0, 0x3c, 0xff, 0xff, 0xff, 0xff, 0x98,
    0x98, 0xff, 0xff, 0xff, 0xff, 0x3c, 0x0, 0x0,
    0x0, 0x0, 0x3c, 0xff, 0xff, 0xff, 0xff, 0x98,
    0x98, 0xff, 0xff, 0xff, 0xff, 0x3c, 0x0, 0x0,
    0x0, 0x0, 0x3c, 0xff, 0xff, 0xff, 0xff, 0x98,
    0x98, 0xff, 0xff, 0xff, 0xff, 0x3c, 0x0, 0x0,
    0x0, 0x0, 0x3c, 0xff, 0xff, 0xff, 0xff, 0x98,
    0x98, 0xff, 0xff, 0xff, 0xff, 0x3c, 0x0, 0x0,
    0x0, 0x0, 0x3c, 0xff, 0xff, 0xff, 0xff, 0x98,
    0x98, 0xff, 0xff, 0xff, 0xff, 0x3c, 0x0, 0x0,
    0x0, 0x0, 0x3c, 0xff, 0xff, 0xff, 0xff, 0x98,
    0x98, 0xff, 0xff, 0xff, 0xff, 0x3c, 0x0, 0x0,
    0x0, 0x0, 0x3c, 0xff, 0xff, 0xff, 0xff, 0x98,
    0x98, 0xff, 0xff, 0xff, 0xff, 0x3c, 0x0, 0x0,
    0x0, 0x0, 0x3c, 0xff, 0xff, 0xff, 0xff, 0x98,
    0x93, 0xff, 0xff, 0xff, 0xff, 0x40, 0x0, 0x0,
    0x0, 0x0, 0x40, 0xff, 0xff, 0xff, 0xff, 0x93,
    0x85, 0xff, 0xff, 0xff, 0xff, 0x61, 0x0, 0x0,
    0x0, 0x0, 0x61, 0xff, 0xff, 0xff, 0xff, 0x83,
    0x5f, 0xff, 0xff, 0xff, 0xff, 0xd3, 0x2d, 0x1,
    0x1, 0x2d, 0xd3, 0xff, 0xff, 0xff, 0xff, 0x5d,
    0x1e, 0xfd, 0xff, 0xff, 0xff, 0xff, 0xff, 0xfc,
    0xfd, 0xff, 0xff, 0xff, 0xff, 0xff, 0xfc, 0x1d,
    0x0, 0xa6, 0xff, 0xff, 0xff, 0xff, 0xff, 0xff,
    0xff, 0xff, 0xff, 0xff, 0xff, 0xff, 0xa2, 0x0,
    0x0, 0xe, 0xbe, 0xff, 0xff, 0xff, 0xff, 0xff,
    0xff, 0xff, 0xff, 0xff, 0xff, 0xbc, 0xc, 0x0,
    0x0, 0x0, 0x1, 0x4a, 0x9e, 0xd0, 0xed, 0xfa,
    0xfa, 0xed, 0xd0, 0x9e, 0x4a, 0x1, 0x0, 0x0,

    /* U+0031 "1" */
    0x0, 0x0, 0x0, 0x0, 0x0, 0x0, 0x0, 0x0,
    0x6, 0x72, 0x39, 0x0, 0x0, 0x0, 0x0, 0x0,
    0x0, 0x1, 0x59, 0xdf, 0xff, 0x48, 0x0, 0x0,
    0x0, 0x0, 0x0, 0x41, 0xcc, 0xff, 0xff, 0xff,
    0x48, 0x0, 0x0, 0x0, 0x2c, 0xb5, 0xff, 0xff,
    0xff, 0xff, 0xff, 0x48, 0x0, 0x1a, 0x9c, 0xfd,
    0xff, 0xff, 0xff, 0xff, 0xff, 0xff, 0x48, 0x9,
    0xf5, 0xff, 0xff, 0xff, 0xff, 0xff, 0xff, 0xff,
    0xff, 0x48, 0xc, 0xff, 0xff, 0xff, 0xff, 0xff,
    0xff, 0xff, 0xff, 0xff, 0x48, 0xc, 0xff, 0xff,
    0xff, 0xff, 0xec, 0xff, 0xff, 0xff, 0xff, 0x48,
    0xc, 0xff, 0xff, 0xdf, 0x55, 0x68, 0xff, 0xff,
    0xff, 0xff, 0x48, 0xc, 0xf4, 0x7c, 0x8, 0x0,
    0x68, 0xff, 0xff, 0xff, 0xff, 0x48, 0x4, 0x1b,
    0x0, 0x0, 0x0, 0x68, 0xff, 0xff, 0xff, 0xff,
    0x48, 0x0, 0x0, 0x0, 0x0, 0x0, 0x68, 0xff,
    0xff, 0xff, 0xff, 0x48, 0x0, 0x0, 0x0, 0x0,
    0x0, 0x68, 0xff, 0xff, 0xff, 0xff, 0x48, 0x0,
    0x0, 0x0, 0x0, 0x0, 0x68, 0xff, 0xff, 0xff,
    0xff, 0x48, 0x0, 0x0, 0x0, 0x0, 0x0, 0x68,
    0xff, 0xff, 0xff, 0xff, 0x48, 0x0, 0x0, 0x0,
    0x0, 0x0, 0x68, 0xff, 0xff, 0xff, 0xff, 0x48,
    0x0, 0x0, 0x0, 0x0, 0x0, 0x68, 0xff, 0xff,
    0xff, 0xff, 0x48, 0x0, 0x0, 0x0, 0x0, 0x0,
    0x68, 0xff, 0xff, 0xff, 0xff, 0x48, 0x0, 0x0,
    0x0, 0x0, 0x0, 0x68, 0xff, 0xff, 0xff, 0xff,
    0x48, 0x0, 0x0, 0x0, 0x0, 0x0, 0x68, 0xff,
    0xff, 0xff, 0xff, 0x48, 0x0, 0x0, 0x0, 0x0,
    0x0, 0x68, 0xff, 0xff, 0xff, 0xff, 0x48, 0x0,
    0x0, 0x0, 0x0, 0x0, 0x68, 0xff, 0xff, 0xff,
    0xff, 0x48, 0x0, 0x0, 0x0, 0x0, 0x0, 0x68,
    0xff, 0xff, 0xff, 0xff, 0x48, 0x0, 0x0, 0x0,
    0x0, 0x0, 0x68, 0xff, 0xff, 0xff, 0xff, 0x48,
    0x0, 0x0, 0x0, 0x0, 0x0, 0x68, 0xff, 0xff,
    0xff, 0xff, 0x48, 0x0, 0x0, 0x0, 0x0, 0x0,
    0x68, 0xff, 0xff, 0xff, 0xff, 0x48, 0x0, 0x0,
    0x0, 0x0, 0x0, 0x68, 0xff, 0xff, 0xff, 0xff,
    0x48, 0x0, 0x0, 0x0, 0x0, 0x0, 0x68, 0xff,
    0xff, 0xff, 0xff, 0x48, 0x0, 0x0, 0x0, 0x0,
    0x0, 0x68, 0xff, 0xff, 0xff, 0xff, 0x48,

    /* U+0032 "2" */
    0x0, 0x0, 0x0, 0x0, 0x14, 0x7a, 0xc1, 0xe9,
    0xfa, 0xef, 0xd6, 0x9b, 0x41, 0x0, 0x0, 0x0,
    0x0, 0x0, 0x0, 0x0, 0x61, 0xf4, 0xff, 0xff,
    0xff, 0xff, 0xff, 0xff, 0xff, 0xff, 0xba, 0x15,
    0x0, 0x0, 0x0, 0x0, 0x6a, 0xff, 0xff, 0xff,
    0xff, 0xff, 0xff, 0xff, 0xff, 0xff, 0xff, 0xff,
    0xdb, 0x12, 0x0, 0x0, 0x21, 0xfa, 0xff, 0xff,
    0xff, 0xff, 0xff, 0xff, 0xff, 0xff, 0xff, 0xff,
    0xff, 0xff, 0xab, 0x0, 0x0, 0x93, 0xff, 0xff,
    0xff, 0xff, 0xe4, 0x74, 0x52, 0x6c, 0xcb, 0xff,
    0xff, 0xff, 0xff, 0xff, 0x2d, 0x0, 0xdf, 0xff,
    0xff, 0xff, 0xee, 0x15, 0x0, 0x0, 0x0, 0x2,
    0xc0, 0xff, 0xff, 0xff, 0xff, 0x7b, 0x13, 0xff,
    0xff, 0xff, 0xff, 0x9f, 0x0, 0x0, 0x0, 0x0,
    0x0, 0x4e, 0xff, 0xff, 0xff, 0xff, 0xaa, 0x2e,
    0xff, 0xff, 0xff, 0xff, 0x79, 0x0, 0x0, 0x0,
    0x0, 0x0, 0x2a, 0xff, 0xff, 0xff, 0xff, 0xbd,
    0x1, 0x8, 0x8, 0x8, 0x8, 0x3, 0x0, 0x0,
    0x0, 0x0, 0x0, 0x2f, 0xff, 0xff, 0xff, 0xff,
    0xb5, 0x0, 0x0, 0x0, 0x0, 0x0, 0x0, 0x0,
    0x0, 0x0, 0x0, 0x0, 0x5b, 0xff, 0xff, 0xff,
    0xff, 0x96, 0x0, 0x0, 0x0, 0x0, 0x0, 0x0,
    0x0, 0x0, 0x0, 0x0, 0x0, 0xab, 0xff, 0xff,
    0xff, 0xff, 0x5e, 0x0, 0x0, 0x0, 0x0, 0x0,
    0x0, 0x0, 0x0, 0x0, 0x0, 0x22, 0xfb, 0xff,
    0xff, 0xff, 0xf9, 0x11, 0x0, 0x0, 0x0, 0x0,
    0x0, 0x0, 0x0, 0x0, 0x0, 0x0, 0xaa, 0xff,
    0xff, 0xff, 0xff, 0xa0, 0x0, 0x0, 0x0, 0x0,
    0x0, 0x0, 0x0, 0x0, 0x0, 0x0, 0x3e, 0xff,
    0xff, 0xff, 0xff, 0xf9, 0x22, 0x0, 0x0, 0x0,
    0x0, 0x0, 0x0, 0x0, 0x0, 0x0, 0x2, 0xce,
    0xff, 0xff, 0xff, 0xff, 0x88, 0x0, 0x0, 0x0,
    0x0, 0x0, 0x0, 0x0, 0x0, 0x0, 0x0, 0x65,
    0xff, 0xff, 0xff, 0xff, 0xe5, 0xc, 0x0, 0x0,
    0x0, 0x0, 0x0, 0x0, 0x0, 0x0, 0x0, 0xe,
    0xe9, 0xff, 0xff, 0xff, 0xff, 0x5a, 0x0, 0x0,
    0x0, 0x0, 0x0, 0x0, 0x0, 0x0, 0x0, 0x0,
    0x8c, 0xff, 0xff, 0xff, 0xff, 0xc3, 0x0, 0x0,
    0x0, 0x0, 0x0, 0x0, 0x0, 0x0, 0x0, 0x0,
    0x25, 0xf9, 0xff, 0xff, 0xff, 0xfd, 0x30, 0x0,
    0x0, 0x0, 0x0, 0x0, 0x0, 0x0, 0x0, 0x0,
    0x0, 0xb3, 0xff, 0xff, 0xff, 0xff, 0x96, 0x0,
    0x0, 0x0, 0x0, 0x0, 0x0, 0x0, 0x0, 0x0,
    0x0, 0x46, 0xff, 0xff, 0xff, 0xff, 0xed, 0x12,
    0x0, 0x0, 0x0, 0x0, 0x0, 0x0, 0x0, 0x0,
    0x0, 0x4, 0xd5, 0xff, 0xff, 0xff, 0xff, 0x68,
    0x0, 0x0, 0x0, 0x0, 0x0, 0x0, 0x0, 0x0,
    0x0, 0x0, 0x6d, 0xff, 0xff, 0xff, 0xff, 0xcf,
    0x2, 0x0, 0x0, 0x0, 0x0, 0x0, 0x0, 0x0,
    0x0, 0x0, 0x12, 0xed, 0xff, 0xff, 0xff, 0xff,
    0xe4, 0xcc, 0xcc, 0xcc, 0xcc, 0xcc, 0xcc, 0x82,
    0x0, 0x0, 0x0, 0x94, 0xff, 0xff, 0xff, 0xff,
    0xff, 0xff, 0xff, 0xff, 0xff, 0xff, 0xff, 0xff,
    0xa4, 0x0, 0x0, 0x2b, 0xfc, 0xff, 0xff, 0xff,
    0xff, 0xff, 0xff, 0xff, 0xff, 0xff, 0xff, 0xff,
    0xff, 0xa4, 0x0, 0x0, 0xba, 0xff, 0xff, 0xff,
    0xff, 0xff, 0xff, 0xff, 0xff, 0xff, 0xff, 0xff,
    0xff, 0xff, 0xa4, 0x0, 0x4e, 0xff, 0xff, 0xff,
    0xff, 0xff, 0xff, 0xff, 0xff, 0xff, 0xff, 0xff,
    0xff, 0xff, 0xff, 0xa4,

    /* U+0033 "3" */
    0x0, 0x0, 0x0, 0x0, 0x1a, 0x7e, 0xc0, 0xe9,
    0xfa, 0xf2, 0xdd, 0xa7, 0x5a, 0x4, 0x0, 0x0,
    0x0, 0x0, 0x0, 0x0, 0x1, 0x7a, 0xf9, 0xff,
    0xff, 0xff, 0xff, 0xff, 0xff, 0xff, 0xff, 0xdc,
    0x34, 0x0, 0x0, 0x0, 0x0, 0x0, 0x98, 0xff,
    0xff, 0xff, 0xff, 0xff, 0xff, 0xff, 0xff, 0xff,
    0xff, 0xff, 0xf8, 0x3d, 0x0, 0x0, 0x0, 0x52,
    0xff, 0xff, 0xff, 0xff, 0xff, 0xff, 0xff, 0xff,
    0xff, 0xff, 0xff, 0xff, 0xff, 0xea, 0x10, 0x0,
    0x0, 0xce, 0xff, 0xff, 0xff, 0xff, 0xe3, 0x7d,
    0x5a, 0x6a, 0xa8, 0xfe, 0xff, 0xff, 0xff, 0xff,
    0x83, 0x0, 0x1e, 0xff, 0xff, 0xff, 0xff, 0xea,
    0x16, 0x0, 0x0, 0x0, 0x0, 0x65, 0xff, 0xff,
    0xff, 0xff, 0xd7, 0x0, 0x49, 0xff, 0xff, 0xff,
    0xff, 0xa5, 0x0, 0x0, 0x0, 0x0, 0x0, 0x1,
    0xe7, 0xff, 0xff, 0xff, 0xfd, 0x3, 0x0, 0x0,
    0x0, 0x0, 0x0, 0x0, 0x0, 0x0, 0x0, 0x0,
    0x0, 0x0, 0xc3, 0xff, 0xff, 0xff, 0xff, 0xb,
    0x0, 0x0, 0x0, 0x0, 0x0, 0x0, 0x0, 0x0,
    0x0, 0x0, 0x0, 0x0, 0xd8, 0xff, 0xff, 0xff,
    0xef, 0x0, 0x0, 0x0, 0x0, 0x0, 0x0, 0x0,
    0x0, 0x0, 0x0, 0x0, 0x0, 0x2d, 0xfc, 0xff,
    0xff, 0xff, 0xab, 0x0, 0x0, 0x0, 0x0, 0x0,
    0x0, 0x0, 0x0, 0x0, 0x1, 0x1a, 0x56, 0xdd,
    0xff, 0xff, 0xff, 0xfc, 0x39, 0x0, 0x0, 0x0,
    0x0, 0x0, 0x0, 0x0, 0x0, 0x0, 0xff, 0xff,
    0xff, 0xff, 0xff, 0xff, 0xfe, 0x6f, 0x0, 0x0,
    0x0, 0x0, 0x0, 0x0, 0x0, 0x0, 0x0, 0x0,
    0xff, 0xff, 0xff, 0xff, 0xff, 0xff, 0x60, 0x0,
    0x0, 0x0, 0x0, 0x0, 0x0, 0x0, 0x0, 0x0,
    0x0, 0x0, 0xff, 0xff, 0xff, 0xff, 0xff, 0xff,
    0xec, 0x51, 0x0, 0x0, 0x0, 0x0, 0x0, 0x0,
    0x0, 0x0, 0x0, 0x0, 0xa8, 0xbb, 0xf3, 0xff,
    0xff, 0xff, 0xff, 0xf9, 0x38, 0x0, 0x0, 0x0,
    0x0, 0x0, 0x0, 0x0, 0x0, 0x0, 0x0, 0x0,
    0x12, 0xbc, 0xff, 0xff, 0xff, 0xff, 0xcc, 0x0,
    0x0, 0x0, 0x0, 0x0, 0x0, 0x0, 0x0, 0x0,
    0x0, 0x0, 0x0, 0x17, 0xf8, 0xff, 0xff, 0xff,
    0xff, 0x29, 0x0, 0x0, 0x0, 0x0, 0x0, 0x0,
    0x0, 0x0, 0x0, 0x0, 0x0, 0x0, 0xba, 0xff,
    0xff, 0xff, 0xff, 0x5b, 0x0, 0x0, 0x0, 0x0,
    0x0, 0x0, 0x0, 0x0, 0x0, 0x0, 0x0, 0x0,
    0x98, 0xff, 0xff, 0xff, 0xff, 0x75, 0x0, 0x0,
    0x0, 0x0, 0x0, 0x0, 0x0, 0x0, 0x0, 0x0,
    0x0, 0x0, 0x95, 0xff, 0xff, 0xff, 0xff, 0x7a,
    0x2e, 0x90, 0x90, 0x90, 0x90, 0x50, 0x0, 0x0,
    0x0, 0x0, 0x0, 0x0, 0xb1, 0xff, 0xff, 0xff,
    0xff, 0x67, 0x35, 0xff, 0xff, 0xff, 0xff, 0xb4,
    0x0, 0x0, 0x0, 0x0, 0x0, 0x8, 0xee, 0xff,
    0xff, 0xff, 0xff, 0x3e, 0xa, 0xf7, 0xff, 0xff,
    0xff, 0xfd, 0x38, 0x0, 0x0, 0x0, 0x0, 0x8c,
    0xff, 0xff, 0xff, 0xff, 0xf5, 0x7, 0x0, 0xae,
    0xff, 0xff, 0xff, 0xff, 0xf7, 0x8e, 0x5d, 0x63,
    0xb6, 0xff, 0xff, 0xff, 0xff, 0xff, 0x93, 0x0,
    0x0, 0x32, 0xfe, 0xff, 0xff, 0xff, 0xff, 0xff,
    0xff, 0xff, 0xff, 0xff, 0xff, 0xff, 0xff, 0xeb,
    0x1a, 0x0, 0x0, 0x0, 0x79, 0xff, 0xff, 0xff,
    0xff, 0xff, 0xff, 0xff, 0xff, 0xff, 0xff, 0xff,
    0xf6, 0x42, 0x0, 0x0, 0x0, 0x0, 0x0, 0x68,
    0xf5, 0xff, 0xff, 0xff, 0xff, 0xff, 0xff, 0xff,
    0xff, 0xd8, 0x33, 0x0, 0x0, 0x0, 0x0, 0x0,
    0x0, 0x0, 0x15, 0x79, 0xbf, 0xe9, 0xfa, 0xf2,
    0xdc, 0xa5, 0x57, 0x3, 0x0, 0x0, 0x0, 0x0,

    /* U+0034 "4" */
    0x0, 0x0, 0x0, 0x0, 0x0, 0x0, 0x0, 0x0,
    0x0, 0x34, 0xfe, 0xff, 0xff, 0xff, 0xff, 0xec,
    0x0, 0x0, 0x0, 0x0, 0x0, 0x0, 0x0, 0x0,
    0x0, 0x0, 0x0, 0x0, 0x0, 0xbf, 0xff, 0xff,
    0xff, 0xff, 0xff, 0xec, 0x0, 0x0, 0x0, 0x0,
    0x0, 0x0, 0x0, 0x0, 0x0, 0x0, 0x0, 0x0,
    0x4d, 0xff, 0xff, 0xff, 0xff, 0xff, 0xff, 0xec,
    0x0, 0x0, 0x0, 0x0, 0x0, 0x0, 0x0, 0x0,
    0x0, 0x0, 0x0, 0x3, 0xd6, 0xff, 0xff, 0xff,
    0xff, 0xff, 0xff, 0xec, 0x0, 0x0, 0x0, 0x0,
    0x0, 0x0, 0x0, 0x0, 0x0, 0x0, 0x0, 0x68,
    0xff, 0xff, 0xff, 0xff, 0xff, 0xff, 0xff, 0xec,
    0x0, 0x0, 0x0, 0x0, 0x0, 0x0, 0x0, 0x0,
    0x0, 0x0, 0xc, 0xe8, 0xff, 0xff, 0xff, 0xff,
    0xff, 0xff, 0xff, 0xec, 0x0, 0x0, 0x0, 0x0,
    0x0, 0x0, 0x0, 0x0, 0x0, 0x0, 0x82, 0xff,
    0xff, 0xff, 0xff, 0xff, 0xff, 0xff, 0xff, 0xec,
    0x0, 0x0, 0x0, 0x0, 0x0, 0x0, 0x0, 0x0,
    0x0, 0x1a, 0xf5, 0xff, 0xff, 0xff, 0xb1, 0xff,
    0xff, 0xff, 0xff, 0xec, 0x0, 0x0, 0x0, 0x0,
    0x0, 0x0, 0x0, 0x0, 0x0, 0x9d, 0xff, 0xff,
    0xff, 0xe1, 0x3d, 0xff, 0xff, 0xff, 0xff, 0xec,
    0x0, 0x0, 0x0, 0x0, 0x0, 0x0, 0x0, 0x0,
    0x2d, 0xfd, 0xff, 0xff, 0xff, 0x57, 0x34, 0xff,
    0xff, 0xff, 0xff, 0xec, 0x0, 0x0, 0x0, 0x0,
    0x0, 0x0, 0x0, 0x0, 0xb8, 0xff, 0xff, 0xff,
    0xc4, 0x0, 0x34, 0xff, 0xff, 0xff, 0xff, 0xec,
    0x0, 0x0, 0x0, 0x0, 0x0, 0x0, 0x0, 0x44,
    0xff, 0xff, 0xff, 0xfe, 0x33, 0x0, 0x34, 0xff,
    0xff, 0xff, 0xff, 0xec, 0x0, 0x0, 0x0, 0x0,
    0x0, 0x0, 0x2, 0xcf, 0xff, 0xff, 0xff, 0x9e,
    0x0, 0x0, 0x34, 0xff, 0xff, 0xff, 0xff, 0xec,
    0x0, 0x0, 0x0, 0x0, 0x0, 0x0, 0x5f, 0xff,
    0xff, 0xff, 0xf3, 0x18, 0x0, 0x0, 0x34, 0xff,
    0xff, 0xff, 0xff, 0xec, 0x0, 0x0, 0x0, 0x0,
    0x0, 0x9, 0xe3, 0xff, 0xff, 0xff, 0x78, 0x0,
    0x0, 0x0, 0x34, 0xff, 0xff, 0xff, 0xff, 0xec,
    0x0, 0x0, 0x0, 0x0, 0x0, 0x7a, 0xff, 0xff,
    0xff, 0xde, 0x7, 0x0, 0x0, 0x0, 0x34, 0xff,
    0xff, 0xff, 0xff, 0xec, 0x0, 0x0, 0x0, 0x0,
    0x15, 0xf1, 0xff, 0xff, 0xff, 0x52, 0x0, 0x0,
    0x0, 0x0, 0x34, 0xff, 0xff, 0xff, 0xff, 0xec,
    0x0, 0x0, 0x0, 0x0, 0x4f, 0xff, 0xff, 0xff,
    0xfe, 0xcc, 0xcc, 0xcc, 0xcc, 0xcc, 0xd6, 0xff,
    0xff, 0xff, 0xff, 0xfb, 0xcc, 0xcc, 0xcc, 0x3f,
    0x50, 0xff, 0xff, 0xff, 0xff, 0xff, 0xff, 0xff,
    0xff, 0xff, 0xff, 0xff, 0xff, 0xff, 0xff, 0xff,
    0xff, 0xff, 0xff, 0x50, 0x50, 0xff, 0xff, 0xff,
    0xff, 0xff, 0xff, 0xff, 0xff, 0xff, 0xff, 0xff,
    0xff, 0xff, 0xff, 0xff, 0xff, 0xff, 0xff, 0x50,
    0x50, 0xff, 0xff, 0xff, 0xff, 0xff, 0xff, 0xff,
    0xff, 0xff, 0xff, 0xff, 0xff, 0xff, 0xff, 0xff,
    0xff, 0xff, 0xff, 0x50, 0x50, 0xff, 0xff, 0xff,
    0xff, 0xff, 0xff, 0xff, 0xff, 0xff, 0xff, 0xff,
    0xff, 0xff, 0xff, 0xff, 0xff, 0xff, 0xff, 0x50,
    0x0, 0x0, 0x0, 0x0, 0x0, 0x0, 0x0, 0x0,
    0x0, 0x0, 0x34, 0xff, 0xff, 0xff, 0xff, 0xec,
    0x0, 0x0, 0x0, 0x0, 0x0, 0x0, 0x0, 0x0,
    0x0, 0x0, 0x0, 0x0, 0x0, 0x0, 0x34, 0xff,
    0xff, 0xff, 0xff, 0xec, 0x0, 0x0, 0x0, 0x0,
    0x0, 0x0, 0x0, 0x0, 0x0, 0x0, 0x0, 0x0,
    0x0, 0x0, 0x34, 0xff, 0xff, 0xff, 0xff, 0xec,
    0x0, 0x0, 0x0, 0x0, 0x0, 0x0, 0x0, 0x0,
    0x0, 0x0, 0x0, 0x0, 0x0, 0x0, 0x34, 0xff,
    0xff, 0xff, 0xff, 0xec, 0x0, 0x0, 0x0, 0x0,
    0x0, 0x0, 0x0, 0x0, 0x0, 0x0, 0x0, 0x0,
    0x0, 0x0, 0x34, 0xff, 0xff, 0xff, 0xff, 0xec,
    0x0, 0x0, 0x0, 0x0, 0x0, 0x0, 0x0, 0x0,
    0x0, 0x0, 0x0, 0x0, 0x0, 0x0, 0x34, 0xff,
    0xff, 0xff, 0xff, 0xec, 0x0, 0x0, 0x0, 0x0,

    /* U+0035 "5" */
    0x0, 0x3c, 0xff, 0xff, 0xff, 0xff, 0xff, 0xff,
    0xff, 0xff, 0xff, 0xff, 0xff, 0xff, 0xff, 0xff,
    0x3c, 0x0, 0x0, 0x4a, 0xff, 0xff, 0xff, 0xff,
    0xff, 0xff, 0xff, 0xff, 0xff, 0xff, 0xff, 0xff,
    0xff, 0xff, 0x3c, 0x0, 0x0, 0x58, 0xff, 0xff,
    0xff, 0xff, 0xff, 0xff, 0xff, 0xff, 0xff, 0xff,
    0xff, 0xff, 0xff, 0xff, 0x3c, 0x0, 0x0, 0x66,
    0xff, 0xff, 0xff, 0xff, 0xff, 0xff, 0xff, 0xff,
    0xff, 0xff, 0xff, 0xff, 0xff, 0xff, 0x3c, 0x0,
    0x0, 0x74, 0xff, 0xff, 0xff, 0xff, 0xda, 0xcc,
    0xcc, 0xcc, 0xcc, 0xcc, 0xcc, 0xcc, 0xcc, 0xcc,
    0x2f, 0x0, 0x0, 0x82, 0xff, 0xff, 0xff, 0xff,
    0x38, 0x0, 0x0, 0x0, 0x0, 0x0, 0x0, 0x0,
    0x0, 0x0, 0x0, 0x0, 0x0, 0x90, 0xff, 0xff,
    0xff, 0xff, 0x22, 0x0, 0x0, 0x0, 0x0, 0x0,
    0x0, 0x0, 0x0, 0x0, 0x0, 0x0, 0x0, 0x9e,
    0xff, 0xff, 0xff, 0xff, 0xc, 0x0, 0x0, 0x0,
    0x0, 0x0, 0x0, 0x0, 0x0, 0x0, 0x0, 0x0,
    0x0, 0xac, 0xff, 0xff, 0xff, 0xf6, 0x0, 0x0,
    0x0, 0x0, 0x0, 0x0, 0x0, 0x0, 0x0, 0x0,
    0x0, 0x0, 0x0, 0xba, 0xff, 0xff, 0xff, 0xe0,
    0x0, 0xb, 0x36, 0x49, 0x42, 0x27, 0x0, 0x0,
    0x0, 0x0, 0x0, 0x0, 0x0, 0xc8, 0xff, 0xff,
    0xff, 0xdc, 0xa5, 0xf9, 0xff, 0xff, 0xff, 0xff,
    0xe5, 0x7d, 0x9, 0x0, 0x0, 0x0, 0x0, 0xd6,
    0xff, 0xff, 0xff, 0xff, 0xff, 0xff, 0xff, 0xff,
    0xff, 0xff, 0xff, 0xff, 0xcf, 0x18, 0x0, 0x0,
    0x0, 0xe4, 0xff, 0xff, 0xff, 0xff, 0xff, 0xff,
    0xff, 0xff, 0xff, 0xff, 0xff, 0xff, 0xff, 0xc7,
    0x3, 0x0, 0x0, 0xf2, 0xff, 0xff, 0xff, 0xff,
    0xff, 0xff, 0xff, 0xff, 0xff, 0xff, 0xff, 0xff,
    0xff, 0xff, 0x67, 0x0, 0x1, 0xfe, 0xff, 0xff,
    0xff, 0xf8, 0x79, 0x20, 0x6, 0x1a, 0x70, 0xf8,
    0xff, 0xff, 0xff, 0xff, 0xd2, 0x0, 0xc, 0xf0,
    0xf0, 0xf0, 0xf0, 0x4f, 0x0, 0x0, 0x0, 0x0,
    0x0, 0x63, 0xff, 0xff, 0xff, 0xff, 0xff, 0x18,
    0x0, 0x0, 0x0, 0x0, 0x0, 0x0, 0x0, 0x0,
    0x0, 0x0, 0x0, 0x5, 0xf1, 0xff, 0xff, 0xff,
    0xff, 0x4a, 0x0, 0x0, 0x0, 0x0, 0x0, 0x0,
    0x0, 0x0, 0x0, 0x0, 0x0, 0x0, 0xc5, 0xff,
    0xff, 0xff, 0xff, 0x5f, 0x0, 0x0, 0x0, 0x0,
    0x0, 0x0, 0x0, 0x0, 0x0, 0x0, 0x0, 0x0,
    0xb4, 0xff, 0xff, 0xff, 0xff, 0x6b, 0x0, 0x0,
    0x0, 0x0, 0x0, 0x0, 0x0, 0x0, 0x0, 0x0,
    0x0, 0x0, 0xba, 0xff, 0xff, 0xff, 0xff, 0x5e,
    0x29, 0x84, 0x84, 0x84, 0x84, 0x49, 0x0, 0x0,
    0x0, 0x0, 0x0, 0x0, 0xd9, 0xff, 0xff, 0xff,
    0xff, 0x4a, 0x2f, 0xff, 0xff, 0xff, 0xff, 0xaf,
    0x0, 0x0, 0x0, 0x0, 0x0, 0x1f, 0xfe, 0xff,
    0xff, 0xff, 0xff, 0x18, 0x5, 0xee, 0xff, 0xff,
    0xff, 0xfb, 0x30, 0x0, 0x0, 0x0, 0x1, 0xaa,
    0xff, 0xff, 0xff, 0xff, 0xd7, 0x0, 0x0, 0x97,
    0xff, 0xff, 0xff, 0xff, 0xf4, 0x89, 0x5b, 0x67,
    0xc3, 0xff, 0xff, 0xff, 0xff, 0xff, 0x6f, 0x0,
    0x0, 0x1b, 0xf3, 0xff, 0xff, 0xff, 0xff, 0xff,
    0xff, 0xff, 0xff, 0xff, 0xff, 0xff, 0xff, 0xda,
    0xa, 0x0, 0x0, 0x0, 0x4e, 0xfb, 0xff, 0xff,
    0xff, 0xff, 0xff, 0xff, 0xff, 0xff, 0xff, 0xff,
    0xf0, 0x33, 0x0, 0x0, 0x0, 0x0, 0x0, 0x41,
    0xe2, 0xff, 0xff, 0xff, 0xff, 0xff, 0xff, 0xff,
    0xff, 0xd5, 0x2e, 0x0, 0x0, 0x0, 0x0, 0x0,
    0x0, 0x0, 0x7, 0x61, 0xb0, 0xe3, 0xf7, 0xf5,
    0xdf, 0xaa, 0x5a, 0x3, 0x0, 0x0, 0x0, 0x0,

    /* U+0036 "6" */
    0x0, 0x0, 0x0, 0x0, 0x0, 0x0, 0x0, 0x0,
    0x1, 0xc5, 0xff, 0xff, 0xff, 0xff, 0xea, 0x13,
    0x0, 0x0, 0x0, 0x0, 0x0, 0x0, 0x0, 0x0,
    0x0, 0x0, 0x5c, 0xff, 0xff, 0xff, 0xff, 0xff,
    0x58, 0x0, 0x0, 0x0, 0x0, 0x0, 0x0, 0x0,
    0x0, 0x0, 0x0, 0xb, 0xe5, 0xff, 0xff, 0xff,
    0xff, 0xb3, 0x0, 0x0, 0x0, 0x0, 0x0, 0x0,
    0x0, 0x0, 0x0, 0x0, 0x0, 0x86, 0xff, 0xff,
    0xff, 0xff, 0xf2, 0x1c, 0x0, 0x0, 0x0, 0x0,
    0x0, 0x0, 0x0, 0x0, 0x0, 0x0, 0x22, 0xf8,
    0xff, 0xff, 0xff, 0xff, 0x69, 0x0, 0x0, 0x0,
    0x0, 0x0, 0x0, 0x0, 0x0, 0x0, 0x0, 0x0,
    0xb0, 0xff, 0xff, 0xff, 0xff, 0xc3, 0x1, 0x0,
    0x0, 0x0, 0x0, 0x0, 0x0, 0x0, 0x0, 0x0,
    0x0, 0x45, 0xff, 0xff, 0xff, 0xff, 0xf8, 0x27,
    0x0, 0x0, 0x0, 0x0, 0x0, 0x0, 0x0, 0x0,
    0x0, 0x0, 0x4, 0xd5, 0xff, 0xff, 0xff, 0xff,
    0x7a, 0x0, 0x0, 0x0, 0x0, 0x0, 0x0, 0x0,
    0x0, 0x0, 0x0, 0x0, 0x6f, 0xff, 0xff, 0xff,
    0xff, 0xd0, 0x4, 0x0, 0x0, 0x0, 0x0, 0x0,
    0x0, 0x0, 0x0, 0x0, 0x0, 0x14, 0xef, 0xff,
    0xff, 0xff, 0xfc, 0x34, 0x0, 0x0, 0x0, 0x0,
    0x0, 0x0, 0x0, 0x0, 0x0, 0x0, 0x0, 0x97,
    0xff, 0xff, 0xff, 0xff, 0xf5, 0xe6, 0xf3, 0xe1,
    0xb3, 0x57, 0x0, 0x0, 0x0, 0x0, 0x0, 0x0,
    0x2a, 0xfc, 0xff, 0xff, 0xff, 0xff, 0xff, 0xff,
    0xff, 0xff, 0xff, 0xff, 0xbc, 0xe, 0x0, 0x0,
    0x0, 0x0, 0xb0, 0xff, 0xff, 0xff, 0xff, 0xff,
    0xff, 0xff, 0xff, 0xff, 0xff, 0xff, 0xff, 0xc3,
    0x3, 0x0, 0x0, 0x30, 0xff, 0xff, 0xff, 0xff,
    0xff, 0xff, 0xff, 0xff, 0xff, 0xff, 0xff, 0xff,
    0xff, 0xff, 0x72, 0x0, 0x0, 0xa5, 0xff, 0xff,
    0xff, 0xff, 0xf3, 0x63, 0xf, 0xf, 0x63, 0xf3,
    0xff, 0xff, 0xff, 0xff, 0xe4, 0x4, 0xa, 0xf8,
    0xff, 0xff, 0xff, 0xff, 0x5b, 0x0, 0x0, 0x0,
    0x0, 0x5b, 0xff, 0xff, 0xff, 0xff, 0xff, 0x3d,
    0x4a, 0xff, 0xff, 0xff, 0xff, 0xde, 0x3, 0x0,
    0x0, 0x0, 0x0, 0x3, 0xde, 0xff, 0xff, 0xff,
    0xff, 0x73, 0x7d, 0xff, 0xff, 0xff, 0xff, 0xa4,
    0x0, 0x0, 0x0, 0x0, 0x0, 0x0, 0xa5, 0xff,
    0xff, 0xff, 0xff, 0x90, 0x94, 0xff, 0xff, 0xff,
    0xff, 0x86, 0x0, 0x0, 0x0, 0x0, 0x0, 0x0,
    0x87, 0xff, 0xff, 0xff, 0xff, 0x9e, 0x9e, 0xff,
    0xff, 0xff, 0xff, 0x8f, 0x0, 0x0, 0x0, 0x0,
    0x0, 0x0, 0x90, 0xff, 0xff, 0xff, 0xff, 0x94,
    0x8d, 0xff, 0xff, 0xff, 0xff, 0xae, 0x0, 0x0,
    0x0, 0x0, 0x0, 0x0, 0xae, 0xff, 0xff, 0xff,
    0xff, 0x80, 0x6a, 0xff, 0xff, 0xff, 0xff, 0xf3,
    0x10, 0x0, 0x0, 0x0, 0x0, 0x10, 0xf3, 0xff,
    0xff, 0xff, 0xff, 0x4f, 0x2a, 0xff, 0xff, 0xff,
    0xff, 0xff, 0x8d, 0x0, 0x0, 0x0, 0x0, 0x8e,
    0xff, 0xff, 0xff, 0xff, 0xf9, 0x12, 0x0, 0xc7,
    0xff, 0xff, 0xff, 0xff, 0xff, 0xb1, 0x5e, 0x5e,
    0xb1, 0xff, 0xff, 0xff, 0xff, 0xff, 0xa0, 0x0,
    0x0, 0x40, 0xfd, 0xff, 0xff, 0xff, 0xff, 0xff,
    0xff, 0xff, 0xff, 0xff, 0xff, 0xff, 0xff, 0xf1,
    0x21, 0x0, 0x0, 0x0, 0x78, 0xff, 0xff, 0xff,
    0xff, 0xff, 0xff, 0xff, 0xff, 0xff, 0xff, 0xff,
    0xfa, 0x50, 0x0, 0x0, 0x0, 0x0, 0x0, 0x60,
    0xef, 0xff, 0xff, 0xff, 0xff, 0xff, 0xff, 0xff,
    0xff, 0xe0, 0x42, 0x0, 0x0, 0x0, 0x0, 0x0,
    0x0, 0x0, 0xf, 0x71, 0xb8, 0xe4, 0xf7, 0xf5,
    0xe0, 0xae, 0x62, 0x6, 0x0, 0x0, 0x0, 0x0,

    /* U+0037 "7" */
    0x7c, 0xff, 0xff, 0xff, 0xff, 0xff, 0xff, 0xff,
    0xff, 0xff, 0xff, 0xff, 0xff, 0xff, 0xff, 0xff,
    0xff, 0xc5, 0x7c, 0xff, 0xff, 0xff, 0xff, 0xff,
    0xff, 0xff, 0xff, 0xff, 0xff, 0xff, 0xff, 0xff,
    0xff, 0xff, 0xff, 0x6a, 0x7c, 0xff, 0xff, 0xff,
    0xff, 0xff, 0xff, 0xff, 0xff, 0xff, 0xff, 0xff,
    0xff, 0xff, 0xff, 0xff, 0xfb, 0x14, 0x7c, 0xff,
    0xff, 0xff, 0xff, 0xff, 0xff, 0xff, 0xff, 0xff,
    0xff, 0xff, 0xff, 0xff, 0xff, 0xff, 0xb4, 0x0,
    0x62, 0xcc, 0xcc, 0xcc, 0xcc, 0xcc, 0xcc, 0xcc,
    0xcc, 0xcc, 0xd4, 0xff, 0xff, 0xff, 0xff, 0xff,
    0x59, 0x0, 0x0, 0x0, 0x0, 0x0, 0x0, 0x0,
    0x0, 0x0, 0x0, 0x0, 0x65, 0xff, 0xff, 0xff,
    0xff, 0xf4, 0xa, 0x0, 0x0, 0x0, 0x0, 0x0,
    0x0, 0x0, 0x0, 0x0, 0x0, 0x0, 0xc7, 0xff,
    0xff, 0xff, 0xff, 0xa3, 0x0, 0x0, 0x0, 0x0,
    0x0, 0x0, 0x0, 0x0, 0x0, 0x0, 0x0, 0x29,
    0xff, 0xff, 0xff, 0xff, 0xff, 0x48, 0x0, 0x0,
    0x0, 0x0, 0x0, 0x0, 0x0, 0x0, 0x0, 0x0,
    0x0, 0x8b, 0xff, 0xff, 0xff, 0xff, 0xe9, 0x4,
    0x0, 0x0, 0x0, 0x0, 0x0, 0x0, 0x0, 0x0,
    0x0, 0x0, 0x4, 0xe8, 0xff, 0xff, 0xff, 0xff,
    0x92, 0x0, 0x0, 0x0, 0x0, 0x0, 0x0, 0x0,
    0x0, 0x0, 0x0, 0x0, 0x4f, 0xff, 0xff, 0xff,
    0xff, 0xff, 0x37, 0x0, 0x0, 0x0, 0x0, 0x0,
    0x0, 0x0, 0x0, 0x0, 0x0, 0x0, 0xb1, 0xff,
    0xff, 0xff, 0xff, 0xdc, 0x0, 0x0, 0x0, 0x0,
    0x0, 0x0, 0x0, 0x0, 0x0, 0x0, 0x0, 0x17,
    0xfb, 0xff, 0xff, 0xff, 0xff, 0x81, 0x0, 0x0,
    0x0, 0x0, 0x0, 0x0, 0x0, 0x0, 0x0, 0x0,
    0x0, 0x75, 0xff, 0xff, 0xff, 0xff, 0xff, 0x27,
    0x0, 0x0, 0x0, 0x0, 0x0, 0x0, 0x0, 0x0,
    0x0, 0x0, 0x0, 0xd6, 0xff, 0xff, 0xff, 0xff,
    0xcb, 0x0, 0x0, 0x0, 0x0, 0x0, 0x0, 0x0,
    0x0, 0x0, 0x0, 0x0, 0x38, 0xff, 0xff, 0xff,
    0xff, 0xff, 0x70, 0x0, 0x0, 0x0, 0x0, 0x0,
    0x0, 0x0, 0x0, 0x0, 0x0, 0x0, 0x9a, 0xff,
    0xff, 0xff, 0xff, 0xfd, 0x19, 0x0, 0x0, 0x0,
    0x0, 0x0, 0x0, 0x0, 0x0, 0x0, 0x0, 0xa,
    0xf1, 0xff, 0xff, 0xff, 0xff, 0xba, 0x0, 0x0,
    0x0, 0x0, 0x0, 0x0, 0x0, 0x0, 0x0, 0x0,
    0x0, 0x5e, 0xff, 0xff, 0xff, 0xff, 0xff, 0x5f,
    0x0, 0x0, 0x0, 0x0, 0x0, 0x0, 0x0, 0x0,
    0x0, 0x0, 0x0, 0xc0, 0xff, 0xff, 0xff, 0xff,
    0xf7, 0xe, 0x0, 0x0, 0x0, 0x0, 0x0, 0x0,
    0x0, 0x0, 0x0, 0x0, 0x22, 0xfe, 0xff, 0xff,
    0xff, 0xff, 0xa9, 0x0, 0x0, 0x0, 0x0, 0x0,
    0x0, 0x0, 0x0, 0x0, 0x0, 0x0, 0x84, 0xff,
    0xff, 0xff, 0xff, 0xff, 0x4e, 0x0, 0x0, 0x0,
    0x0, 0x0, 0x0, 0x0, 0x0, 0x0, 0x0, 0x2,
    0xe2, 0xff, 0xff, 0xff, 0xff, 0xed, 0x6, 0x0,
    0x0, 0x0, 0x0, 0x0, 0x0, 0x0, 0x0, 0x0,
    0x0, 0x48, 0xff, 0xff, 0xff, 0xff, 0xff, 0x98,
    0x0, 0x0, 0x0, 0x0, 0x0, 0x0, 0x0, 0x0,
    0x0, 0x0, 0x0, 0xaa, 0xff, 0xff, 0xff, 0xff,
    0xff, 0x3d, 0x0, 0x0, 0x0, 0x0, 0x0, 0x0,
    0x0, 0x0, 0x0, 0x0, 0x12, 0xf8, 0xff, 0xff,
    0xff, 0xff, 0xe1, 0x1, 0x0, 0x0, 0x0, 0x0,
    0x0, 0x0, 0x0, 0x0, 0x0, 0x0, 0x6e, 0xff,
    0xff, 0xff, 0xff, 0xff, 0x87, 0x0, 0x0, 0x0,
    0x0, 0x0, 0x0, 0x0, 0x0, 0x0, 0x0, 0x0,
    0xcf, 0xff, 0xff, 0xff, 0xff, 0xff, 0x2d, 0x0,
    0x0, 0x0, 0x0, 0x0, 0x0, 0x0, 0x0, 0x0,

    /* U+0038 "8" */
    0x0, 0x0, 0x0, 0x0, 0x19, 0x7b, 0xbb, 0xe5,
    0xf6, 0xf7, 0xe5, 0xbb, 0x7b, 0x18, 0x0, 0x0,
    0x0, 0x0, 0x0, 0x0, 0x2, 0x7b, 0xfa, 0xff,
    0xff, 0xff, 0xff, 0xff, 0xff, 0xff, 0xff, 0xf9,
    0x78, 0x2, 0x0, 0x0, 0x0, 0x0, 0x99, 0xff,
    0xff, 0xff, 0xff, 0xff, 0xff, 0xff, 0xff, 0xff,
    0xff, 0xff, 0xff, 0x95, 0x0, 0x0, 0x0, 0x54,
    0xff, 0xff, 0xff, 0xff, 0xff, 0xff, 0xff, 0xff,
    0xff, 0xff, 0xff, 0xff, 0xff, 0xff, 0x52, 0x0,
    0x0, 0xcf, 0xff, 0xff, 0xff, 0xff, 0xff, 0xa9,
    0x66, 0x65, 0xaa, 0xff, 0xff, 0xff, 0xff, 0xff,
    0xcd, 0x0, 0x18, 0xff, 0xff, 0xff, 0xff, 0xff,
    0x70, 0x0, 0x0, 0x0, 0x0, 0x74, 0xff, 0xff,
    0xff, 0xff, 0xff, 0x18, 0x39, 0xff, 0xff, 0xff,
    0xff, 0xe8, 0x2, 0x0, 0x0, 0x0, 0x0, 0x2,
    0xe9, 0xff, 0xff, 0xff, 0xff, 0x38, 0x3f, 0xff,
    0xff, 0xff, 0xff, 0xc2, 0x0, 0x0, 0x0, 0x0,
    0x0, 0x0, 0xc3, 0xff, 0xff, 0xff, 0xff, 0x3e,
    0x25, 0xff, 0xff, 0xff, 0xff, 0xd9, 0x0, 0x0,
    0x0, 0x0, 0x0, 0x0, 0xdb, 0xff, 0xff, 0xff,
    0xff, 0x24, 0x1, 0xe1, 0xff, 0xff, 0xff, 0xfe,
    0x39, 0x0, 0x0, 0x0, 0x0, 0x3b, 0xfe, 0xff,
    0xff, 0xff, 0xe1, 0x1, 0x0, 0x76, 0xff, 0xff,
    0xff, 0xff, 0xe6, 0x57, 0x14, 0x15, 0x58, 0xe7,
    0xff, 0xff, 0xff, 0xff, 0x76, 0x0, 0x0, 0x3,
    0xbc, 0xff, 0xff, 0xff, 0xff, 0xff, 0xff, 0xff,
    0xff, 0xff, 0xff, 0xff, 0xff, 0xbc, 0x3, 0x0,
    0x0, 0x0, 0x6, 0xbe, 0xff, 0xff, 0xff, 0xff,
    0xff, 0xff, 0xff, 0xff, 0xff, 0xff, 0xbe, 0x6,
    0x0, 0x0, 0x0, 0x1, 0x8f, 0xfe, 0xff, 0xff,
    0xff, 0xff, 0xff, 0xff, 0xff, 0xff, 0xff, 0xff,
    0xfe, 0x8f, 0x0, 0x0, 0x0, 0x70, 0xff, 0xff,
    0xff, 0xff, 0xff, 0xf7, 0xc2, 0xc2, 0xf8, 0xff,
    0xff, 0xff, 0xff, 0xff, 0x6e, 0x0, 0x7, 0xf2,
    0xff, 0xff, 0xff, 0xff, 0xc7, 0x18, 0x0, 0x0,
    0x18, 0xc8, 0xff, 0xff, 0xff, 0xff, 0xf2, 0x7,
    0x4d, 0xff, 0xff, 0xff, 0xff, 0xfc, 0x26, 0x0,
    0x0, 0x0, 0x0, 0x26, 0xfd, 0xff, 0xff, 0xff,
    0xff, 0x4c, 0x7e, 0xff, 0xff, 0xff, 0xff, 0xb9,
    0x0, 0x0, 0x0, 0x0, 0x0, 0x0, 0xb9, 0xff,
    0xff, 0xff, 0xff, 0x7c, 0x94, 0xff, 0xff, 0xff,
    0xff, 0x93, 0x0, 0x0, 0x0, 0x0, 0x0, 0x0,
    0x94, 0xff, 0xff, 0xff, 0xff, 0x93, 0x9e, 0xff,
    0xff, 0xff, 0xff, 0x86, 0x0, 0x0, 0x0, 0x0,
    0x0, 0x0, 0x87, 0xff, 0xff, 0xff, 0xff, 0x9d,
    0x8d, 0xff, 0xff, 0xff, 0xff, 0xa5, 0x0, 0x0,
    0x0, 0x0, 0x0, 0x0, 0xa6, 0xff, 0xff, 0xff,
    0xff, 0x8b, 0x6a, 0xff, 0xff, 0xff, 0xff, 0xe6,
    0x8, 0x0, 0x0, 0x0, 0x0, 0x8, 0xe6, 0xff,
    0xff, 0xff, 0xff, 0x68, 0x2a, 0xff, 0xff, 0xff,
    0xff, 0xff, 0x7d, 0x0, 0x0, 0x0, 0x0, 0x7e,
    0xff, 0xff, 0xff, 0xff, 0xff, 0x29, 0x0, 0xc7,
    0xff, 0xff, 0xff, 0xff, 0xff, 0xaa, 0x5d, 0x5d,
    0xaa, 0xff, 0xff, 0xff, 0xff, 0xff, 0xc5, 0x0,
    0x0, 0x41, 0xfd, 0xff, 0xff, 0xff, 0xff, 0xff,
    0xff, 0xff, 0xff, 0xff, 0xff, 0xff, 0xff, 0xfd,
    0x3f, 0x0, 0x0, 0x0, 0x79, 0xff, 0xff, 0xff,
    0xff, 0xff, 0xff, 0xff, 0xff, 0xff, 0xff, 0xff,
    0xff, 0x75, 0x0, 0x0, 0x0, 0x0, 0x0, 0x60,
    0xef, 0xff, 0xff, 0xff, 0xff, 0xff, 0xff, 0xff,
    0xff, 0xee, 0x5e, 0x0, 0x0, 0x0, 0x0, 0x0,
    0x0, 0x0, 0xf, 0x70, 0xb6, 0xe3, 0xf7, 0xf6,
    0xe3, 0xb6, 0x70, 0xe, 0x0, 0x0, 0x0, 0x0,

    /* U+0039 "9" */
    0x0, 0x0, 0x0, 0x0, 0xf, 0x71, 0xb5, 0xe2,
    0xf5, 0xf6, 0xe2, 0xb5, 0x6f, 0xe, 0x0, 0x0,
    0x0, 0x0, 0x0, 0x0, 0x0, 0x65, 0xf1, 0xff,
    0xff, 0xff, 0xff, 0xff, 0xff, 0xff, 0xff, 0xee,
    0x5d, 0x0, 0x0, 0x0, 0x0, 0x0, 0x85, 0xff,
    0xff, 0xff, 0xff, 0xff, 0xff, 0xff, 0xff, 0xff,
    0xff, 0xff, 0xff, 0x74, 0x0, 0x0, 0x0, 0x50,
    0xff, 0xff, 0xff, 0xff, 0xff, 0xff, 0xff, 0xff,
    0xff, 0xff, 0xff, 0xff, 0xff, 0xfd, 0x3f, 0x0,
    0x2, 0xd8, 0xff, 0xff, 0xff, 0xff, 0xfd, 0xa1,
    0x5d, 0x5c, 0xa1, 0xfd, 0xff, 0xff, 0xff, 0xff,
    0xc6, 0x0, 0x39, 0xff, 0xff, 0xff, 0xff, 0xff,
    0x66, 0x0, 0x0, 0x0, 0x0, 0x67, 0xff, 0xff,
    0xff, 0xff, 0xff, 0x2a, 0x78, 0xff, 0xff, 0xff,
    0xff, 0xd2, 0x1, 0x0, 0x0, 0x0, 0x0, 0x1,
    0xd3, 0xff, 0xff, 0xff, 0xff, 0x6a, 0x94, 0xff,
    0xff, 0xff, 0xff, 0x98, 0x0, 0x0, 0x0, 0x0,
    0x0, 0x0, 0x99, 0xff, 0xff, 0xff, 0xff, 0x8c,
    0x9f, 0xff, 0xff, 0xff, 0xff, 0x86, 0x0, 0x0,
    0x0, 0x0, 0x0, 0x0, 0x86, 0xff, 0xff, 0xff,
    0xff, 0x9e, 0x90, 0xff, 0xff, 0xff, 0xff, 0xa7,
    0x0, 0x0, 0x0, 0x0, 0x0, 0x0, 0xa8, 0xff,
    0xff, 0xff, 0xff, 0x92, 0x67, 0xff, 0xff, 0xff,
    0xff, 0xf2, 0x16, 0x0, 0x0, 0x0, 0x0, 0x17,
    0xf2, 0xff, 0xff, 0xff, 0xff, 0x7c, 0x22, 0xfe,
    0xff, 0xff, 0xff, 0xff, 0xbb, 0x17, 0x0, 0x0,
    0x17, 0xbb, 0xff, 0xff, 0xff, 0xff, 0xff, 0x48,
    0x0, 0xb1, 0xff, 0xff, 0xff, 0xff, 0xff, 0xfa,
    0xcf, 0xcf, 0xfa, 0xff, 0xff, 0xff, 0xff, 0xff,
    0xf7, 0x9, 0x0, 0x1d, 0xec, 0xff, 0xff, 0xff,
    0xff, 0xff, 0xff, 0xff, 0xff, 0xff, 0xff, 0xff,
    0xff, 0xff, 0xa3, 0x0, 0x0, 0x0, 0x2c, 0xdf,
    0xff, 0xff, 0xff, 0xff, 0xff, 0xff, 0xff, 0xff,
    0xff, 0xff, 0xff, 0xff, 0x2f, 0x0, 0x0, 0x0,
    0x0, 0x8, 0x6e, 0xbf, 0xeb, 0xfb, 0xf0, 0xea,
    0xff, 0xff, 0xff, 0xff, 0xff, 0xaf, 0x0, 0x0,
    0x0, 0x0, 0x0, 0x0, 0x0, 0x0, 0x0, 0x0,
    0x1, 0xcc, 0xff, 0xff, 0xff, 0xff, 0xfc, 0x2a,
    0x0, 0x0, 0x0, 0x0, 0x0, 0x0, 0x0, 0x0,
    0x0, 0x0, 0x5f, 0xff, 0xff, 0xff, 0xff, 0xff,
    0x97, 0x0, 0x0, 0x0, 0x0, 0x0, 0x0, 0x0,
    0x0, 0x0, 0x0, 0xb, 0xe5, 0xff, 0xff, 0xff,
    0xff, 0xef, 0x14, 0x0, 0x0, 0x0, 0x0, 0x0,
    0x0, 0x0, 0x0, 0x0, 0x0, 0x81, 0xff, 0xff,
    0xff, 0xff, 0xff, 0x6e, 0x0, 0x0, 0x0, 0x0,
    0x0, 0x0, 0x0, 0x0, 0x0, 0x0, 0x1b, 0xf5,
    0xff, 0xff, 0xff, 0xff, 0xd5, 0x4, 0x0, 0x0,
    0x0, 0x0, 0x0, 0x0, 0x0, 0x0, 0x0, 0x0,
    0xa2, 0xff, 0xff, 0xff, 0xff, 0xff, 0x44, 0x0,
    0x0, 0x0, 0x0, 0x0, 0x0, 0x0, 0x0, 0x0,
    0x0, 0x34, 0xfe, 0xff, 0xff, 0xff, 0xff, 0xaf,
    0x0, 0x0, 0x0, 0x0, 0x0, 0x0, 0x0, 0x0,
    0x0, 0x0, 0x0, 0xc3, 0xff, 0xff, 0xff, 0xff,
    0xf8, 0x22, 0x0, 0x0, 0x0, 0x0, 0x0, 0x0,
    0x0, 0x0, 0x0, 0x0, 0x55, 0xff, 0xff, 0xff,
    0xff, 0xff, 0x85, 0x0, 0x0, 0x0, 0x0, 0x0,
    0x0, 0x0, 0x0, 0x0, 0x0, 0x7, 0xde, 0xff,
    0xff, 0xff, 0xff, 0xe4, 0xb, 0x0, 0x0, 0x0,
    0x0, 0x0, 0x0, 0x0, 0x0, 0x0, 0x0, 0x77,
    0xff, 0xff, 0xff, 0xff, 0xff, 0x5b, 0x0, 0x0,
    0x0, 0x0, 0x0, 0x0, 0x0, 0x0, 0x0, 0x0,
    0x16, 0xf1, 0xff, 0xff, 0xff, 0xff, 0xc5, 0x0,
    0x0, 0x0, 0x0, 0x0, 0x0, 0x0, 0x0, 0x0,

    /* U+003A ":" */
    0x0, 0x0, 0x1a, 0x1d, 0x0, 0x0, 0x14, 0xc1,
    0xff, 0xff, 0xc8, 0x17, 0x9d, 0xff, 0xff, 0xff,
    0xff, 0x9f, 0xe2, 0xff, 0xff, 0xff, 0xff, 0xe2,
    0xdd, 0xff, 0xff, 0xff, 0xff, 0xdd, 0x8a, 0xff,
    0xff, 0xff, 0xff, 0x8d, 0x9, 0x94, 0xe9, 0xeb,
    0x9b, 0xb, 0x0, 0x0, 0x0, 0x0, 0x0, 0x0,
    0x0, 0x0, 0x0, 0x0, 0x0, 0x0, 0x0, 0x0,
    0x0, 0x0, 0x0, 0x0, 0x0, 0x0, 0x0, 0x0,
    0x0, 0x0, 0x0, 0x0, 0x0, 0x0, 0x0, 0x0,
    0x0, 0x0, 0x1e, 0x21, 0x1, 0x0, 0x16, 0xc4,
    0xff, 0xff, 0xcc, 0x19, 0x9e, 0xff, 0xff, 0xff,
    0xff, 0xa0, 0xe2, 0xff, 0xff, 0xff, 0xff, 0xe2,
    0xdd, 0xff, 0xff, 0xff, 0xff, 0xdd, 0x8a, 0xff,
    0xff, 0xff, 0xff, 0x8d, 0x9, 0x94, 0xe9, 0xeb,
    0x9b, 0xb,

    /* U+0041 "A" */
    0x0, 0x0, 0x0, 0x0, 0x0, 0x0, 0x0, 0xb7,
    0xff, 0xff, 0xff, 0xff, 0xae, 0x0, 0x0, 0x0,
    0x0, 0x0, 0x0, 0x0, 0x0, 0x0, 0x0, 0x0,
    0x0, 0x0, 0x2, 0xf1, 0xff, 0xff, 0xff, 0xff,
    0xea, 0x0, 0x0, 0x0, 0x0, 0x0, 0x0, 0x0,
    0x0, 0x0, 0x0, 0x0, 0x0, 0x0, 0x31, 0xff,
    0xff, 0xff, 0xff, 0xff, 0xff, 0x29, 0x0, 0x0,
    0x0, 0x0, 0x0, 0x0, 0x0, 0x0, 0x0, 0x0,
    0x0, 0x0, 0x6e, 0xff, 0xff, 0xff, 0xff, 0xff,
    0xff, 0x66, 0x0, 0x0, 0x0, 0x0, 0x0, 0x0,
    0x0, 0x0, 0x0, 0x0, 0x0, 0x0, 0xab, 0xff,
    0xff, 0xff, 0xff, 0xff, 0xff, 0xa4, 0x0, 0x0,
    0x0, 0x0, 0x0, 0x0, 0x0, 0x0, 0x0, 0x0,
    0x0, 0x0, 0xe7, 0xff, 0xff, 0xff, 0xff, 0xff,
    0xff, 0xe1, 0x0, 0x0, 0x0, 0x0, 0x0, 0x0,
    0x0, 0x0, 0x0, 0x0, 0x0, 0x26, 0xff, 0xff,
    0xff, 0xff, 0xff, 0xff, 0xff, 0xff, 0x1e, 0x0,
    0x0, 0x0, 0x0, 0x0, 0x0, 0x0, 0x0, 0x0,
    0x0, 0x63, 0xff, 0xff, 0xff, 0xff, 0xff, 0xff,
    0xff, 0xff, 0x5c, 0x0, 0x0, 0x0, 0x0, 0x0,
    0x0, 0x0, 0x0, 0x0, 0x0, 0xa0, 0xff, 0xff,
    0xff, 0xff, 0xff, 0xff, 0xff, 0xff, 0x99, 0x0,
    0x0, 0x0, 0x0, 0x0, 0x0, 0x0, 0x0, 0x0,
    0x0, 0xdd, 0xff, 0xff, 0xff, 0xc8, 0xfa, 0xff,
    0xff, 0xff, 0xd7, 0x0, 0x0, 0x0, 0x0, 0x0,
    0x0, 0x0, 0x0, 0x0, 0x1a, 0xff, 0xff, 0xff,
    0xff, 0x89, 0xcd, 0xff, 0xff, 0xff, 0xff, 0x15,
    0x0, 0x0, 0x0, 0x0, 0x0, 0x0, 0x0, 0x0,
    0x57, 0xff, 0xff, 0xff, 0xff, 0x52, 0x99, 0xff,
    0xff, 0xff, 0xff, 0x52, 0x0, 0x0, 0x0, 0x0,
    0x0, 0x0, 0x0, 0x0, 0x94, 0xff, 0xff, 0xff,
    0xff, 0x1c, 0x64, 0xff, 0xff, 0xff, 0xff, 0x8f,
    0x0, 0x0, 0x0, 0x0, 0x0, 0x0, 0x0, 0x0,
    0xd2, 0xff, 0xff, 0xff, 0xe5, 0x0, 0x2f, 0xff,
    0xff, 0xff, 0xff, 0xcc, 0x0, 0x0, 0x0, 0x0,
    0x0, 0x0, 0x0, 0x10, 0xfe, 0xff, 0xff, 0xff,
    0xae, 0x0, 0x4, 0xf6, 0xff, 0xff, 0xff, 0xfc,
    0xd, 0x0, 0x0, 0x0, 0x0, 0x0, 0x0, 0x4c,
    0xff, 0xff, 0xff, 0xff, 0x77, 0x0, 0x0, 0xc5,
    0xff, 0xff, 0xff, 0xff, 0x47, 0x0, 0x0, 0x0,
    0x0, 0x0, 0x0, 0x89, 0xff, 0xff, 0xff, 0xff,
    0x40, 0x0, 0x0, 0x90, 0xff, 0xff, 0xff, 0xff,
    0x85, 0x0, 0x0, 0x0, 0x0, 0x0, 0x0, 0xc6,
    0xff, 0xff, 0xff, 0xfd, 0xc, 0x0, 0x0, 0x5b,
    0xff, 0xff, 0xff, 0xff, 0xc2, 0x0, 0x0, 0x0,
    0x0, 0x0, 0x9, 0xf9, 0xff, 0xff, 0xff, 0xd3,
    0x0, 0x0, 0x0, 0x26, 0xff, 0xff, 0xff, 0xff,
    0xf8, 0x7, 0x0, 0x0, 0x0, 0x0, 0x40, 0xff,
    0xff, 0xff, 0xff, 0xff, 0xff, 0xff, 0xff, 0xff,
    0xff, 0xff, 0xff, 0xff, 0xff, 0x3d, 0x0, 0x0,
    0x0, 0x0, 0x7e, 0xff, 0xff, 0xff, 0xff, 0xff,
    0xff, 0xff, 0xff, 0xff, 0xff, 0xff, 0xff, 0xff,
    0xff, 0x7a, 0x0, 0x0, 0x0, 0x0, 0xbb, 0xff,
    0xff, 0xff, 0xff, 0xff, 0xff, 0xff, 0xff, 0xff,
    0xff, 0xff, 0xff, 0xff, 0xff, 0xb8, 0x0, 0x0,
    0x0, 0x4, 0xf3, 0xff, 0xff, 0xff, 0xff, 0xff,
    0xff, 0xff, 0xff, 0xff, 0xff, 0xff, 0xff, 0xff,
    0xff, 0xf2, 0x3, 0x0, 0x0, 0x35, 0xff, 0xff,
    0xff, 0xff, 0xec, 0xc0, 0xc0, 0xc0, 0xc0, 0xc0,
    0xc3, 0xff, 0xff, 0xff, 0xff, 0xff, 0x33, 0x0,
    0x0, 0x72, 0xff, 0xff, 0xff, 0xff, 0x90, 0x0,
    0x0, 0x0, 0x0, 0x0, 0x0, 0xea, 0xff, 0xff,
    0xff, 0xff, 0x70, 0x0, 0x0, 0xaf, 0xff, 0xff,
    0xff, 0xff, 0x5b, 0x0, 0x0, 0x0, 0x0, 0x0,
    0x0, 0xb3, 0xff, 0xff, 0xff, 0xff, 0xae, 0x0,
    0x0, 0xeb, 0xff, 0xff, 0xff, 0xff, 0x26, 0x0,
    0x0, 0x0, 0x0, 0x0, 0x0, 0x7c, 0xff, 0xff,
    0xff, 0xff, 0xea, 0x0, 0x29, 0xff, 0xff, 0xff,
    0xff, 0xf0, 0x1, 0x0, 0x0, 0x0, 0x0, 0x0,
    0x0, 0x44, 0xff, 0xff, 0xff, 0xff, 0xff, 0x29,

    /* U+0042 "B" */
    0xff, 0xff, 0xff, 0xff, 0xff, 0xff, 0xff, 0xff,
    0xff, 0xf2, 0xd8, 0x9c, 0x38, 0x0, 0x0, 0x0,
    0x0, 0xff, 0xff, 0xff, 0xff, 0xff, 0xff, 0xff,
    0xff, 0xff, 0xff, 0xff, 0xff, 0xff, 0x9b, 0x6,
    0x0, 0x0, 0xff, 0xff, 0xff, 0xff, 0xff, 0xff,
    0xff, 0xff, 0xff, 0xff, 0xff, 0xff, 0xff, 0xff,
    0x98, 0x0, 0x0, 0xff, 0xff, 0xff, 0xff, 0xff,
    0xff, 0xff, 0xff, 0xff, 0xff, 0xff, 0xff, 0xff,
    0xff, 0xff, 0x32, 0x0, 0xff, 0xff, 0xff, 0xff,
    0xff, 0x2a, 0xc, 0x16, 0x34, 0x92, 0xfc, 0xff,
    0xff, 0xff, 0xff, 0x97, 0x0, 0xff, 0xff, 0xff,
    0xff, 0xff, 0x20, 0x0, 0x0, 0x0, 0x0, 0x84,
    0xff, 0xff, 0xff, 0xff, 0xd3, 0x0, 0xff, 0xff,
    0xff, 0xff, 0xff, 0x20, 0x0, 0x0, 0x0, 0x0,
    0x32, 0xff, 0xff, 0xff, 0xff, 0xf0, 0x0, 0xff,
    0xff, 0xff, 0xff, 0xff, 0x20, 0x0, 0x0, 0x0,
    0x0, 0x19, 0xff, 0xff, 0xff, 0xff, 0xfa, 0x0,
    0xff, 0xff, 0xff, 0xff, 0xff, 0x20, 0x0, 0x0,
    0x0, 0x0, 0x2c, 0xff, 0xff, 0xff, 0xff, 0xe5,
    0x0, 0xff, 0xff, 0xff, 0xff, 0xff, 0x20, 0x0,
    0x0, 0x0, 0x0, 0x57, 0xff, 0xff, 0xff, 0xff,
    0xbf, 0x0, 0xff, 0xff, 0xff, 0xff, 0xff, 0x20,
    0x0, 0x0, 0x0, 0x7, 0xce, 0xff, 0xff, 0xff,
    0xff, 0x6c, 0x0, 0xff, 0xff, 0xff, 0xff, 0xff,
    0x5b, 0x44, 0x48, 0x6d, 0xd4, 0xff, 0xff, 0xff,
    0xff, 0xd5, 0x8, 0x0, 0xff, 0xff, 0xff, 0xff,
    0xff, 0xff, 0xff, 0xff, 0xff, 0xff, 0xff, 0xff,
    0xff, 0xde, 0x26, 0x0, 0x0, 0xff, 0xff, 0xff,
    0xff, 0xff, 0xff, 0xff, 0xff, 0xff, 0xff, 0xff,
    0xff, 0xff, 0x71, 0x0, 0x0, 0x0, 0xff, 0xff,
    0xff, 0xff, 0xff, 0xff, 0xff, 0xff, 0xff, 0xff,
    0xff, 0xff, 0xff, 0xff, 0xa3, 0x0, 0x0, 0xff,
    0xff, 0xff, 0xff, 0xff, 0x20, 0x0, 0x1, 0x18,
    0x64, 0xee, 0xff, 0xff, 0xff, 0xff, 0x6f, 0x0,
    0xff, 0xff, 0xff, 0xff, 0xff, 0x20, 0x0, 0x0,
    0x0, 0x0, 0x3d, 0xff, 0xff, 0xff, 0xff, 0xe5,
    0x2, 0xff, 0xff, 0xff, 0xff, 0xff, 0x20, 0x0,
    0x0, 0x0, 0x0, 0x0, 0xcd, 0xff, 0xff, 0xff,
    0xff, 0x3c, 0xff, 0xff, 0xff, 0xff, 0xff, 0x20,
    0x0, 0x0, 0x0, 0x0, 0x0, 0x9e, 0xff, 0xff,
    0xff, 0xff, 0x61, 0xff, 0xff, 0xff, 0xff, 0xff,
    0x20, 0x0, 0x0, 0x0, 0x0, 0x0, 0x99, 0xff,
    0xff, 0xff, 0xff, 0x79, 0xff, 0xff, 0xff, 0xff,
    0xff, 0x20, 0x0, 0x0, 0x0, 0x0, 0x0, 0xb9,
    0xff, 0xff, 0xff, 0xff, 0x79, 0xff, 0xff, 0xff,
    0xff, 0xff, 0x20, 0x0, 0x0, 0x0, 0x0, 0x12,
    0xf1, 0xff, 0xff, 0xff, 0xff, 0x68, 0xff, 0xff,
    0xff, 0xff, 0xff, 0x20, 0x0, 0x0, 0x0, 0x0,
    0x99, 0xff, 0xff, 0xff, 0xff, 0xff, 0x3c, 0xff,
    0xff, 0xff, 0xff, 0xff, 0x7b, 0x68, 0x68, 0x7b,
    0xca, 0xff, 0xff, 0xff, 0xff, 0xff, 0xf2, 0x8,
    0xff, 0xff, 0xff, 0xff, 0xff, 0xff, 0xff, 0xff,
    0xff, 0xff, 0xff, 0xff, 0xff, 0xff, 0xff, 0x8d,
    0x0, 0xff, 0xff, 0xff, 0xff, 0xff, 0xff, 0xff,
    0xff, 0xff, 0xff, 0xff, 0xff, 0xff, 0xff, 0xd7,
    0xd, 0x0, 0xff, 0xff, 0xff, 0xff, 0xff, 0xff,
    0xff, 0xff, 0xff, 0xff, 0xff, 0xff, 0xff, 0xbc,
    0x18, 0x0, 0x0, 0xff, 0xff, 0xff, 0xff, 0xff,
    0xff, 0xff, 0xff, 0xfa, 0xeb, 0xcc, 0x95, 0x3d,
    0x0, 0x0, 0x0, 0x0,

    /* U+0043 "C" */
    0x0, 0x0, 0x0, 0x0, 0xf, 0x71, 0xb5, 0xe1,
    0xf4, 0xf8, 0xe6, 0xbb, 0x77, 0x14, 0x0, 0x0,
    0x0, 0x0, 0x0, 0x0, 0x0, 0x5d, 0xef, 0xff,
    0xff, 0xff, 0xff, 0xff, 0xff, 0xff, 0xff, 0xf4,
    0x63, 0x0, 0x0, 0x0, 0x0, 0x0, 0x6a, 0xff,
    0xff, 0xff, 0xff, 0xff, 0xff, 0xff, 0xff, 0xff,
    0xff, 0xff, 0xff, 0x65, 0x0, 0x0, 0x0, 0x29,
    0xf8, 0xff, 0xff, 0xff, 0xff, 0xff, 0xff, 0xff,
    0xff, 0xff, 0xff, 0xff, 0xff, 0xf5, 0x1b, 0x0,
    0x0, 0xa0, 0xff, 0xff, 0xff, 0xff, 0xff, 0xae,
    0x5f, 0x61, 0x9b, 0xfd, 0xff, 0xff, 0xff, 0xff,
    0x86, 0x0, 0x4, 0xf5, 0xff, 0xff, 0xff, 0xff,
    0x8e, 0x0, 0x0, 0x0, 0x0, 0x59, 0xff, 0xff,
    0xff, 0xff, 0xd6, 0x0, 0x34, 0xff, 0xff, 0xff,
    0xff, 0xfa, 0x11, 0x0, 0x0, 0x0, 0x0, 0x0,
    0xdd, 0xff, 0xff, 0xff, 0xfd, 0x8, 0x53, 0xff,
    0xff, 0xff, 0xff, 0xd1, 0x0, 0x0, 0x0, 0x0,
    0x0, 0x0, 0x3e, 0x54, 0x54, 0x54, 0x54, 0xa,
    0x63, 0xff, 0xff, 0xff, 0xff, 0xbc, 0x0, 0x0,
    0x0, 0x0, 0x0, 0x0, 0x0, 0x0, 0x0, 0x0,
    0x0, 0x0, 0x68, 0xff, 0xff, 0xff, 0xff, 0xb8,
    0x0, 0x0, 0x0, 0x0, 0x0, 0x0, 0x0, 0x0,
    0x0, 0x0, 0x0, 0x0, 0x68, 0xff, 0xff, 0xff,
    0xff, 0xb8, 0x0, 0x0, 0x0, 0x0, 0x0, 0x0,
    0x0, 0x0, 0x0, 0x0, 0x0, 0x0, 0x68, 0xff,
    0xff, 0xff, 0xff, 0xb8, 0x0, 0x0, 0x0, 0x0,
    0x0, 0x0, 0x0, 0x0, 0x0, 0x0, 0x0, 0x0,
    0x68, 0xff, 0xff, 0xff, 0xff, 0xb8, 0x0, 0x0,
    0x0, 0x0, 0x0, 0x0, 0x0, 0x0, 0x0, 0x0,
    0x0, 0x0, 0x68, 0xff, 0xff, 0xff, 0xff, 0xb8,
    0x0, 0x0, 0x0, 0x0, 0x0, 0x0, 0x0, 0x0,
    0x0, 0x0, 0x0, 0x0, 0x68, 0xff, 0xff, 0xff,
    0xff, 0xb8, 0x0, 0x0, 0x0, 0x0, 0x0, 0x0,
    0x0, 0x0, 0x0, 0x0, 0x0, 0x0, 0x68, 0xff,
    0xff, 0xff, 0xff, 0xb8, 0x0, 0x0, 0x0, 0x0,
    0x0, 0x0, 0x0, 0x0, 0x0, 0x0, 0x0, 0x0,
    0x68, 0xff, 0xff, 0xff, 0xff, 0xb8, 0x0, 0x0,
    0x0, 0x0, 0x0, 0x0, 0x0, 0x0, 0x0, 0x0,
    0x0, 0x0, 0x68, 0xff, 0xff, 0xff, 0xff, 0xb8,
    0x0, 0x0, 0x0, 0x0, 0x0, 0x0, 0x0, 0x0,
    0x0, 0x0, 0x0, 0x0, 0x68, 0xff, 0xff, 0xff,
    0xff, 0xb8, 0x0, 0x0, 0x0, 0x0, 0x0, 0x0,
    0x0, 0x0, 0x0, 0x0, 0x0, 0x0, 0x63, 0xff,
    0xff, 0xff, 0xff, 0xbc, 0x0, 0x0, 0x0, 0x0,
    0x0, 0x0, 0x0, 0x0, 0x0, 0x0, 0x0, 0x0,
    0x53, 0xff, 0xff, 0xff, 0xff, 0xd1, 0x0, 0x0,
    0x0, 0x0, 0x0, 0x0, 0x42, 0x58, 0x58, 0x58,
    0x58, 0xb, 0x34, 0xff, 0xff, 0xff, 0xff, 0xfa,
    0x10, 0x0, 0x0, 0x0, 0x0, 0x0, 0xde, 0xff,
    0xff, 0xff, 0xfd, 0x8, 0x4, 0xf5, 0xff, 0xff,
    0xff, 0xff, 0x8e, 0x0, 0x0, 0x0, 0x0, 0x57,
    0xff, 0xff, 0xff, 0xff, 0xd6, 0x0, 0x0, 0xa0,
    0xff, 0xff, 0xff, 0xff, 0xff, 0xae, 0x5f, 0x60,
    0x99, 0xfc, 0xff, 0xff, 0xff, 0xff, 0x86, 0x0,
    0x0, 0x29, 0xf8, 0xff, 0xff, 0xff, 0xff, 0xff,
    0xff, 0xff, 0xff, 0xff, 0xff, 0xff, 0xff, 0xf5,
    0x1a, 0x0, 0x0, 0x0, 0x6a, 0xff, 0xff, 0xff,
    0xff, 0xff, 0xff, 0xff, 0xff, 0xff, 0xff, 0xff,
    0xff, 0x65, 0x0, 0x0, 0x0, 0x0, 0x0, 0x5e,
    0xf0, 0xff, 0xff, 0xff, 0xff, 0xff, 0xff, 0xff,
    0xff, 0xf5, 0x62, 0x0, 0x0, 0x0, 0x0, 0x0,
    0x0, 0x0, 0x10, 0x71, 0xb6, 0xe3, 0xf6, 0xf9,
    0xe8, 0xbd, 0x79, 0x15, 0x0, 0x0, 0x0, 0x0,

    /* U+0044 "D" */
    0xff, 0xff, 0xff, 0xff, 0xff, 0xff, 0xff, 0xff,
    0xfb, 0xe9, 0xc6, 0x85, 0x1f, 0x0, 0x0, 0x0,
    0x0, 0xff, 0xff, 0xff, 0xff, 0xff, 0xff, 0xff,
    0xff, 0xff, 0xff, 0xff, 0xff, 0xfa, 0x7b, 0x0,
    0x0, 0x0, 0xff, 0xff, 0xff, 0xff, 0xff, 0xff,
    0xff, 0xff, 0xff, 0xff, 0xff, 0xff, 0xff, 0xff,
    0x80, 0x0, 0x0, 0xff, 0xff, 0xff, 0xff, 0xff,
    0xff, 0xff, 0xff, 0xff, 0xff, 0xff, 0xff, 0xff,
    0xff, 0xfc, 0x2c, 0x0, 0xff, 0xff, 0xff, 0xff,
    0xff, 0xd2, 0xcc, 0xcc, 0xda, 0xff, 0xff, 0xff,
    0xff, 0xff, 0xff, 0x98, 0x0, 0xff, 0xff, 0xff,
    0xff, 0xff, 0x20, 0x0, 0x0, 0x0, 0x2d, 0xe3,
    0xff, 0xff, 0xff, 0xff, 0xe1, 0x0, 0xff, 0xff,
    0xff, 0xff, 0xff, 0x20, 0x0, 0x0, 0x0, 0x0,
    0x55, 0xff, 0xff, 0xff, 0xff, 0xff, 0x14, 0xff,
    0xff, 0xff, 0xff, 0xff, 0x20, 0x0, 0x0, 0x0,
    0x0, 0x9, 0xfd, 0xff, 0xff, 0xff, 0xff, 0x2a,
    0xff, 0xff, 0xff, 0xff, 0xff, 0x20, 0x0, 0x0,
    0x0, 0x0, 0x0, 0xe8, 0xff, 0xff, 0xff, 0xff,
    0x39, 0xff, 0xff, 0xff, 0xff, 0xff, 0x20, 0x0,
    0x0, 0x0, 0x0, 0x0, 0xe0, 0xff, 0xff, 0xff,
    0xff, 0x3c, 0xff, 0xff, 0xff, 0xff, 0xff, 0x20,
    0x0, 0x0, 0x0, 0x0, 0x0, 0xe0, 0xff, 0xff,
    0xff, 0xff, 0x3c, 0xff, 0xff, 0xff, 0xff, 0xff,
    0x20, 0x0, 0x0, 0x0, 0x0, 0x0, 0xe0, 0xff,
    0xff, 0xff, 0xff, 0x3c, 0xff, 0xff, 0xff, 0xff,
    0xff, 0x20, 0x0, 0x0, 0x0, 0x0, 0x0, 0xe0,
    0xff, 0xff, 0xff, 0xff, 0x3c, 0xff, 0xff, 0xff,
    0xff, 0xff, 0x20, 0x0, 0x0, 0x0, 0x0, 0x0,
    0xe0, 0xff, 0xff, 0xff, 0xff, 0x3c, 0xff, 0xff,
    0xff, 0xff, 0xff, 0x20, 0x0, 0x0, 0x0, 0x0,
    0x0, 0xe0, 0xff, 0xff, 0xff, 0xff, 0x3c, 0xff,
    0xff, 0xff, 0xff, 0xff, 0x20, 0x0, 0x0, 0x0,
    0x0, 0x0, 0xe0, 0xff, 0xff, 0xff, 0xff, 0x3c,
    0xff, 0xff, 0xff, 0xff, 0xff, 0x20, 0x0, 0x0,
    0x0, 0x0, 0x0, 0xe0, 0xff, 0xff, 0xff, 0xff,
    0x3c, 0xff, 0xff, 0xff, 0xff, 0xff, 0x20, 0x0,
    0x0, 0x0, 0x0, 0x0, 0xe0, 0xff, 0xff, 0xff,
    0xff, 0x3c, 0xff, 0xff, 0xff, 0xff, 0xff, 0x20,
    0x0, 0x0, 0x0, 0x0, 0x0, 0xe0, 0xff, 0xff,
    0xff, 0xff, 0x3c, 0xff, 0xff, 0xff, 0xff, 0xff,
    0x20, 0x0, 0x0, 0x0, 0x0, 0x0, 0xe8, 0xff,
    0xff, 0xff, 0xff, 0x3a, 0xff, 0xff, 0xff, 0xff,
    0xff, 0x20, 0x0, 0x0, 0x0, 0x0, 0x5, 0xfe,
    0xff, 0xff, 0xff, 0xff, 0x2c, 0xff, 0xff, 0xff,
    0xff, 0xff, 0x20, 0x0, 0x0, 0x0, 0x0, 0x51,
    0xff, 0xff, 0xff, 0xff, 0xff, 0x18, 0xff, 0xff,
    0xff, 0xff, 0xff, 0x20, 0x0, 0x0, 0x0, 0x2e,
    0xde, 0xff, 0xff, 0xff, 0xff, 0xe7, 0x0, 0xff,
    0xff, 0xff, 0xff, 0xff, 0xd2, 0xcc, 0xcc, 0xe3,
    0xff, 0xff, 0xff, 0xff, 0xff, 0xff, 0xa1, 0x0,
    0xff, 0xff, 0xff, 0xff, 0xff, 0xff, 0xff, 0xff,
    0xff, 0xff, 0xff, 0xff, 0xff, 0xff, 0xfe, 0x33,
    0x0, 0xff, 0xff, 0xff, 0xff, 0xff, 0xff, 0xff,
    0xff, 0xff, 0xff, 0xff, 0xff, 0xff, 0xff, 0x89,
    0x0, 0x0, 0xff, 0xff, 0xff, 0xff, 0xff, 0xff,
    0xff, 0xff, 0xff, 0xff, 0xff, 0xff, 0xfc, 0x84,
    0x1, 0x0, 0x0, 0xff, 0xff, 0xff, 0xff, 0xff,
    0xff, 0xff, 0xff, 0xfb, 0xeb, 0xc9, 0x8a, 0x24,
    0x0, 0x0, 0x0, 0x0,

    /* U+0045 "E" */
    0x50, 0xff, 0xff, 0xff, 0xff, 0xff, 0xff, 0xff,
    0xff, 0xff, 0xff, 0xff, 0xff, 0xff, 0xff, 0x68,
    0x50, 0xff, 0xff, 0xff, 0xff, 0xff, 0xff, 0xff,
    0xff, 0xff, 0xff, 0xff, 0xff, 0xff, 0xff, 0x68,
    0x50, 0xff, 0xff, 0xff, 0xff, 0xff, 0xff, 0xff,
    0xff, 0xff, 0xff, 0xff, 0xff, 0xff, 0xff, 0x68,
    0x50, 0xff, 0xff, 0xff, 0xff, 0xff, 0xff, 0xff,
    0xff, 0xff, 0xff, 0xff, 0xff, 0xff, 0xff, 0x68,
    0x50, 0xff, 0xff, 0xff, 0xff, 0xf5, 0xcc, 0xcc,
    0xcc, 0xcc, 0xcc, 0xcc, 0xcc, 0xcc, 0xcc, 0x52,
    0x50, 0xff, 0xff, 0xff, 0xff, 0xcc, 0x0, 0x0,
    0x0, 0x0, 0x0, 0x0, 0x0, 0x0, 0x0, 0x0,
    0x50, 0xff, 0xff, 0xff, 0xff, 0xcc, 0x0, 0x0,
    0x0, 0x0, 0x0, 0x0, 0x0, 0x0, 0x0, 0x0,
    0x50, 0xff, 0xff, 0xff, 0xff, 0xcc, 0x0, 0x0,
    0x0, 0x0, 0x0, 0x0, 0x0, 0x0, 0x0, 0x0,
    0x50, 0xff, 0xff, 0xff, 0xff, 0xcc, 0x0, 0x0,
    0x0, 0x0, 0x0, 0x0, 0x0, 0x0, 0x0, 0x0,
    0x50, 0xff, 0xff, 0xff, 0xff, 0xcc, 0x0, 0x0,
    0x0, 0x0, 0x0, 0x0, 0x0, 0x0, 0x0, 0x0,
    0x50, 0xff, 0xff, 0xff, 0xff, 0xcc, 0x0, 0x0,
    0x0, 0x0, 0x0, 0x0, 0x0, 0x0, 0x0, 0x0,
    0x50, 0xff, 0xff, 0xff, 0xff, 0xea, 0x98, 0x98,
    0x98, 0x98, 0x98, 0x98, 0x98, 0x98, 0x5a, 0x0,
    0x50, 0xff, 0xff, 0xff, 0xff, 0xff, 0xff, 0xff,
    0xff, 0xff, 0xff, 0xff, 0xff, 0xff, 0x98, 0x0,
    0x50, 0xff, 0xff, 0xff, 0xff, 0xff, 0xff, 0xff,
    0xff, 0xff, 0xff, 0xff, 0xff, 0xff, 0x98, 0x0,
    0x50, 0xff, 0xff, 0xff, 0xff, 0xff, 0xff, 0xff,
    0xff, 0xff, 0xff, 0xff, 0xff, 0xff, 0x98, 0x0,
    0x50, 0xff, 0xff, 0xff, 0xff, 0xff, 0xff, 0xff,
    0xff, 0xff, 0xff, 0xff, 0xff, 0xff, 0x98, 0x0,
    0x50, 0xff, 0xff, 0xff, 0xff, 0xcc, 0x0, 0x0,
    0x0, 0x0, 0x0, 0x0, 0x0, 0x0, 0x0, 0x0,
    0x50, 0xff, 0xff, 0xff, 0xff, 0xcc, 0x0, 0x0,
    0x0, 0x0, 0x0, 0x0, 0x0, 0x0, 0x0, 0x0,
    0x50, 0xff, 0xff, 0xff, 0xff, 0xcc, 0x0, 0x0,
    0x0, 0x0, 0x0, 0x0, 0x0, 0x0, 0x0, 0x0,
    0x50, 0xff, 0xff, 0xff, 0xff, 0xcc, 0x0, 0x0,
    0x0, 0x0, 0x0, 0x0, 0x0, 0x0, 0x0, 0x0,
    0x50, 0xff, 0xff, 0xff, 0xff, 0xcc, 0x0, 0x0,
    0x0, 0x0, 0x0, 0x0, 0x0, 0x0, 0x0, 0x0,
    0x50, 0xff, 0xff, 0xff, 0xff, 0xcc, 0x0, 0x0,
    0x0, 0x0, 0x0, 0x0, 0x0, 0x0, 0x0, 0x0,
    0x50, 0xff, 0xff, 0xff, 0xff, 0xcc, 0x0, 0x0,
    0x0, 0x0, 0x0, 0x0, 0x0, 0x0, 0x0, 0x0,
    0x50, 0xff, 0xff, 0xff, 0xff, 0xf5, 0xcc, 0xcc,
    0xcc, 0xcc, 0xcc, 0xcc, 0xcc, 0xcc, 0xcc, 0x52,
    0x50, 0xff, 0xff, 0xff, 0xff, 0xff, 0xff, 0xff,
    0xff, 0xff, 0xff, 0xff, 0xff, 0xff, 0xff, 0x68,
    0x50, 0xff, 0xff, 0xff, 0xff, 0xff, 0xff, 0xff,
    0xff, 0xff, 0xff, 0xff, 0xff, 0xff, 0xff, 0x68,
    0x50, 0xff, 0xff, 0xff, 0xff, 0xff, 0xff, 0xff,
    0xff, 0xff, 0xff, 0xff, 0xff, 0xff, 0xff, 0x68,
    0x50, 0xff, 0xff, 0xff, 0xff, 0xff, 0xff, 0xff,
    0xff, 0xff, 0xff, 0xff, 0xff, 0xff, 0xff, 0x68,

    /* U+0046 "F" */
    0xff, 0xff, 0xff, 0xff, 0xff, 0xff, 0xff, 0xff,
    0xff, 0xff, 0xff, 0xff, 0xff, 0xff, 0xff, 0xff,
    0x28, 0xff, 0xff, 0xff, 0xff, 0xff, 0xff, 0xff,
    0xff, 0xff, 0xff, 0xff, 0xff, 0xff, 0xff, 0xff,
    0xff, 0x28, 0xff, 0xff, 0xff, 0xff, 0xff, 0xff,
    0xff, 0xff, 0xff, 0xff, 0xff, 0xff, 0xff, 0xff,
    0xff, 0xff, 0x28, 0xff, 0xff, 0xff, 0xff, 0xff,
    0xff, 0xff, 0xff, 0xff, 0xff, 0xff, 0xff, 0xff,
    0xff, 0xff, 0xff, 0x28, 0xff, 0xff, 0xff, 0xff,
    0xff, 0xd2, 0xcc, 0xcc, 0xcc, 0xcc, 0xcc, 0xcc,
    0xcc, 0xcc, 0xcc, 0xcc, 0x1f, 0xff, 0xff, 0xff,
    0xff, 0xff, 0x20, 0x0, 0x0, 0x0, 0x0, 0x0,
    0x0, 0x0, 0x0, 0x0, 0x0, 0x0, 0xff, 0xff,
    0xff, 0xff, 0xff, 0x20, 0x0, 0x0, 0x0, 0x0,
    0x0, 0x0, 0x0, 0x0, 0x0, 0x0, 0x0, 0xff,
    0xff, 0xff, 0xff, 0xff, 0x20, 0x0, 0x0, 0x0,
    0x0, 0x0, 0x0, 0x0, 0x0, 0x0, 0x0, 0x0,
    0xff, 0xff, 0xff, 0xff, 0xff, 0x20, 0x0, 0x0,
    0x0, 0x0, 0x0, 0x0, 0x0, 0x0, 0x0, 0x0,
    0x0, 0xff, 0xff, 0xff, 0xff, 0xff, 0x20, 0x0,
    0x0, 0x0, 0x0, 0x0, 0x0, 0x0, 0x0, 0x0,
    0x0, 0x0, 0xff, 0xff, 0xff, 0xff, 0xff, 0x20,
    0x0, 0x0, 0x0, 0x0, 0x0, 0x0, 0x0, 0x0,
    0x0, 0x0, 0x0, 0xff, 0xff, 0xff, 0xff, 0xff,
    0xa5, 0x98, 0x98, 0x98, 0x98, 0x98, 0x98, 0x98,
    0x98, 0x98, 0x23, 0x0, 0xff, 0xff, 0xff, 0xff,
    0xff, 0xff, 0xff, 0xff, 0xff, 0xff, 0xff, 0xff,
    0xff, 0xff, 0xff, 0x3c, 0x0, 0xff, 0xff, 0xff,
    0xff, 0xff, 0xff, 0xff, 0xff, 0xff, 0xff, 0xff,
    0xff, 0xff, 0xff, 0xff, 0x3c, 0x0, 0xff, 0xff,
    0xff, 0xff, 0xff, 0xff, 0xff, 0xff, 0xff, 0xff,
    0xff, 0xff, 0xff, 0xff, 0xff, 0x3c, 0x0, 0xff,
    0xff, 0xff, 0xff, 0xff, 0xff, 0xff, 0xff, 0xff,
    0xff, 0xff, 0xff, 0xff, 0xff, 0xff, 0x3c, 0x0,
    0xff, 0xff, 0xff, 0xff, 0xff, 0x20, 0x0, 0x0,
    0x0, 0x0, 0x0, 0x0, 0x0, 0x0, 0x0, 0x0,
    0x0, 0xff, 0xff, 0xff, 0xff, 0xff, 0x20, 0x0,
    0x0, 0x0, 0x0, 0x0, 0x0, 0x0, 0x0, 0x0,
    0x0, 0x0, 0xff, 0xff, 0xff, 0xff, 0xff, 0x20,
    0x0, 0x0, 0x0, 0x0, 0x0, 0x0, 0x0, 0x0,
    0x0, 0x0, 0x0, 0xff, 0xff, 0xff, 0xff, 0xff,
    0x20, 0x0, 0x0, 0x0, 0x0, 0x0, 0x0, 0x0,
    0x0, 0x0, 0x0, 0x0, 0xff, 0xff, 0xff, 0xff,
    0xff, 0x20, 0x0, 0x0, 0x0, 0x0, 0x0, 0x0,
    0x0, 0x0, 0x0, 0x0, 0x0, 0xff, 0xff, 0xff,
    0xff, 0xff, 0x20, 0x0, 0x0, 0x0, 0x0, 0x0,
    0x0, 0x0, 0x0, 0x0, 0x0, 0x0, 0xff, 0xff,
    0xff, 0xff, 0xff, 0x20, 0x0, 0x0, 0x0, 0x0,
    0x0, 0x0, 0x0, 0x0, 0x0, 0x0, 0x0, 0xff,
    0xff, 0xff, 0xff, 0xff, 0x20, 0x0, 0x0, 0x0,
    0x0, 0x0, 0x0, 0x0, 0x0, 0x0, 0x0, 0x0,
    0xff, 0xff, 0xff, 0xff, 0xff, 0x20, 0x0, 0x0,
    0x0, 0x0, 0x0, 0x0, 0x0, 0x0, 0x0, 0x0,
    0x0, 0xff, 0xff, 0xff, 0xff, 0xff, 0x20, 0x0,
    0x0, 0x0, 0x0, 0x0, 0x0, 0x0, 0x0, 0x0,
    0x0, 0x0, 0xff, 0xff, 0xff, 0xff, 0xff, 0x20,
    0x0, 0x0, 0x0, 0x0, 0x0, 0x0, 0x0, 0x0,
    0x0, 0x0, 0x0, 0xff, 0xff, 0xff, 0xff, 0xff,
    0x20, 0x0, 0x0, 0x0, 0x0, 0x0, 0x0, 0x0,
    0x0, 0x0, 0x0, 0x0,

    /* U+0047 "G" */
    0x0, 0x0, 0x0, 0x0, 0xf, 0x71, 0xb5, 0xe1,
    0xf4, 0xf8, 0xe7, 0xbc, 0x7a, 0x17, 0x0, 0x0,
    0x0, 0x0, 0x0, 0x0, 0x0, 0x5d, 0xef, 0xff,
    0xff, 0xff, 0xff, 0xff, 0xff, 0xff, 0xff, 0xf6,
    0x69, 0x0, 0x0, 0x0, 0x0, 0x0, 0x6a, 0xff,
    0xff, 0xff, 0xff, 0xff, 0xff, 0xff, 0xff, 0xff,
    0xff, 0xff, 0xff, 0x6e, 0x0, 0x0, 0x0, 0x29,
    0xf8, 0xff, 0xff, 0xff, 0xff, 0xff, 0xff, 0xff,
    0xff, 0xff, 0xff, 0xff, 0xff, 0xf8, 0x20, 0x0,
    0x0, 0xa0, 0xff, 0xff, 0xff, 0xff, 0xff, 0xae,
    0x5f, 0x60, 0x97, 0xfb, 0xff, 0xff, 0xff, 0xff,
    0x8d, 0x0, 0x4, 0xf5, 0xff, 0xff, 0xff, 0xff,
    0x8e, 0x0, 0x0, 0x0, 0x0, 0x4d, 0xff, 0xff,
    0xff, 0xff, 0xdc, 0x0, 0x34, 0xff, 0xff, 0xff,
    0xff, 0xfa, 0x11, 0x0, 0x0, 0x0, 0x0, 0x0,
    0xd8, 0xff, 0xff, 0xff, 0xfe, 0xb, 0x53, 0xff,
    0xff, 0xff, 0xff, 0xd1, 0x0, 0x0, 0x0, 0x0,
    0x0, 0x0, 0x26, 0x34, 0x34, 0x34, 0x34, 0x7,
    0x63, 0xff, 0xff, 0xff, 0xff, 0xbc, 0x0, 0x0,
    0x0, 0x0, 0x0, 0x0, 0x0, 0x0, 0x0, 0x0,
    0x0, 0x0, 0x68, 0xff, 0xff, 0xff, 0xff, 0xb8,
    0x0, 0x0, 0x0, 0x0, 0x0, 0x0, 0x0, 0x0,
    0x0, 0x0, 0x0, 0x0, 0x68, 0xff, 0xff, 0xff,
    0xff, 0xb8, 0x0, 0x0, 0x0, 0x0, 0x0, 0x0,
    0x0, 0x0, 0x0, 0x0, 0x0, 0x0, 0x68, 0xff,
    0xff, 0xff, 0xff, 0xb8, 0x0, 0x0, 0x0, 0xf,
    0x14, 0x14, 0x14, 0x14, 0x14, 0x14, 0xd, 0x0,
    0x68, 0xff, 0xff, 0xff, 0xff, 0xb8, 0x0, 0x0,
    0x0, 0xcc, 0xff, 0xff, 0xff, 0xff, 0xff, 0xff,
    0xb0, 0x0, 0x68, 0xff, 0xff, 0xff, 0xff, 0xb8,
    0x0, 0x0, 0x0, 0xcc, 0xff, 0xff, 0xff, 0xff,
    0xff, 0xff, 0xb0, 0x0, 0x68, 0xff, 0xff, 0xff,
    0xff, 0xb8, 0x0, 0x0, 0x0, 0xcc, 0xff, 0xff,
    0xff, 0xff, 0xff, 0xff, 0xb0, 0x0, 0x68, 0xff,
    0xff, 0xff, 0xff, 0xb8, 0x0, 0x0, 0x0, 0xcc,
    0xff, 0xff, 0xff, 0xff, 0xff, 0xff, 0xb0, 0x0,
    0x68, 0xff, 0xff, 0xff, 0xff, 0xb8, 0x0, 0x0,
    0x0, 0x0, 0x0, 0x70, 0xff, 0xff, 0xff, 0xff,
    0xb0, 0x0, 0x68, 0xff, 0xff, 0xff, 0xff, 0xb8,
    0x0, 0x0, 0x0, 0x0, 0x0, 0x70, 0xff, 0xff,
    0xff, 0xff, 0xb0, 0x0, 0x68, 0xff, 0xff, 0xff,
    0xff, 0xb8, 0x0, 0x0, 0x0, 0x0, 0x0, 0x70,
    0xff, 0xff, 0xff, 0xff, 0xb0, 0x0, 0x64, 0xff,
    0xff, 0xff, 0xff, 0xbb, 0x0, 0x0, 0x0, 0x0,
    0x0, 0x70, 0xff, 0xff, 0xff, 0xff, 0xb0, 0x0,
    0x55, 0xff, 0xff, 0xff, 0xff, 0xcf, 0x0, 0x0,
    0x0, 0x0, 0x0, 0x83, 0xff, 0xff, 0xff, 0xff,
    0xb0, 0x0, 0x38, 0xff, 0xff, 0xff, 0xff, 0xf8,
    0xd, 0x0, 0x0, 0x0, 0x0, 0xa7, 0xff, 0xff,
    0xff, 0xff, 0xb0, 0x0, 0x8, 0xfa, 0xff, 0xff,
    0xff, 0xff, 0x7f, 0x0, 0x0, 0x0, 0x19, 0xf6,
    0xff, 0xff, 0xff, 0xff, 0xb0, 0x0, 0x0, 0xb0,
    0xff, 0xff, 0xff, 0xff, 0xfe, 0x9f, 0x59, 0x72,
    0xdf, 0xff, 0xff, 0xff, 0xff, 0xff, 0xb0, 0x0,
    0x0, 0x3f, 0xff, 0xff, 0xff, 0xff, 0xff, 0xff,
    0xff, 0xff, 0xff, 0xff, 0xff, 0xff, 0xff, 0xff,
    0xb0, 0x0, 0x0, 0x0, 0x99, 0xff, 0xff, 0xff,
    0xff, 0xff, 0xff, 0xff, 0xff, 0xff, 0xff, 0xff,
    0xff, 0xff, 0xb0, 0x0, 0x0, 0x0, 0x3, 0xa0,
    0xff, 0xff, 0xff, 0xff, 0xff, 0xff, 0xff, 0xe8,
    0xc9, 0xff, 0xff, 0xff, 0xb0, 0x0, 0x0, 0x0,
    0x0, 0x0, 0x45, 0xab, 0xe4, 0xf9, 0xee, 0xc8,
    0x7c, 0x11, 0xa4, 0xff, 0xff, 0xff, 0xb0, 0x0,

    /* U+0048 "H" */
    0xec, 0xff, 0xff, 0xff, 0xff, 0x34, 0x0, 0x0,
    0x0, 0x0, 0x34, 0xff, 0xff, 0xff, 0xff, 0xec,
    0xec, 0xff, 0xff, 0xff, 0xff, 0x34, 0x0, 0x0,
    0x0, 0x0, 0x34, 0xff, 0xff, 0xff, 0xff, 0xec,
    0xec, 0xff, 0xff, 0xff, 0xff, 0x34, 0x0, 0x0,
    0x0, 0x0, 0x34, 0xff, 0xff, 0xff, 0xff, 0xec,
    0xec, 0xff, 0xff, 0xff, 0xff, 0x34, 0x0, 0x0,
    0x0, 0x0, 0x34, 0xff, 0xff, 0xff, 0xff, 0xec,
    0xec, 0xff, 0xff, 0xff, 0xff, 0x34, 0x0, 0x0,
    0x0, 0x0, 0x34, 0xff, 0xff, 0xff, 0xff, 0xec,
    0xec, 0xff, 0xff, 0xff, 0xff, 0x34, 0x0, 0x0,
    0x0, 0x0, 0x34, 0xff, 0xff, 0xff, 0xff, 0xec,
    0xec, 0xff, 0xff, 0xff, 0xff, 0x34, 0x0, 0x0,
    0x0, 0x0, 0x34, 0xff, 0xff, 0xff, 0xff, 0xec,
    0xec, 0xff, 0xff, 0xff, 0xff, 0x34, 0x0, 0x0,
    0x0, 0x0, 0x34, 0xff, 0xff, 0xff, 0xff, 0xec,
    0xec, 0xff, 0xff, 0xff, 0xff, 0x34, 0x0, 0x0,
    0x0, 0x0, 0x34, 0xff, 0xff, 0xff, 0xff, 0xec,
    0xec, 0xff, 0xff, 0xff, 0xff, 0x34, 0x0, 0x0,
    0x0, 0x0, 0x34, 0xff, 0xff, 0xff, 0xff, 0xec,
    0xec, 0xff, 0xff, 0xff, 0xff, 0x34, 0x0, 0x0,
    0x0, 0x0, 0x34, 0xff, 0xff, 0xff, 0xff, 0xec,
    0xec, 0xff, 0xff, 0xff, 0xff, 0xff, 0xff, 0xff,
    0xff, 0xff, 0xff, 0xff, 0xff, 0xff, 0xff, 0xec,
    0xec, 0xff, 0xff, 0xff, 0xff, 0xff, 0xff, 0xff,
    0xff, 0xff, 0xff, 0xff, 0xff, 0xff, 0xff, 0xec,
    0xec, 0xff, 0xff, 0xff, 0xff, 0xff, 0xff, 0xff,
    0xff, 0xff, 0xff, 0xff, 0xff, 0xff, 0xff, 0xec,
    0xec, 0xff, 0xff, 0xff, 0xff, 0xff, 0xff, 0xff,
    0xff, 0xff, 0xff, 0xff, 0xff, 0xff, 0xff, 0xec,
    0xec, 0xff, 0xff, 0xff, 0xff, 0xd6, 0xcc, 0xcc,
    0xcc, 0xcc, 0xd6, 0xff, 0xff, 0xff, 0xff, 0xec,
    0xec, 0xff, 0xff, 0xff, 0xff, 0x34, 0x0, 0x0,
    0x0, 0x0, 0x34, 0xff, 0xff, 0xff, 0xff, 0xec,
    0xec, 0xff, 0xff, 0xff, 0xff, 0x34, 0x0, 0x0,
    0x0, 0x0, 0x34, 0xff, 0xff, 0xff, 0xff, 0xec,
    0xec, 0xff, 0xff, 0xff, 0xff, 0x34, 0x0, 0x0,
    0x0, 0x0, 0x34, 0xff, 0xff, 0xff, 0xff, 0xec,
    0xec, 0xff, 0xff, 0xff, 0xff, 0x34, 0x0, 0x0,
    0x0, 0x0, 0x34, 0xff, 0xff, 0xff, 0xff, 0xec,
    0xec, 0xff, 0xff, 0xff, 0xff, 0x34, 0x0, 0x0,
    0x0, 0x0, 0x34, 0xff, 0xff, 0xff, 0xff, 0xec,
    0xec, 0xff, 0xff, 0xff, 0xff, 0x34, 0x0, 0x0,
    0x0, 0x0, 0x34, 0xff, 0xff, 0xff, 0xff, 0xec,
    0xec, 0xff, 0xff, 0xff, 0xff, 0x34, 0x0, 0x0,
    0x0, 0x0, 0x34, 0xff, 0xff, 0xff, 0xff, 0xec,
    0xec, 0xff, 0xff, 0xff, 0xff, 0x34, 0x0, 0x0,
    0x0, 0x0, 0x34, 0xff, 0xff, 0xff, 0xff, 0xec,
    0xec, 0xff, 0xff, 0xff, 0xff, 0x34, 0x0, 0x0,
    0x0, 0x0, 0x34, 0xff, 0xff, 0xff, 0xff, 0xec,
    0xec, 0xff, 0xff, 0xff, 0xff, 0x34, 0x0, 0x0,
    0x0, 0x0, 0x34, 0xff, 0xff, 0xff, 0xff, 0xec,
    0xec, 0xff, 0xff, 0xff, 0xff, 0x34, 0x0, 0x0,
    0x0, 0x0, 0x34, 0xff, 0xff, 0xff, 0xff, 0xec,
    0xec, 0xff, 0xff, 0xff, 0xff, 0x34, 0x0, 0x0,
    0x0, 0x0, 0x34, 0xff, 0xff, 0xff, 0xff, 0xec,

    /* U+0049 "I" */
    0xcc, 0xff, 0xff, 0xff, 0xff, 0xff, 0xff, 0xff,
    0xff, 0xff, 0xff, 0xff, 0xff, 0xcc, 0xcc, 0xff,
    0xff, 0xff, 0xff, 0xff, 0xff, 0xff, 0xff, 0xff,
    0xff, 0xff, 0xff, 0xcc, 0xcc, 0xff, 0xff, 0xff,
    0xff, 0xff, 0xff, 0xff, 0xff, 0xff, 0xff, 0xff,
    0xff, 0xcc, 0xcc, 0xff, 0xff, 0xff, 0xff, 0xff,
    0xff, 0xff, 0xff, 0xff, 0xff, 0xff, 0xff, 0xcc,
    0xa2, 0xcc, 0xcc, 0xcc, 0xe9, 0xff, 0xff, 0xff,
    0xff, 0xe9, 0xcc, 0xcc, 0xcc, 0xa2, 0x0, 0x0,
    0x0, 0x0, 0x90, 0xff, 0xff, 0xff, 0xff, 0x90,
    0x0, 0x0, 0x0, 0x0, 0x0, 0x0, 0x0, 0x0,
    0x90, 0xff, 0xff, 0xff, 0xff, 0x90, 0x0, 0x0,
    0x0, 0x0, 0x0, 0x0, 0x0, 0x0, 0x90, 0xff,
    0xff, 0xff, 0xff, 0x90, 0x0, 0x0, 0x0, 0x0,
    0x0, 0x0, 0x0, 0x0, 0x90, 0xff, 0xff, 0xff,
    0xff, 0x90, 0x0, 0x0, 0x0, 0x0, 0x0, 0x0,
    0x0, 0x0, 0x90, 0xff, 0xff, 0xff, 0xff, 0x90,
    0x0, 0x0, 0x0, 0x0, 0x0, 0x0, 0x0, 0x0,
    0x90, 0xff, 0xff, 0xff, 0xff, 0x90, 0x0, 0x0,
    0x0, 0x0, 0x0, 0x0, 0x0, 0x0, 0x90, 0xff,
    0xff, 0xff, 0xff, 0x90, 0x0, 0x0, 0x0, 0x0,
    0x0, 0x0, 0x0, 0x0, 0x90, 0xff, 0xff, 0xff,
    0xff, 0x90, 0x0, 0x0, 0x0, 0x0, 0x0, 0x0,
    0x0, 0x0, 0x90, 0xff, 0xff, 0xff, 0xff, 0x90,
    0x0, 0x0, 0x0, 0x0, 0x0, 0x0, 0x0, 0x0,
    0x90, 0xff, 0xff, 0xff, 0xff, 0x90, 0x0, 0x0,
    0x0, 0x0, 0x0, 0x0, 0x0, 0x0, 0x90, 0xff,
    0xff, 0xff, 0xff, 0x90, 0x0, 0x0, 0x0, 0x0,
    0x0, 0x0, 0x0, 0x0, 0x90, 0xff, 0xff, 0xff,
    0xff, 0x90, 0x0, 0x0, 0x0, 0x0, 0x0, 0x0,
    0x0, 0x0, 0x90, 0xff, 0xff, 0xff, 0xff, 0x90,
    0x0, 0x0, 0x0, 0x0, 0x0, 0x0, 0x0, 0x0,
    0x90, 0xff, 0xff, 0xff, 0xff, 0x90, 0x0, 0x0,
    0x0, 0x0, 0x0, 0x0, 0x0, 0x0, 0x90, 0xff,
    0xff, 0xff, 0xff, 0x90, 0x0, 0x0, 0x0, 0x0,
    0x0, 0x0, 0x0, 0x0, 0x90, 0xff, 0xff, 0xff,
    0xff, 0x90, 0x0, 0x0, 0x0, 0x0, 0x0, 0x0,
    0x0, 0x0, 0x90, 0xff, 0xff, 0xff, 0xff, 0x90,
    0x0, 0x0, 0x0, 0x0, 0x0, 0x0, 0x0, 0x0,
    0x90, 0xff, 0xff, 0xff, 0xff, 0x90, 0x0, 0x0,
    0x0, 0x0, 0xa2, 0xcc, 0xcc, 0xcc, 0xe9, 0xff,
    0xff, 0xff, 0xff, 0xe9, 0xcc, 0xcc, 0xcc, 0xa2,
    0xcc, 0xff, 0xff, 0xff, 0xff, 0xff, 0xff, 0xff,
    0xff, 0xff, 0xff, 0xff, 0xff, 0xcc, 0xcc, 0xff,
    0xff, 0xff, 0xff, 0xff, 0xff, 0xff, 0xff, 0xff,
    0xff, 0xff, 0xff, 0xcc, 0xcc, 0xff, 0xff, 0xff,
    0xff, 0xff, 0xff, 0xff, 0xff, 0xff, 0xff, 0xff,
    0xff, 0xcc, 0xcc, 0xff, 0xff, 0xff, 0xff, 0xff,
    0xff, 0xff, 0xff, 0xff, 0xff, 0xff, 0xff, 0xcc,

    /* U+004A "J" */
    0x0, 0x0, 0x0, 0x0, 0x0, 0x0, 0x0, 0x0,
    0xec, 0xff, 0xff, 0xff, 0xff, 0xff, 0xff, 0xff,
    0x34, 0x0, 0x0, 0x0, 0x0, 0x0, 0x0, 0x0,
    0x0, 0xec, 0xff, 0xff, 0xff, 0xff, 0xff, 0xff,
    0xff, 0x34, 0x0, 0x0, 0x0, 0x0, 0x0, 0x0,
    0x0, 0x0, 0xec, 0xff, 0xff, 0xff, 0xff, 0xff,
    0xff, 0xff, 0x34, 0x0, 0x0, 0x0, 0x0, 0x0,
    0x0, 0x0, 0x0, 0xec, 0xff, 0xff, 0xff, 0xff,
    0xff, 0xff, 0xff, 0x34, 0x0, 0x0, 0x0, 0x0,
    0x0, 0x0, 0x0, 0x0, 0x79, 0x84, 0x89, 0xff,
    0xff, 0xff, 0xff, 0xff, 0x34, 0x0, 0x0, 0x0,
    0x0, 0x0, 0x0, 0x0, 0x0, 0x0, 0x0, 0xc,
    0xff, 0xff, 0xff, 0xff, 0xff, 0x34, 0x0, 0x0,
    0x0, 0x0, 0x0, 0x0, 0x0, 0x0, 0x0, 0x0,
    0xc, 0xff, 0xff, 0xff, 0xff, 0xff, 0x34, 0x0,
    0x0, 0x0, 0x0, 0x0, 0x0, 0x0, 0x0, 0x0,
    0x0, 0xc, 0xff, 0xff, 0xff, 0xff, 0xff, 0x34,
    0x0, 0x0, 0x0, 0x0, 0x0, 0x0, 0x0, 0x0,
    0x0, 0x0, 0xc, 0xff, 0xff, 0xff, 0xff, 0xff,
    0x34, 0x0, 0x0, 0x0, 0x0, 0x0, 0x0, 0x0,
    0x0, 0x0, 0x0, 0xc, 0xff, 0xff, 0xff, 0xff,
    0xff, 0x34, 0x0, 0x0, 0x0, 0x0, 0x0, 0x0,
    0x0, 0x0, 0x0, 0x0, 0xc, 0xff, 0xff, 0xff,
    0xff, 0xff, 0x34, 0x0, 0x0, 0x0, 0x0, 0x0,
    0x0, 0x0, 0x0, 0x0, 0x0, 0xc, 0xff, 0xff,
    0xff, 0xff, 0xff, 0x34, 0x0, 0x0, 0x0, 0x0,
    0x0, 0x0, 0x0, 0x0, 0x0, 0x0, 0xc, 0xff,
    0xff, 0xff, 0xff, 0xff, 0x34, 0x0, 0x0, 0x0,
    0x0, 0x0, 0x0, 0x0, 0x0, 0x0, 0x0, 0xc,
    0xff, 0xff, 0xff, 0xff, 0xff, 0x34, 0x0, 0x0,
    0x0, 0x0, 0x0, 0x0, 0x0, 0x0, 0x0, 0x0,
    0xc, 0xff, 0xff, 0xff, 0xff, 0xff, 0x34, 0x0,
    0x0, 0x0, 0x0, 0x0, 0x0, 0x0, 0x0, 0x0,
    0x0, 0xc, 0xff, 0xff, 0xff, 0xff, 0xff, 0x34,
    0x0, 0x0, 0x0, 0x0, 0x0, 0x0, 0x0, 0x0,
    0x0, 0x0, 0xc, 0xff, 0xff, 0xff, 0xff, 0xff,
    0x34, 0x0, 0x0, 0x0, 0x0, 0x0, 0x0, 0x0,
    0x0, 0x0, 0x0, 0xc, 0xff, 0xff, 0xff, 0xff,
    0xff, 0x34, 0x0, 0x0, 0x0, 0x0, 0x0, 0x0,
    0x0, 0x0, 0x0, 0x0, 0xe, 0xff, 0xff, 0xff,
    0xff, 0xff, 0x30, 0x0, 0x0, 0x0, 0x0, 0x0,
    0x0, 0x0, 0x0, 0x0, 0x0, 0x1e, 0xff, 0xff,
    0xff, 0xff, 0xff, 0x21, 0x0, 0x0, 0x0, 0x0,
    0x0, 0x0, 0x0, 0x0, 0x0, 0x0, 0x51, 0xff,
    0xff, 0xff, 0xff, 0xff, 0xd, 0x0, 0x0, 0x0,
    0x0, 0x0, 0x0, 0x0, 0x0, 0x0, 0x2, 0xc0,
    0xff, 0xff, 0xff, 0xff, 0xdb, 0x0, 0x0, 0x0,
    0x0, 0x0, 0x0, 0x0, 0x0, 0x0, 0x19, 0xa8,
    0xff, 0xff, 0xff, 0xff, 0xff, 0x9c, 0x0, 0x62,
    0xcc, 0xcc, 0xcc, 0xcc, 0xcc, 0xcc, 0xd8, 0xfd,
    0xff, 0xff, 0xff, 0xff, 0xff, 0xff, 0x38, 0x0,
    0x7c, 0xff, 0xff, 0xff, 0xff, 0xff, 0xff, 0xff,
    0xff, 0xff, 0xff, 0xff, 0xff, 0xff, 0xb2, 0x0,
    0x0, 0x7c, 0xff, 0xff, 0xff, 0xff, 0xff, 0xff,
    0xff, 0xff, 0xff, 0xff, 0xff, 0xff, 0xde, 0x18,
    0x0, 0x0, 0x7c, 0xff, 0xff, 0xff, 0xff, 0xff,
    0xff, 0xff, 0xff, 0xff, 0xff, 0xff, 0xc0, 0x19,
    0x0, 0x0, 0x0, 0x7c, 0xff, 0xff, 0xff, 0xff,
    0xff, 0xff, 0xfe, 0xef, 0xd7, 0x9b, 0x47, 0x0,
    0x0, 0x0, 0x0, 0x0,

    /* U+004B "K" */
    0xff, 0xff, 0xff, 0xff, 0xff, 0x20, 0x0, 0x0,
    0x0, 0x0, 0x8, 0xe7, 0xff, 0xff, 0xff, 0xff,
    0x3f, 0x0, 0xff, 0xff, 0xff, 0xff, 0xff, 0x20,
    0x0, 0x0, 0x0, 0x0, 0x6f, 0xff, 0xff, 0xff,
    0xff, 0xb5, 0x0, 0x0, 0xff, 0xff, 0xff, 0xff,
    0xff, 0x20, 0x0, 0x0, 0x0, 0x8, 0xe6, 0xff,
    0xff, 0xff, 0xfd, 0x2f, 0x0, 0x0, 0xff, 0xff,
    0xff, 0xff, 0xff, 0x20, 0x0, 0x0, 0x0, 0x6e,
    0xff, 0xff, 0xff, 0xff, 0xa3, 0x0, 0x0, 0x0,
    0xff, 0xff, 0xff, 0xff, 0xff, 0x20, 0x0, 0x0,
    0x7, 0xe5, 0xff, 0xff, 0xff, 0xf9, 0x21, 0x0,
    0x0, 0x0, 0xff, 0xff, 0xff, 0xff, 0xff, 0x20,
    0x0, 0x0, 0x6d, 0xff, 0xff, 0xff, 0xff, 0x91,
    0x0, 0x0, 0x0, 0x0, 0xff, 0xff, 0xff, 0xff,
    0xff, 0x20, 0x0, 0x7, 0xe4, 0xff, 0xff, 0xff,
    0xf2, 0x15, 0x0, 0x0, 0x0, 0x0, 0xff, 0xff,
    0xff, 0xff, 0xff, 0x20, 0x0, 0x6b, 0xff, 0xff,
    0xff, 0xff, 0x7e, 0x0, 0x0, 0x0, 0x0, 0x0,
    0xff, 0xff, 0xff, 0xff, 0xff, 0x20, 0x7, 0xe3,
    0xff, 0xff, 0xff, 0xe9, 0xc, 0x0, 0x0, 0x0,
    0x0, 0x0, 0xff, 0xff, 0xff, 0xff, 0xff, 0x20,
    0x6a, 0xff, 0xff, 0xff, 0xff, 0x6c, 0x0, 0x0,
    0x0, 0x0, 0x0, 0x0, 0xff, 0xff, 0xff, 0xff,
    0xff, 0x26, 0xe2, 0xff, 0xff, 0xff, 0xdd, 0x5,
    0x0, 0x0, 0x0, 0x0, 0x0, 0x0, 0xff, 0xff,
    0xff, 0xff, 0xff, 0x89, 0xff, 0xff, 0xff, 0xff,
    0x59, 0x0, 0x0, 0x0, 0x0, 0x0, 0x0, 0x0,
    0xff, 0xff, 0xff, 0xff, 0xff, 0xf3, 0xff, 0xff,
    0xff, 0xcf, 0x1, 0x0, 0x0, 0x0, 0x0, 0x0,
    0x0, 0x0, 0xff, 0xff, 0xff, 0xff, 0xff, 0xff,
    0xff, 0xff, 0xff, 0xbc, 0x0, 0x0, 0x0, 0x0,
    0x0, 0x0, 0x0, 0x0, 0xff, 0xff, 0xff, 0xff,
    0xff, 0xff, 0xff, 0xff, 0xff, 0xff, 0x3e, 0x0,
    0x0, 0x0, 0x0, 0x0, 0x0, 0x0, 0xff, 0xff,
    0xff, 0xff, 0xff, 0xb3, 0xff, 0xff, 0xff, 0xff,
    0xbf, 0x0, 0x0, 0x0, 0x0, 0x0, 0x0, 0x0,
    0xff, 0xff, 0xff, 0xff, 0xff, 0x3d, 0xfa, 0xff,
    0xff, 0xff, 0xff, 0x41, 0x0, 0x0, 0x0, 0x0,
    0x0, 0x0, 0xff, 0xff, 0xff, 0xff, 0xff, 0x20,
    0x9d, 0xff, 0xff, 0xff, 0xff, 0xc2, 0x0, 0x0,
    0x0, 0x0, 0x0, 0x0, 0xff, 0xff, 0xff, 0xff,
    0xff, 0x20, 0x25, 0xfc, 0xff, 0xff, 0xff, 0xff,
    0x44, 0x0, 0x0, 0x0, 0x0, 0x0, 0xff, 0xff,
    0xff, 0xff, 0xff, 0x20, 0x0, 0xa7, 0xff, 0xff,
    0xff, 0xff, 0xc5, 0x0, 0x0, 0x0, 0x0, 0x0,
    0xff, 0xff, 0xff, 0xff, 0xff, 0x20, 0x0, 0x2c,
    0xfe, 0xff, 0xff, 0xff, 0xff, 0x47, 0x0, 0x0,
    0x0, 0x0, 0xff, 0xff, 0xff, 0xff, 0xff, 0x20,
    0x0, 0x0, 0xb0, 0xff, 0xff, 0xff, 0xff, 0xc8,
    0x0, 0x0, 0x0, 0x0, 0xff, 0xff, 0xff, 0xff,
    0xff, 0x20, 0x0, 0x0, 0x35, 0xff, 0xff, 0xff,
    0xff, 0xff, 0x4a, 0x0, 0x0, 0x0, 0xff, 0xff,
    0xff, 0xff, 0xff, 0x20, 0x0, 0x0, 0x0, 0xba,
    0xff, 0xff, 0xff, 0xff, 0xcb, 0x0, 0x0, 0x0,
    0xff, 0xff, 0xff, 0xff, 0xff, 0x20, 0x0, 0x0,
    0x0, 0x3f, 0xff, 0xff, 0xff, 0xff, 0xff, 0x4e,
    0x0, 0x0, 0xff, 0xff, 0xff, 0xff, 0xff, 0x20,
    0x0, 0x0, 0x0, 0x0, 0xc4, 0xff, 0xff, 0xff,
    0xff, 0xce, 0x1, 0x0, 0xff, 0xff, 0xff, 0xff,
    0xff, 0x20, 0x0, 0x0, 0x0, 0x0, 0x49, 0xff,
    0xff, 0xff, 0xff, 0xff, 0x51, 0x0, 0xff, 0xff,
    0xff, 0xff, 0xff, 0x20, 0x0, 0x0, 0x0, 0x0,
    0x0, 0xcd, 0xff, 0xff, 0xff, 0xff, 0xd1, 0x1,

    /* U+004C "L" */
    0xff, 0xff, 0xff, 0xff, 0xff, 0x20, 0x0, 0x0,
    0x0, 0x0, 0x0, 0x0, 0x0, 0x0, 0x0, 0x0,
    0x0, 0xff, 0xff, 0xff, 0xff, 0xff, 0x20, 0x0,
    0x0, 0x0, 0x0, 0x0, 0x0, 0x0, 0x0, 0x0,
    0x0, 0x0, 0xff, 0xff, 0xff, 0xff, 0xff, 0x20,
    0x0, 0x0, 0x0, 0x0, 0x0, 0x0, 0x0, 0x0,
    0x0, 0x0, 0x0, 0xff, 0xff, 0xff, 0xff, 0xff,
    0x20, 0x0, 0x0, 0x0, 0x0, 0x0, 0x0, 0x0,
    0x0, 0x0, 0x0, 0x0, 0xff, 0xff, 0xff, 0xff,
    0xff, 0x20, 0x0, 0x0, 0x0, 0x0, 0x0, 0x0,
    0x0, 0x0, 0x0, 0x0, 0x0, 0xff, 0xff, 0xff,
    0xff, 0xff, 0x20, 0x0, 0x0, 0x0, 0x0, 0x0,
    0x0, 0x0, 0x0, 0x0, 0x0, 0x0, 0xff, 0xff,
    0xff, 0xff, 0xff, 0x20, 0x0, 0x0, 0x0, 0x0,
    0x0, 0x0, 0x0, 0x0, 0x0, 0x0, 0x0, 0xff,
    0xff, 0xff, 0xff, 0xff, 0x20, 0x0, 0x0, 0x0,
    0x0, 0x0, 0x0, 0x0, 0x0, 0x0, 0x0, 0x0,
    0xff, 0xff, 0xff, 0xff, 0xff, 0x20, 0x0, 0x0,
    0x0, 0x0, 0x0, 0x0, 0x0, 0x0, 0x0, 0x0,
    0x0, 0xff, 0xff, 0xff, 0xff, 0xff, 0x20, 0x0,
    0x0, 0x0, 0x0, 0x0, 0x0, 0x0, 0x0, 0x0,
    0x0, 0x0, 0xff, 0xff, 0xff, 0xff, 0xff, 0x20,
    0x0, 0x0, 0x0, 0x0, 0x0, 0x0, 0x0, 0x0,
    0x0, 0x0, 0x0, 0xff, 0xff, 0xff, 0xff, 0xff,
    0x20, 0x0, 0x0, 0x0, 0x0, 0x0, 0x0, 0x0,
    0x0, 0x0, 0x0, 0x0, 0xff, 0xff, 0xff, 0xff,
    0xff, 0x20, 0x0, 0x0, 0x0, 0x0, 0x0, 0x0,
    0x0, 0x0, 0x0, 0x0, 0x0, 0xff, 0xff, 0xff,
    0xff, 0xff, 0x20, 0x0, 0x0, 0x0, 0x0, 0x0,
    0x0, 0x0, 0x0, 0x0, 0x0, 0x0, 0xff, 0xff,
    0xff, 0xff, 0xff, 0x20, 0x0, 0x0, 0x0, 0x0,
    0x0, 0x0, 0x0, 0x0, 0x0, 0x0, 0x0, 0xff,
    0xff, 0xff, 0xff, 0xff, 0x20, 0x0, 0x0, 0x0,
    0x0, 0x0, 0x0, 0x0, 0x0, 0x0, 0x0, 0x0,
    0xff, 0xff, 0xff, 0xff, 0xff, 0x20, 0x0, 0x0,
    0x0, 0x0, 0x0, 0x0, 0x0, 0x0, 0x0, 0x0,
    0x0, 0xff, 0xff, 0xff, 0xff, 0xff, 0x20, 0x0,
    0x0, 0x0, 0x0, 0x0, 0x0, 0x0, 0x0, 0x0,
    0x0, 0x0, 0xff, 0xff, 0xff, 0xff, 0xff, 0x20,
    0x0, 0x0, 0x0, 0x0, 0x0, 0x0, 0x0, 0x0,
    0x0, 0x0, 0x0, 0xff, 0xff, 0xff, 0xff, 0xff,
    0x20, 0x0, 0x0, 0x0, 0x0, 0x0, 0x0, 0x0,
    0x0, 0x0, 0x0, 0x0, 0xff, 0xff, 0xff, 0xff,
    0xff, 0x20, 0x0, 0x0, 0x0, 0x0, 0x0, 0x0,
    0x0, 0x0, 0x0, 0x0, 0x0, 0xff, 0xff, 0xff,
    0xff, 0xff, 0x20, 0x0, 0x0, 0x0, 0x0, 0x0,
    0x0, 0x0, 0x0, 0x0, 0x0, 0x0, 0xff, 0xff,
    0xff, 0xff, 0xff, 0x20, 0x0, 0x0, 0x0, 0x0,
    0x0, 0x0, 0x0, 0x0, 0x0, 0x0, 0x0, 0xff,
    0xff, 0xff, 0xff, 0xff, 0xd2, 0xcc, 0xcc, 0xcc,
    0xcc, 0xcc, 0xcc, 0xcc, 0xcc, 0xcc, 0xcc, 0x9,
    0xff, 0xff, 0xff, 0xff, 0xff, 0xff, 0xff, 0xff,
    0xff, 0xff, 0xff, 0xff, 0xff, 0xff, 0xff, 0xff,
    0xc, 0xff, 0xff, 0xff, 0xff, 0xff, 0xff, 0xff,
    0xff, 0xff, 0xff, 0xff, 0xff, 0xff, 0xff, 0xff,
    0xff, 0xc, 0xff, 0xff, 0xff, 0xff, 0xff, 0xff,
    0xff, 0xff, 0xff, 0xff, 0xff, 0xff, 0xff, 0xff,
    0xff, 0xff, 0xc, 0xff, 0xff, 0xff, 0xff, 0xff,
    0xff, 0xff, 0xff, 0xff, 0xff, 0xff, 0xff, 0xff,
    0xff, 0xff, 0xff, 0xc,

    /* U+004D "M" */
    0x90, 0xff, 0xff, 0xff, 0xff, 0xd7, 0x0, 0x0,
    0x0, 0x0, 0x0, 0x0, 0x7c, 0xff, 0xff, 0xff,
    0xff, 0x90, 0x90, 0xff, 0xff, 0xff, 0xff, 0xff,
    0x27, 0x0, 0x0, 0x0, 0x0, 0x0, 0xd2, 0xff,
    0xff, 0xff, 0xff, 0x90, 0x90, 0xff, 0xff, 0xff,
    0xff, 0xff, 0x77, 0x0, 0x0, 0x0, 0x0, 0x28,
    0xff, 0xff, 0xff, 0xff, 0xff, 0x90, 0x90, 0xff,
    0xff, 0xff, 0xff, 0xff, 0xc7, 0x0, 0x0, 0x0,
    0x0, 0x7f, 0xff, 0xff, 0xff, 0xff, 0xff, 0x90,
    0x90, 0xff, 0xff, 0xff, 0xff, 0xff, 0xfe, 0x18,
    0x0, 0x0, 0x0, 0xd5, 0xff, 0xff, 0xff, 0xff,
    0xff, 0x90, 0x90, 0xff, 0xff, 0xff, 0xff, 0xff,
    0xff, 0x66, 0x0, 0x0, 0x2c, 0xff, 0xff, 0xff,
    0xff, 0xff, 0xff, 0x90, 0x90, 0xff, 0xff, 0xff,
    0xff, 0xff, 0xff, 0xb6, 0x0, 0x0, 0x82, 0xff,
    0xff, 0xff, 0xff, 0xff, 0xff, 0x90, 0x90, 0xff,
    0xff, 0xff, 0xff, 0xff, 0xff, 0xf8, 0xd, 0x0,
    0xd8, 0xff, 0xff, 0xff, 0xff, 0xff, 0xff, 0x90,
    0x90, 0xff, 0xff, 0xff, 0xff, 0xff, 0xff, 0xff,
    0x55, 0x2f, 0xff, 0xff, 0xff, 0xff, 0xff, 0xff,
    0xff, 0x90, 0x90, 0xff, 0xff, 0xff, 0xff, 0xff,
    0xff, 0xff, 0xa5, 0x86, 0xff, 0xff, 0xff, 0xff,
    0xff, 0xff, 0xff, 0x90, 0x90, 0xff, 0xff, 0xff,
    0xfe, 0xff, 0xff, 0xff, 0xef, 0xdd, 0xff, 0xff,
    0xff, 0xfe, 0xff, 0xff, 0xff, 0x90, 0x90, 0xff,
    0xff, 0xff, 0xce, 0xf4, 0xff, 0xff, 0xff, 0xff,
    0xff, 0xff, 0xfc, 0xc6, 0xff, 0xff, 0xff, 0x90,
    0x90, 0xff, 0xff, 0xff, 0xc4, 0xa6, 0xff, 0xff,
    0xff, 0xff, 0xff, 0xff, 0xb9, 0xb0, 0xff, 0xff,
    0xff, 0x90, 0x90, 0xff, 0xff, 0xff, 0xc4, 0x4c,
    0xff, 0xff, 0xff, 0xff, 0xff, 0xff, 0x60, 0xb0,
    0xff, 0xff, 0xff, 0x90, 0x90, 0xff, 0xff, 0xff,
    0xc4, 0x5, 0xed, 0xff, 0xff, 0xff, 0xff, 0xf8,
    0xf, 0xb0, 0xff, 0xff, 0xff, 0x90, 0x90, 0xff,
    0xff, 0xff, 0xc4, 0x0, 0x9a, 0xff, 0xff, 0xff,
    0xff, 0xae, 0x0, 0xb0, 0xff, 0xff, 0xff, 0x90,
    0x90, 0xff, 0xff, 0xff, 0xc4, 0x0, 0x41, 0xff,
    0xff, 0xff, 0xff, 0x55, 0x0, 0xb0, 0xff, 0xff,
    0xff, 0x90, 0x90, 0xff, 0xff, 0xff, 0xc4, 0x0,
    0x2, 0xe5, 0xff, 0xff, 0xf3, 0x9, 0x0, 0xb0,
    0xff, 0xff, 0xff, 0x90, 0x90, 0xff, 0xff, 0xff,
    0xc4, 0x0, 0x0, 0x8e, 0xff, 0xff, 0xa3, 0x0,
    0x0, 0xb0, 0xff, 0xff, 0xff, 0x90, 0x90, 0xff,
    0xff, 0xff, 0xc4, 0x0, 0x0, 0x35, 0xff, 0xff,
    0x4b, 0x0, 0x0, 0xb0, 0xff, 0xff, 0xff, 0x90,
    0x90, 0xff, 0xff, 0xff, 0xc4, 0x0, 0x0, 0x0,
    0xdb, 0xed, 0x5, 0x0, 0x0, 0xb0, 0xff, 0xff,
    0xff, 0x90, 0x90, 0xff, 0xff, 0xff, 0xc4, 0x0,
    0x0, 0x0, 0x82, 0x99, 0x0, 0x0, 0x0, 0xb0,
    0xff, 0xff, 0xff, 0x90, 0x90, 0xff, 0xff, 0xff,
    0xc4, 0x0, 0x0, 0x0, 0x29, 0x40, 0x0, 0x0,
    0x0, 0xb0, 0xff, 0xff, 0xff, 0x90, 0x90, 0xff,
    0xff, 0xff, 0xc4, 0x0, 0x0, 0x0, 0x0, 0x0,
    0x0, 0x0, 0x0, 0xb0, 0xff, 0xff, 0xff, 0x90,
    0x90, 0xff, 0xff, 0xff, 0xc4, 0x0, 0x0, 0x0,
    0x0, 0x0, 0x0, 0x0, 0x0, 0xb0, 0xff, 0xff,
    0xff, 0x90, 0x90, 0xff, 0xff, 0xff, 0xc4, 0x0,
    0x0, 0x0, 0x0, 0x0, 0x0, 0x0, 0x0, 0xb0,
    0xff, 0xff, 0xff, 0x90, 0x90, 0xff, 0xff, 0xff,
    0xc4, 0x0, 0x0, 0x0, 0x0, 0x0, 0x0, 0x0,
    0x0, 0xb0, 0xff, 0xff, 0xff, 0x90, 0x90, 0xff,
    0xff, 0xff, 0xc4, 0x0, 0x0, 0x0, 0x0, 0x0,
    0x0, 0x0, 0x0, 0xb0, 0xff, 0xff, 0xff, 0x90,

    /* U+004E "N" */
    0xff, 0xff, 0xff, 0xff, 0xff, 0xfd, 0x1b, 0x0,
    0x0, 0x0, 0x0, 0x98, 0xff, 0xff, 0xff, 0xff,
    0xff, 0xff, 0xff, 0xff, 0xff, 0xff, 0x75, 0x0,
    0x0, 0x0, 0x0, 0x98, 0xff, 0xff, 0xff, 0xff,
    0xff, 0xff, 0xff, 0xff, 0xff, 0xff, 0xd1, 0x0,
    0x0, 0x0, 0x0, 0x98, 0xff, 0xff, 0xff, 0xff,
    0xff, 0xff, 0xff, 0xff, 0xff, 0xff, 0xff, 0x2d,
    0x0, 0x0, 0x0, 0x98, 0xff, 0xff, 0xff, 0xff,
    0xff, 0xff, 0xff, 0xff, 0xff, 0xff, 0xff, 0x88,
    0x0, 0x0, 0x0, 0x98, 0xff, 0xff, 0xff, 0xff,
    0xff, 0xff, 0xff, 0xff, 0xff, 0xff, 0xff, 0xe2,
    0x1, 0x0, 0x0, 0x98, 0xff, 0xff, 0xff, 0xff,
    0xff, 0xff, 0xff, 0xff, 0xff, 0xff, 0xff, 0xff,
    0x40, 0x0, 0x0, 0x98, 0xff, 0xff, 0xff, 0xff,
    0xff, 0xff, 0xff, 0xff, 0xff, 0xff, 0xff, 0xff,
    0x9c, 0x0, 0x0, 0x98, 0xff, 0xff, 0xff, 0xff,
    0xff, 0xff, 0xff, 0xff, 0xff, 0xff, 0xff, 0xff,
    0xf0, 0x7, 0x0, 0x98, 0xff, 0xff, 0xff, 0xff,
    0xff, 0xff, 0xff, 0xff, 0xff, 0xff, 0xff, 0xff,
    0xff, 0x53, 0x0, 0x98, 0xff, 0xff, 0xff, 0xff,
    0xff, 0xff, 0xff, 0xff, 0xff, 0xff, 0xff, 0xff,
    0xff, 0xaf, 0x0, 0x98, 0xff, 0xff, 0xff, 0xff,
    0xff, 0xff, 0xff, 0xff, 0xf8, 0xff, 0xff, 0xff,
    0xff, 0xf9, 0x11, 0x98, 0xff, 0xff, 0xff, 0xff,
    0xff, 0xff, 0xff, 0xff, 0xad, 0xf9, 0xff, 0xff,
    0xff, 0xff, 0x67, 0x98, 0xff, 0xff, 0xff, 0xff,
    0xff, 0xff, 0xff, 0xff, 0x98, 0xaa, 0xff, 0xff,
    0xff, 0xff, 0xc2, 0x98, 0xff, 0xff, 0xff, 0xff,
    0xff, 0xff, 0xff, 0xff, 0x98, 0x45, 0xff, 0xff,
    0xff, 0xff, 0xfe, 0xb7, 0xff, 0xff, 0xff, 0xff,
    0xff, 0xff, 0xff, 0xff, 0x98, 0x1, 0xdd, 0xff,
    0xff, 0xff, 0xff, 0xfb, 0xff, 0xff, 0xff, 0xff,
    0xff, 0xff, 0xff, 0xff, 0x98, 0x0, 0x7a, 0xff,
    0xff, 0xff, 0xff, 0xff, 0xff, 0xff, 0xff, 0xff,
    0xff, 0xff, 0xff, 0xff, 0x98, 0x0, 0x19, 0xfb,
    0xff, 0xff, 0xff, 0xff, 0xff, 0xff, 0xff, 0xff,
    0xff, 0xff, 0xff, 0xff, 0x98, 0x0, 0x0, 0xaf,
    0xff, 0xff, 0xff, 0xff, 0xff, 0xff, 0xff, 0xff,
    0xff, 0xff, 0xff, 0xff, 0x98, 0x0, 0x0, 0x4a,
    0xff, 0xff, 0xff, 0xff, 0xff, 0xff, 0xff, 0xff,
    0xff, 0xff, 0xff, 0xff, 0x98, 0x0, 0x0, 0x2,
    0xe1, 0xff, 0xff, 0xff, 0xff, 0xff, 0xff, 0xff,
    0xff, 0xff, 0xff, 0xff, 0x98, 0x0, 0x0, 0x0,
    0x7f, 0xff, 0xff, 0xff, 0xff, 0xff, 0xff, 0xff,
    0xff, 0xff, 0xff, 0xff, 0x98, 0x0, 0x0, 0x0,
    0x1d, 0xfc, 0xff, 0xff, 0xff, 0xff, 0xff, 0xff,
    0xff, 0xff, 0xff, 0xff, 0x98, 0x0, 0x0, 0x0,
    0x0, 0xb4, 0xff, 0xff, 0xff, 0xff, 0xff, 0xff,
    0xff, 0xff, 0xff, 0xff, 0x98, 0x0, 0x0, 0x0,
    0x0, 0x4f, 0xff, 0xff, 0xff, 0xff, 0xff, 0xff,
    0xff, 0xff, 0xff, 0xff, 0x98, 0x0, 0x0, 0x0,
    0x0, 0x4, 0xe5, 0xff, 0xff, 0xff, 0xff, 0xff,
    0xff, 0xff, 0xff, 0xff, 0x98, 0x0, 0x0, 0x0,
    0x0, 0x0, 0x84, 0xff, 0xff, 0xff, 0xff, 0xff,
    0xff, 0xff, 0xff, 0xff, 0x98, 0x0, 0x0, 0x0,
    0x0, 0x0, 0x20, 0xfe, 0xff, 0xff, 0xff, 0xff,

    /* U+004F "O" */
    0x0, 0x0, 0x0, 0x0, 0xb, 0x6c, 0xb3, 0xe2,
    0xf5, 0xf6, 0xe2, 0xb3, 0x6b, 0xb, 0x0, 0x0,
    0x0, 0x0, 0x0, 0x0, 0x0, 0x50, 0xea, 0xff,
    0xff, 0xff, 0xff, 0xff, 0xff, 0xff, 0xff, 0xe9,
    0x4d, 0x0, 0x0, 0x0, 0x0, 0x0, 0x5c, 0xfd,
    0xff, 0xff, 0xff, 0xff, 0xff, 0xff, 0xff, 0xff,
    0xff, 0xff, 0xfd, 0x59, 0x0, 0x0, 0x0, 0x23,
    0xf5, 0xff, 0xff, 0xff, 0xff, 0xff, 0xff, 0xff,
    0xff, 0xff, 0xff, 0xff, 0xff, 0xf3, 0x21, 0x0,
    0x0, 0x9a, 0xff, 0xff, 0xff, 0xff, 0xff, 0xa9,
    0x5d, 0x5d, 0xaa, 0xff, 0xff, 0xff, 0xff, 0xff,
    0x97, 0x0, 0x3, 0xf3, 0xff, 0xff, 0xff, 0xff,
    0x89, 0x0, 0x0, 0x0, 0x0, 0x8a, 0xff, 0xff,
    0xff, 0xff, 0xf2, 0x3, 0x33, 0xff, 0xff, 0xff,
    0xff, 0xfa, 0x10, 0x0, 0x0, 0x0, 0x0, 0x10,
    0xfa, 0xff, 0xff, 0xff, 0xff, 0x31, 0x53, 0xff,
    0xff, 0xff, 0xff, 0xd0, 0x0, 0x0, 0x0, 0x0,
    0x0, 0x0, 0xd2, 0xff, 0xff, 0xff, 0xff, 0x51,
    0x63, 0xff, 0xff, 0xff, 0xff, 0xbc, 0x0, 0x0,
    0x0, 0x0, 0x0, 0x0, 0xbc, 0xff, 0xff, 0xff,
    0xff, 0x62, 0x68, 0xff, 0xff, 0xff, 0xff, 0xb8,
    0x0, 0x0, 0x0, 0x0, 0x0, 0x0, 0xb8, 0xff,
    0xff, 0xff, 0xff, 0x68, 0x68, 0xff, 0xff, 0xff,
    0xff, 0xb8, 0x0, 0x0, 0x0, 0x0, 0x0, 0x0,
    0xb8, 0xff, 0xff, 0xff, 0xff, 0x68, 0x68, 0xff,
    0xff, 0xff, 0xff, 0xb8, 0x0, 0x0, 0x0, 0x0,
    0x0, 0x0, 0xb8, 0xff, 0xff, 0xff, 0xff, 0x68,
    0x68, 0xff, 0xff, 0xff, 0xff, 0xb8, 0x0, 0x0,
    0x0, 0x0, 0x0, 0x0, 0xb8, 0xff, 0xff, 0xff,
    0xff, 0x68, 0x68, 0xff, 0xff, 0xff, 0xff, 0xb8,
    0x0, 0x0, 0x0, 0x0, 0x0, 0x0, 0xb8, 0xff,
    0xff, 0xff, 0xff, 0x68, 0x68, 0xff, 0xff, 0xff,
    0xff, 0xb8, 0x0, 0x0, 0x0, 0x0, 0x0, 0x0,
    0xb8, 0xff, 0xff, 0xff, 0xff, 0x68, 0x68, 0xff,
    0xff, 0xff, 0xff, 0xb8, 0x0, 0x0, 0x0, 0x0,
    0x0, 0x0, 0xb8, 0xff, 0xff, 0xff, 0xff, 0x68,
    0x68, 0xff, 0xff, 0xff, 0xff, 0xb8, 0x0, 0x0,
    0x0, 0x0, 0x0, 0x0, 0xb8, 0xff, 0xff, 0xff,
    0xff, 0x68, 0x68, 0xff, 0xff, 0xff, 0xff, 0xb8,
    0x0, 0x0, 0x0, 0x0, 0x0, 0x0, 0xb8, 0xff,
    0xff, 0xff, 0xff, 0x68, 0x68, 0xff, 0xff, 0xff,
    0xff, 0xb8, 0x0, 0x0, 0x0, 0x0, 0x0, 0x0,
    0xb8, 0xff, 0xff, 0xff, 0xff, 0x68, 0x63, 0xff,
    0xff, 0xff, 0xff, 0xbc, 0x0, 0x0, 0x0, 0x0,
    0x0, 0x0, 0xbc, 0xff, 0xff, 0xff, 0xff, 0x62,
    0x53, 0xff, 0xff, 0xff, 0xff, 0xd0, 0x0, 0x0,
    0x0, 0x0, 0x0, 0x0, 0xd2, 0xff, 0xff, 0xff,
    0xff, 0x51, 0x33, 0xff, 0xff, 0xff, 0xff, 0xf9,
    0xf, 0x0, 0x0, 0x0, 0x0, 0x10, 0xfa, 0xff,
    0xff, 0xff, 0xff, 0x31, 0x3, 0xf2, 0xff, 0xff,
    0xff, 0xff, 0x89, 0x0, 0x0, 0x0, 0x0, 0x8a,
    0xff, 0xff, 0xff, 0xff, 0xf2, 0x3, 0x0, 0x99,
    0xff, 0xff, 0xff, 0xff, 0xff, 0xa9, 0x5c, 0x5d,
    0xa9, 0xff, 0xff, 0xff, 0xff, 0xff, 0x97, 0x0,
    0x0, 0x23, 0xf5, 0xff, 0xff, 0xff, 0xff, 0xff,
    0xff, 0xff, 0xff, 0xff, 0xff, 0xff, 0xff, 0xf3,
    0x21, 0x0, 0x0, 0x0, 0x5c, 0xfe, 0xff, 0xff,
    0xff, 0xff, 0xff, 0xff, 0xff, 0xff, 0xff, 0xff,
    0xfd, 0x59, 0x0, 0x0, 0x0, 0x0, 0x0, 0x50,
    0xeb, 0xff, 0xff, 0xff, 0xff, 0xff, 0xff, 0xff,
    0xff, 0xea, 0x4e, 0x0, 0x0, 0x0, 0x0, 0x0,
    0x0, 0x0, 0xc, 0x6d, 0xb5, 0xe3, 0xf6, 0xf6,
    0xe3, 0xb4, 0x6c, 0xb, 0x0, 0x0, 0x0, 0x0,

    /* U+0050 "P" */
    0xff, 0xff, 0xff, 0xff, 0xff, 0xff, 0xff, 0xfe,
    0xef, 0xda, 0xa6, 0x60, 0x7, 0x0, 0x0, 0x0,
    0x0, 0xff, 0xff, 0xff, 0xff, 0xff, 0xff, 0xff,
    0xff, 0xff, 0xff, 0xff, 0xff, 0xe5, 0x50, 0x0,
    0x0, 0x0, 0xff, 0xff, 0xff, 0xff, 0xff, 0xff,
    0xff, 0xff, 0xff, 0xff, 0xff, 0xff, 0xff, 0xfe,
    0x6e, 0x0, 0x0, 0xff, 0xff, 0xff, 0xff, 0xff,
    0xff, 0xff, 0xff, 0xff, 0xff, 0xff, 0xff, 0xff,
    0xff, 0xfc, 0x3f, 0x0, 0xff, 0xff, 0xff, 0xff,
    0xff, 0xd2, 0xcc, 0xcd, 0xe0, 0xff, 0xff, 0xff,
    0xff, 0xff, 0xff, 0xc9, 0x0, 0xff, 0xff, 0xff,
    0xff, 0xff, 0x20, 0x0, 0x0, 0x0, 0x1f, 0xb6,
    0xff, 0xff, 0xff, 0xff, 0xff, 0x34, 0xff, 0xff,
    0xff, 0xff, 0xff, 0x20, 0x0, 0x0, 0x0, 0x0,
    0xa, 0xe9, 0xff, 0xff, 0xff, 0xff, 0x75, 0xff,
    0xff, 0xff, 0xff, 0xff, 0x20, 0x0, 0x0, 0x0,
    0x0, 0x0, 0x9f, 0xff, 0xff, 0xff, 0xff, 0xa3,
    0xff, 0xff, 0xff, 0xff, 0xff, 0x20, 0x0, 0x0,
    0x0, 0x0, 0x0, 0x82, 0xff, 0xff, 0xff, 0xff,
    0xb6, 0xff, 0xff, 0xff, 0xff, 0xff, 0x20, 0x0,
    0x0, 0x0, 0x0, 0x0, 0x86, 0xff, 0xff, 0xff,
    0xff, 0xbd, 0xff, 0xff, 0xff, 0xff, 0xff, 0x20,
    0x0, 0x0, 0x0, 0x0, 0x0, 0xaf, 0xff, 0xff,
    0xff, 0xff, 0xac, 0xff, 0xff, 0xff, 0xff, 0xff,
    0x20, 0x0, 0x0, 0x0, 0x0, 0x1b, 0xf7, 0xff,
    0xff, 0xff, 0xff, 0x8c, 0xff, 0xff, 0xff, 0xff,
    0xff, 0x20, 0x0, 0x0, 0x0, 0x2e, 0xd0, 0xff,
    0xff, 0xff, 0xff, 0xff, 0x4e, 0xff, 0xff, 0xff,
    0xff, 0xff, 0xd2, 0xcc, 0xcd, 0xe3, 0xff, 0xff,
    0xff, 0xff, 0xff, 0xff, 0xe8, 0x8, 0xff, 0xff,
    0xff, 0xff, 0xff, 0xff, 0xff, 0xff, 0xff, 0xff,
    0xff, 0xff, 0xff, 0xff, 0xff, 0x6b, 0x0, 0xff,
    0xff, 0xff, 0xff, 0xff, 0xff, 0xff, 0xff, 0xff,
    0xff, 0xff, 0xff, 0xff, 0xff, 0xa2, 0x0, 0x0,
    0xff, 0xff, 0xff, 0xff, 0xff, 0xff, 0xff, 0xff,
    0xff, 0xff, 0xff, 0xff, 0xf5, 0x79, 0x1, 0x0,
    0x0, 0xff, 0xff, 0xff, 0xff, 0xff, 0xff, 0xff,
    0xfe, 0xf0, 0xde, 0xaf, 0x70, 0x12, 0x0, 0x0,
    0x0, 0x0, 0xff, 0xff, 0xff, 0xff, 0xff, 0x20,
    0x0, 0x0, 0x0, 0x0, 0x0, 0x0, 0x0, 0x0,
    0x0, 0x0, 0x0, 0xff, 0xff, 0xff, 0xff, 0xff,
    0x20, 0x0, 0x0, 0x0, 0x0, 0x0, 0x0, 0x0,
    0x0, 0x0, 0x0, 0x0, 0xff, 0xff, 0xff, 0xff,
    0xff, 0x20, 0x0, 0x0, 0x0, 0x0, 0x0, 0x0,
    0x0, 0x0, 0x0, 0x0, 0x0, 0xff, 0xff, 0xff,
    0xff, 0xff, 0x20, 0x0, 0x0, 0x0, 0x0, 0x0,
    0x0, 0x0, 0x0, 0x0, 0x0, 0x0, 0xff, 0xff,
    0xff, 0xff, 0xff, 0x20, 0x0, 0x0, 0x0, 0x0,
    0x0, 0x0, 0x0, 0x0, 0x0, 0x0, 0x0, 0xff,
    0xff, 0xff, 0xff, 0xff, 0x20, 0x0, 0x0, 0x0,
    0x0, 0x0, 0x0, 0x0, 0x0, 0x0, 0x0, 0x0,
    0xff, 0xff, 0xff, 0xff, 0xff, 0x20, 0x0, 0x0,
    0x0, 0x0, 0x0, 0x0, 0x0, 0x0, 0x0, 0x0,
    0x0, 0xff, 0xff, 0xff, 0xff, 0xff, 0x20, 0x0,
    0x0, 0x0, 0x0, 0x0, 0x0, 0x0, 0x0, 0x0,
    0x0, 0x0, 0xff, 0xff, 0xff, 0xff, 0xff, 0x20,
    0x0, 0x0, 0x0, 0x0, 0x0, 0x0, 0x0, 0x0,
    0x0, 0x0, 0x0, 0xff, 0xff, 0xff, 0xff, 0xff,
    0x20, 0x0, 0x0, 0x0, 0x0, 0x0, 0x0, 0x0,
    0x0, 0x0, 0x0, 0x0,

    /* U+0051 "Q" */
    0x0, 0x0, 0x0, 0x0, 0xa, 0x69, 0xb2, 0xe2,
    0xf5, 0xf6, 0xe2, 0xb2, 0x69, 0x9, 0x0, 0x0,
    0x0, 0x0, 0x0, 0x0, 0x0, 0x49, 0xe7, 0xff,
    0xff, 0xff, 0xff, 0xff, 0xff, 0xff, 0xff, 0xe6,
    0x47, 0x0, 0x0, 0x0, 0x0, 0x0, 0x53, 0xfc,
    0xff, 0xff, 0xff, 0xff, 0xff, 0xff, 0xff, 0xff,
    0xff, 0xff, 0xfb, 0x50, 0x0, 0x0, 0x0, 0x1c,
    0xf0, 0xff, 0xff, 0xff, 0xff, 0xff, 0xff, 0xff,
    0xff, 0xff, 0xff, 0xff, 0xff, 0xef, 0x1b, 0x0,
    0x0, 0x90, 0xff, 0xff, 0xff, 0xff, 0xff, 0xac,
    0x5e, 0x5e, 0xac, 0xff, 0xff, 0xff, 0xff, 0xff,
    0x8e, 0x0, 0x1, 0xed, 0xff, 0xff, 0xff, 0xff,
    0x8f, 0x0, 0x0, 0x0, 0x0, 0x90, 0xff, 0xff,
    0xff, 0xff, 0xed, 0x1, 0x2c, 0xff, 0xff, 0xff,
    0xff, 0xfb, 0x13, 0x0, 0x0, 0x0, 0x0, 0x14,
    0xfc, 0xff, 0xff, 0xff, 0xff, 0x2b, 0x50, 0xff,
    0xff, 0xff, 0xff, 0xd3, 0x0, 0x0, 0x0, 0x0,
    0x0, 0x0, 0xd5, 0xff, 0xff, 0xff, 0xff, 0x4f,
    0x61, 0xff, 0xff, 0xff, 0xff, 0xbd, 0x0, 0x0,
    0x0, 0x0, 0x0, 0x0, 0xbe, 0xff, 0xff, 0xff,
    0xff, 0x61, 0x68, 0xff, 0xff, 0xff, 0xff, 0xb8,
    0x0, 0x0, 0x0, 0x0, 0x0, 0x0, 0xb8, 0xff,
    0xff, 0xff, 0xff, 0x68, 0x68, 0xff, 0xff, 0xff,
    0xff, 0xb8, 0x0, 0x0, 0x0, 0x0, 0x0, 0x0,
    0xb8, 0xff, 0xff, 0xff, 0xff, 0x68, 0x68, 0xff,
    0xff, 0xff, 0xff, 0xb8, 0x0, 0x0, 0x0, 0x0,
    0x0, 0x0, 0xb8, 0xff, 0xff, 0xff, 0xff, 0x68,
    0x68, 0xff, 0xff, 0xff, 0xff, 0xb8, 0x0, 0x0,
    0x0, 0x0, 0x0, 0x0, 0xb8, 0xff, 0xff, 0xff,
    0xff, 0x68, 0x68, 0xff, 0xff, 0xff, 0xff, 0xb8,
    0x0, 0x0, 0x0, 0x0, 0x0, 0x0, 0xb8, 0xff,
    0xff, 0xff, 0xff, 0x68, 0x68, 0xff, 0xff, 0xff,
    0xff, 0xb8, 0x0, 0x0, 0x0, 0x0, 0x0, 0x0,
    0xb8, 0xff, 0xff, 0xff, 0xff, 0x68, 0x68, 0xff,
    0xff, 0xff, 0xff, 0xb8, 0x0, 0x0, 0x0, 0x0,
    0x0, 0x0, 0xb8, 0xff, 0xff, 0xff, 0xff, 0x68,
    0x68, 0xff, 0xff, 0xff, 0xff, 0xb8, 0x0, 0x0,
    0x0, 0x0, 0x0, 0x0, 0xb8, 0xff, 0xff, 0xff,
    0xff, 0x68, 0x68, 0xff, 0xff, 0xff, 0xff, 0xb8,
    0x0, 0x0, 0x0, 0x0, 0x0, 0x0, 0xb8, 0xff,
    0xff, 0xff, 0xff, 0x68, 0x68, 0xff, 0xff, 0xff,
    0xff, 0xb8, 0x0, 0x0, 0x0, 0x0, 0x0, 0x0,
    0xb8, 0xff, 0xff, 0xff, 0xff, 0x68, 0x62, 0xff,
    0xff, 0xff, 0xff, 0xbd, 0x0, 0x0, 0x0, 0x0,
    0x0, 0x0, 0xbe, 0xff, 0xff, 0xff, 0xff, 0x5e,
    0x51, 0xff, 0xff, 0xff, 0xff, 0xd3, 0x0, 0x0,
    0x0, 0x0, 0x0, 0x0, 0xd5, 0xff, 0xff, 0xff,
    0xff, 0x46, 0x2f, 0xff, 0xff, 0xff, 0xff, 0xfb,
    0x13, 0x0, 0x0, 0x0, 0x0, 0x14, 0xfc, 0xff,
    0xff, 0xff, 0xff, 0x2c, 0x2, 0xf1, 0xff, 0xff,
    0xff, 0xff, 0x91, 0x0, 0x0, 0x0, 0x0, 0x92,
    0xff, 0xff, 0xff, 0xff, 0xe5, 0x1, 0x0, 0x97,
    0xff, 0xff, 0xff, 0xff, 0xff, 0xae, 0x60, 0x61,
    0xaf, 0xff, 0xff, 0xff, 0xff, 0xff, 0x92, 0x0,
    0x0, 0x23, 0xf5, 0xff, 0xff, 0xff, 0xff, 0xff,
    0xff, 0xff, 0xff, 0xff, 0xff, 0xff, 0xff, 0xec,
    0x18, 0x0, 0x0, 0x0, 0x60, 0xfe, 0xff, 0xff,
    0xff, 0xff, 0xff, 0xff, 0xff, 0xff, 0xff, 0xff,
    0xf9, 0x4e, 0x0, 0x0, 0x0, 0x0, 0x0, 0x58,
    0xef, 0xff, 0xff, 0xff, 0xff, 0xff, 0xff, 0xff,
    0xff, 0xe7, 0x37, 0x0, 0x0, 0x0, 0x0, 0x0,
    0x0, 0x0, 0x11, 0x75, 0xbd, 0xe6, 0xf9, 0xff,
    0xff, 0xff, 0xff, 0xe1, 0x2, 0x0, 0x0, 0x0,
    0x0, 0x0, 0x0, 0x0, 0x0, 0x0, 0x0, 0x0,
    0xf, 0xf7, 0xff, 0xff, 0xff, 0xff, 0x48, 0x0,
    0x0, 0x0, 0x0, 0x0, 0x0, 0x0, 0x0, 0x0,
    0x0, 0x0, 0x0, 0xab, 0xff, 0xff, 0xff, 0xff,
    0xac, 0x0, 0x0, 0x0, 0x0, 0x0, 0x0, 0x0,
    0x0, 0x0, 0x0, 0x0, 0x0, 0x4f, 0xff, 0xff,
    0xff, 0xff, 0xfa, 0x15, 0x0, 0x0, 0x0, 0x0,
    0x0, 0x0, 0x0, 0x0, 0x0, 0x0, 0x0, 0x6,
    0xed, 0xff, 0xff, 0xff, 0xff, 0x74, 0x0, 0x0,
    0x0, 0x0, 0x0, 0x0, 0x0, 0x0, 0x0, 0x0,
    0x0, 0x0, 0x57, 0x80, 0x80, 0x80, 0x80, 0x5f,
    0x0, 0x0,

    /* U+0052 "R" */
    0xff, 0xff, 0xff, 0xff, 0xff, 0xff, 0xff, 0xff,
    0xf6, 0xe3, 0xb8, 0x75, 0x12, 0x0, 0x0, 0x0,
    0x0, 0x0, 0xff, 0xff, 0xff, 0xff, 0xff, 0xff,
    0xff, 0xff, 0xff, 0xff, 0xff, 0xff, 0xf3, 0x6a,
    0x0, 0x0, 0x0, 0x0, 0xff, 0xff, 0xff, 0xff,
    0xff, 0xff, 0xff, 0xff, 0xff, 0xff, 0xff, 0xff,
    0xff, 0xff, 0x87, 0x0, 0x0, 0x0, 0xff, 0xff,
    0xff, 0xff, 0xff, 0xff, 0xff, 0xff, 0xff, 0xff,
    0xff, 0xff, 0xff, 0xff, 0xff, 0x4c, 0x0, 0x0,
    0xff, 0xff, 0xff, 0xff, 0xff, 0xd6, 0xcc, 0xd3,
    0xf0, 0xff, 0xff, 0xff, 0xff, 0xff, 0xff, 0xd0,
    0x0, 0x0, 0xff, 0xff, 0xff, 0xff, 0xff, 0x34,
    0x0, 0x0, 0x1, 0x45, 0xe0, 0xff, 0xff, 0xff,
    0xff, 0xff, 0x2b, 0x0, 0xff, 0xff, 0xff, 0xff,
    0xff, 0x34, 0x0, 0x0, 0x0, 0x0, 0x34, 0xff,
    0xff, 0xff, 0xff, 0xff, 0x67, 0x0, 0xff, 0xff,
    0xff, 0xff, 0xff, 0x34, 0x0, 0x0, 0x0, 0x0,
    0x0, 0xd9, 0xff, 0xff, 0xff, 0xff, 0x83, 0x0,
    0xff, 0xff, 0xff, 0xff, 0xff, 0x34, 0x0, 0x0,
    0x0, 0x0, 0x0, 0xb9, 0xff, 0xff, 0xff, 0xff,
    0x93, 0x0, 0xff, 0xff, 0xff, 0xff, 0xff, 0x34,
    0x0, 0x0, 0x0, 0x0, 0x0, 0xb6, 0xff, 0xff,
    0xff, 0xff, 0x89, 0x0, 0xff, 0xff, 0xff, 0xff,
    0xff, 0x34, 0x0, 0x0, 0x0, 0x0, 0x0, 0xce,
    0xff, 0xff, 0xff, 0xff, 0x6e, 0x0, 0xff, 0xff,
    0xff, 0xff, 0xff, 0x34, 0x0, 0x0, 0x0, 0x0,
    0x12, 0xfa, 0xff, 0xff, 0xff, 0xff, 0x39, 0x0,
    0xff, 0xff, 0xff, 0xff, 0xff, 0x34, 0x0, 0x0,
    0x0, 0x0, 0x93, 0xff, 0xff, 0xff, 0xff, 0xe4,
    0x2, 0x0, 0xff, 0xff, 0xff, 0xff, 0xff, 0x5d,
    0x34, 0x35, 0x4e, 0xab, 0xff, 0xff, 0xff, 0xff,
    0xff, 0x6d, 0x0, 0x0, 0xff, 0xff, 0xff, 0xff,
    0xff, 0xff, 0xff, 0xff, 0xff, 0xff, 0xff, 0xff,
    0xff, 0xff, 0xbe, 0x3, 0x0, 0x0, 0xff, 0xff,
    0xff, 0xff, 0xff, 0xff, 0xff, 0xff, 0xff, 0xff,
    0xff, 0xff, 0xff, 0xb7, 0xe, 0x0, 0x0, 0x0,
    0xff, 0xff, 0xff, 0xff, 0xff, 0xfd, 0xff, 0xff,
    0xff, 0xff, 0xff, 0xbc, 0x52, 0x0, 0x0, 0x0,
    0x0, 0x0, 0xff, 0xff, 0xff, 0xff, 0xff, 0xa0,
    0xff, 0xff, 0xff, 0xff, 0xff, 0x7b, 0x0, 0x0,
    0x0, 0x0, 0x0, 0x0, 0xff, 0xff, 0xff, 0xff,
    0xff, 0x39, 0xdc, 0xff, 0xff, 0xff, 0xff, 0xf1,
    0x14, 0x0, 0x0, 0x0, 0x0, 0x0, 0xff, 0xff,
    0xff, 0xff, 0xff, 0x34, 0x58, 0xff, 0xff, 0xff,
    0xff, 0xff, 0x92, 0x0, 0x0, 0x0, 0x0, 0x0,
    0xff, 0xff, 0xff, 0xff, 0xff, 0x34, 0x1, 0xcc,
    0xff, 0xff, 0xff, 0xff, 0xfa, 0x23, 0x0, 0x0,
    0x0, 0x0, 0xff, 0xff, 0xff, 0xff, 0xff, 0x34,
    0x0, 0x43, 0xff, 0xff, 0xff, 0xff, 0xff, 0xa9,
    0x0, 0x0, 0x0, 0x0, 0xff, 0xff, 0xff, 0xff,
    0xff, 0x34, 0x0, 0x0, 0xba, 0xff, 0xff, 0xff,
    0xff, 0xfe, 0x35, 0x0, 0x0, 0x0, 0xff, 0xff,
    0xff, 0xff, 0xff, 0x34, 0x0, 0x0, 0x32, 0xfe,
    0xff, 0xff, 0xff, 0xff, 0xbf, 0x0, 0x0, 0x0,
    0xff, 0xff, 0xff, 0xff, 0xff, 0x34, 0x0, 0x0,
    0x0, 0xa7, 0xff, 0xff, 0xff, 0xff, 0xff, 0x4b,
    0x0, 0x0, 0xff, 0xff, 0xff, 0xff, 0xff, 0x34,
    0x0, 0x0, 0x0, 0x22, 0xfa, 0xff, 0xff, 0xff,
    0xff, 0xd3, 0x3, 0x0, 0xff, 0xff, 0xff, 0xff,
    0xff, 0x34, 0x0, 0x0, 0x0, 0x0, 0x93, 0xff,
    0xff, 0xff, 0xff, 0xff, 0x62, 0x0, 0xff, 0xff,
    0xff, 0xff, 0xff, 0x34, 0x0, 0x0, 0x0, 0x0,
    0x16, 0xf2, 0xff, 0xff, 0xff, 0xff, 0xe4, 0x9,

    /* U+0053 "S" */
    0x0, 0x0, 0x0, 0x0, 0x14, 0x74, 0xb6, 0xe3,
    0xf5, 0xf8, 0xe6, 0xba, 0x73, 0xf, 0x0, 0x0,
    0x0, 0x0, 0x0, 0x0, 0x1, 0x6f, 0xf6, 0xff,
    0xff, 0xff, 0xff, 0xff, 0xff, 0xff, 0xff, 0xef,
    0x4c, 0x0, 0x0, 0x0, 0x0, 0x0, 0x8b, 0xff,
    0xff, 0xff, 0xff, 0xff, 0xff, 0xff, 0xff, 0xff,
    0xff, 0xff, 0xfc, 0x41, 0x0, 0x0, 0x0, 0x45,
    0xff, 0xff, 0xff, 0xff, 0xff, 0xff, 0xff, 0xff,
    0xff, 0xff, 0xff, 0xff, 0xff, 0xdd, 0x4, 0x0,
    0x0, 0xbf, 0xff, 0xff, 0xff, 0xff, 0xfa, 0x97,
    0x5f, 0x66, 0xaa, 0xff, 0xff, 0xff, 0xff, 0xff,
    0x4e, 0x0, 0xc, 0xfb, 0xff, 0xff, 0xff, 0xff,
    0x5d, 0x0, 0x0, 0x0, 0x0, 0x7d, 0xff, 0xff,
    0xff, 0xff, 0x91, 0x0, 0x2a, 0xff, 0xff, 0xff,
    0xff, 0xf9, 0x3, 0x0, 0x0, 0x0, 0x0, 0xe,
    0xff, 0xff, 0xff, 0xff, 0xb1, 0x0, 0x35, 0xff,
    0xff, 0xff, 0xff, 0xe8, 0x0, 0x0, 0x0, 0x0,
    0x0, 0x0, 0x4b, 0x50, 0x50, 0x50, 0x3c, 0x0,
    0x21, 0xff, 0xff, 0xff, 0xff, 0xfe, 0x1e, 0x0,
    0x0, 0x0, 0x0, 0x0, 0x0, 0x0, 0x0, 0x0,
    0x0, 0x0, 0x4, 0xee, 0xff, 0xff, 0xff, 0xff,
    0xc6, 0x14, 0x0, 0x0, 0x0, 0x0, 0x0, 0x0,
    0x0, 0x0, 0x0, 0x0, 0x0, 0x9e, 0xff, 0xff,
    0xff, 0xff, 0xff, 0xe6, 0x5b, 0x1, 0x0, 0x0,
    0x0, 0x0, 0x0, 0x0, 0x0, 0x0, 0x0, 0x20,
    0xf7, 0xff, 0xff, 0xff, 0xff, 0xff, 0xff, 0xcc,
    0x43, 0x0, 0x0, 0x0, 0x0, 0x0, 0x0, 0x0,
    0x0, 0x0, 0x5b, 0xfd, 0xff, 0xff, 0xff, 0xff,
    0xff, 0xff, 0xff, 0xb6, 0x28, 0x0, 0x0, 0x0,
    0x0, 0x0, 0x0, 0x0, 0x0, 0x57, 0xf2, 0xff,
    0xff, 0xff, 0xff, 0xff, 0xff, 0xff, 0xfa, 0x7e,
    0x3, 0x0, 0x0, 0x0, 0x0, 0x0, 0x0, 0x0,
    0x1e, 0xaf, 0xff, 0xff, 0xff, 0xff, 0xff, 0xff,
    0xff, 0xff, 0xb3, 0x7, 0x0, 0x0, 0x0, 0x0,
    0x0, 0x0, 0x0, 0x0, 0x40, 0xca, 0xff, 0xff,
    0xff, 0xff, 0xff, 0xff, 0xff, 0xb1, 0x0, 0x0,
    0x0, 0x0, 0x0, 0x0, 0x0, 0x0, 0x0, 0x0,
    0x51, 0xd6, 0xff, 0xff, 0xff, 0xff, 0xff, 0xff,
    0x60, 0x0, 0x0, 0x0, 0x0, 0x0, 0x0, 0x0,
    0x0, 0x0, 0x0, 0x7, 0x8e, 0xff, 0xff, 0xff,
    0xff, 0xff, 0xd6, 0x0, 0x0, 0x0, 0x0, 0x0,
    0x0, 0x0, 0x0, 0x0, 0x0, 0x0, 0x0, 0x91,
    0xff, 0xff, 0xff, 0xff, 0xff, 0x27, 0x0, 0x0,
    0x0, 0x0, 0x0, 0x0, 0x0, 0x0, 0x0, 0x0,
    0x0, 0xf, 0xfa, 0xff, 0xff, 0xff, 0xff, 0x49,
    0x29, 0x98, 0x98, 0x98, 0x98, 0x4f, 0x0, 0x0,
    0x0, 0x0, 0x0, 0x0, 0xe1, 0xff, 0xff, 0xff,
    0xff, 0x54, 0x2a, 0xff, 0xff, 0xff, 0xff, 0xc5,
    0x0, 0x0, 0x0, 0x0, 0x0, 0x7, 0xfa, 0xff,
    0xff, 0xff, 0xff, 0x3f, 0x5, 0xf2, 0xff, 0xff,
    0xff, 0xff, 0x6a, 0x0, 0x0, 0x0, 0x0, 0x75,
    0xff, 0xff, 0xff, 0xff, 0xfc, 0xf, 0x0, 0xa9,
    0xff, 0xff, 0xff, 0xff, 0xff, 0xb2, 0x6a, 0x60,
    0x9e, 0xfe, 0xff, 0xff, 0xff, 0xff, 0xba, 0x0,
    0x0, 0x33, 0xff, 0xff, 0xff, 0xff, 0xff, 0xff,
    0xff, 0xff, 0xff, 0xff, 0xff, 0xff, 0xff, 0xfd,
    0x38, 0x0, 0x0, 0x0, 0x86, 0xff, 0xff, 0xff,
    0xff, 0xff, 0xff, 0xff, 0xff, 0xff, 0xff, 0xff,
    0xff, 0x73, 0x0, 0x0, 0x0, 0x0, 0x1, 0x7c,
    0xfb, 0xff, 0xff, 0xff, 0xff, 0xff, 0xff, 0xff,
    0xff, 0xef, 0x5b, 0x0, 0x0, 0x0, 0x0, 0x0,
    0x0, 0x0, 0x1f, 0x84, 0xc4, 0xea, 0xfa, 0xf4,
    0xe0, 0xb1, 0x6c, 0xd, 0x0, 0x0, 0x0, 0x0,

    /* U+0054 "T" */
    0xec, 0xff, 0xff, 0xff, 0xff, 0xff, 0xff, 0xff,
    0xff, 0xff, 0xff, 0xff, 0xff, 0xff, 0xff, 0xff,
    0xff, 0xec, 0xec, 0xff, 0xff, 0xff, 0xff, 0xff,
    0xff, 0xff, 0xff, 0xff, 0xff, 0xff, 0xff, 0xff,
    0xff, 0xff, 0xff, 0xec, 0xec, 0xff, 0xff, 0xff,
    0xff, 0xff, 0xff, 0xff, 0xff, 0xff, 0xff, 0xff,
    0xff, 0xff, 0xff, 0xff, 0xff, 0xec, 0xec, 0xff,
    0xff, 0xff, 0xff, 0xff, 0xff, 0xff, 0xff, 0xff,
    0xff, 0xff, 0xff, 0xff, 0xff, 0xff, 0xff, 0xec,
    0xbc, 0xcc, 0xcc, 0xcc, 0xcc, 0xcc, 0xe9, 0xff,
    0xff, 0xff, 0xff, 0xe9, 0xcc, 0xcc, 0xcc, 0xcc,
    0xcc, 0xbc, 0x0, 0x0, 0x0, 0x0, 0x0, 0x0,
    0x90, 0xff, 0xff, 0xff, 0xff, 0x90, 0x0, 0x0,
    0x0, 0x0, 0x0, 0x0, 0x0, 0x0, 0x0, 0x0,
    0x0, 0x0, 0x90, 0xff, 0xff, 0xff, 0xff, 0x90,
    0x0, 0x0, 0x0, 0x0, 0x0, 0x0, 0x0, 0x0,
    0x0, 0x0, 0x0, 0x0, 0x90, 0xff, 0xff, 0xff,
    0xff, 0x90, 0x0, 0x0, 0x0, 0x0, 0x0, 0x0,
    0x0, 0x0, 0x0, 0x0, 0x0, 0x0, 0x90, 0xff,
    0xff, 0xff, 0xff, 0x90, 0x0, 0x0, 0x0, 0x0,
    0x0, 0x0, 0x0, 0x0, 0x0, 0x0, 0x0, 0x0,
    0x90, 0xff, 0xff, 0xff, 0xff, 0x90, 0x0, 0x0,
    0x0, 0x0, 0x0, 0x0, 0x0, 0x0, 0x0, 0x0,
    0x0, 0x0, 0x90, 0xff, 0xff, 0xff, 0xff, 0x90,
    0x0, 0x0, 0x0, 0x0, 0x0, 0x0, 0x0, 0x0,
    0x0, 0x0, 0x0, 0x0, 0x90, 0xff, 0xff, 0xff,
    0xff, 0x90, 0x0, 0x0, 0x0, 0x0, 0x0, 0x0,
    0x0, 0x0, 0x0, 0x0, 0x0, 0x0, 0x90, 0xff,
    0xff, 0xff, 0xff, 0x90, 0x0, 0x0, 0x0, 0x0,
    0x0, 0x0, 0x0, 0x0, 0x0, 0x0, 0x0, 0x0,
    0x90, 0xff, 0xff, 0xff, 0xff, 0x90, 0x0, 0x0,
    0x0, 0x0, 0x0, 0x0, 0x0, 0x0, 0x0, 0x0,
    0x0, 0x0, 0x90, 0xff, 0xff, 0xff, 0xff, 0x90,
    0x0, 0x0, 0x0, 0x0, 0x0, 0x0, 0x0, 0x0,
    0x0, 0x0, 0x0, 0x0, 0x90, 0xff, 0xff, 0xff,
    0xff, 0x90, 0x0, 0x0, 0x0, 0x0, 0x0, 0x0,
    0x0, 0x0, 0x0, 0x0, 0x0, 0x0, 0x90, 0xff,
    0xff, 0xff, 0xff, 0x90, 0x0, 0x0, 0x0, 0x0,
    0x0, 0x0, 0x0, 0x0, 0x0, 0x0, 0x0, 0x0,
    0x90, 0xff, 0xff, 0xff, 0xff, 0x90, 0x0, 0x0,
    0x0, 0x0, 0x0, 0x0, 0x0, 0x0, 0x0, 0x0,
    0x0, 0x0, 0x90, 0xff, 0xff, 0xff, 0xff, 0x90,
    0x0, 0x0, 0x0, 0x0, 0x0, 0x0, 0x0, 0x0,
    0x0, 0x0, 0x0, 0x0, 0x90, 0xff, 0xff, 0xff,
    0xff, 0x90, 0x0, 0x0, 0x0, 0x0, 0x0, 0x0,
    0x0, 0x0, 0x0, 0x0, 0x0, 0x0, 0x90, 0xff,
    0xff, 0xff, 0xff, 0x90, 0x0, 0x0, 0x0, 0x0,
    0x0, 0x0, 0x0, 0x0, 0x0, 0x0, 0x0, 0x0,
    0x90, 0xff, 0xff, 0xff, 0xff, 0x90, 0x0, 0x0,
    0x0, 0x0, 0x0, 0x0, 0x0, 0x0, 0x0, 0x0,
    0x0, 0x0, 0x90, 0xff, 0xff, 0xff, 0xff, 0x90,
    0x0, 0x0, 0x0, 0x0, 0x0, 0x0, 0x0, 0x0,
    0x0, 0x0, 0x0, 0x0, 0x90, 0xff, 0xff, 0xff,
    0xff, 0x90, 0x0, 0x0, 0x0, 0x0, 0x0, 0x0,
    0x0, 0x0, 0x0, 0x0, 0x0, 0x0, 0x90, 0xff,
    0xff, 0xff, 0xff, 0x90, 0x0, 0x0, 0x0, 0x0,
    0x0, 0x0, 0x0, 0x0, 0x0, 0x0, 0x0, 0x0,
    0x90, 0xff, 0xff, 0xff, 0xff, 0x90, 0x0, 0x0,
    0x0, 0x0, 0x0, 0x0, 0x0, 0x0, 0x0, 0x0,
    0x0, 0x0, 0x90, 0xff, 0xff, 0xff, 0xff, 0x90,
    0x0, 0x0, 0x0, 0x0, 0x0, 0x0, 0x0, 0x0,
    0x0, 0x0, 0x0, 0x0, 0x90, 0xff, 0xff, 0xff,
    0xff, 0x90, 0x0, 0x0, 0x0, 0x0, 0x0, 0x0,

    /* U+0055 "U" */
    0x98, 0xff, 0xff, 0xff, 0xff, 0x84, 0x0, 0x0,
    0x0, 0x0, 0x0, 0x0, 0x5c, 0xff, 0xff, 0xff,
    0xff, 0x98, 0x98, 0xff, 0xff, 0xff, 0xff, 0x84,
    0x0, 0x0, 0x0, 0x0, 0x0, 0x0, 0x5c, 0xff,
    0xff, 0xff, 0xff, 0x98, 0x98, 0xff, 0xff, 0xff,
    0xff, 0x84, 0x0, 0x0, 0x0, 0x0, 0x0, 0x0,
    0x5c, 0xff, 0xff, 0xff, 0xff, 0x98, 0x98, 0xff,
    0xff, 0xff, 0xff, 0x84, 0x0, 0x0, 0x0, 0x0,
    0x0, 0x0, 0x5c, 0xff, 0xff, 0xff, 0xff, 0x98,
    0x98, 0xff, 0xff, 0xff, 0xff, 0x84, 0x0, 0x0,
    0x0, 0x0, 0x0, 0x0, 0x5c, 0xff, 0xff, 0xff,
    0xff, 0x98, 0x98, 0xff, 0xff, 0xff, 0xff, 0x84,
    0x0, 0x0, 0x0, 0x0, 0x0, 0x0, 0x5c, 0xff,
    0xff, 0xff, 0xff, 0x98, 0x98, 0xff, 0xff, 0xff,
    0xff, 0x84, 0x0, 0x0, 0x0, 0x0, 0x0, 0x0,
    0x5c, 0xff, 0xff, 0xff, 0xff, 0x98, 0x98, 0xff,
    0xff, 0xff, 0xff, 0x84, 0x0, 0x0, 0x0, 0x0,
    0x0, 0x0, 0x5c, 0xff, 0xff, 0xff, 0xff, 0x98,
    0x98, 0xff, 0xff, 0xff, 0xff, 0x84, 0x0, 0x0,
    0x0, 0x0, 0x0, 0x0, 0x5c, 0xff, 0xff, 0xff,
    0xff, 0x98, 0x98, 0xff, 0xff, 0xff, 0xff, 0x84,
    0x0, 0x0, 0x0, 0x0, 0x0, 0x0, 0x5c, 0xff,
    0xff, 0xff, 0xff, 0x98, 0x98, 0xff, 0xff, 0xff,
    0xff, 0x84, 0x0, 0x0, 0x0, 0x0, 0x0, 0x0,
    0x5c, 0xff, 0xff, 0xff, 0xff, 0x98, 0x98, 0xff,
    0xff, 0xff, 0xff, 0x84, 0x0, 0x0, 0x0, 0x0,
    0x0, 0x0, 0x5c, 0xff, 0xff, 0xff, 0xff, 0x98,
    0x98, 0xff, 0xff, 0xff, 0xff, 0x84, 0x0, 0x0,
    0x0, 0x0, 0x0, 0x0, 0x5c, 0xff, 0xff, 0xff,
    0xff, 0x98, 0x98, 0xff, 0xff, 0xff, 0xff, 0x84,
    0x0, 0x0, 0x0, 0x0, 0x0, 0x0, 0x5c, 0xff,
    0xff, 0xff, 0xff, 0x98, 0x98, 0xff, 0xff, 0xff,
    0xff, 0x84, 0x0, 0x0, 0x0, 0x0, 0x0, 0x0,
    0x5c, 0xff, 0xff, 0xff, 0xff, 0x98, 0x98, 0xff,
    0xff, 0xff, 0xff, 0x84, 0x0, 0x0, 0x0, 0x0,
    0x0, 0x0, 0x5c, 0xff, 0xff, 0xff, 0xff, 0x98,
    0x98, 0xff, 0xff, 0xff, 0xff, 0x84, 0x0, 0x0,
    0x0, 0x0, 0x0, 0x0, 0x5c, 0xff, 0xff, 0xff,
    0xff, 0x98, 0x98, 0xff, 0xff, 0xff, 0xff, 0x84,
    0x0, 0x0, 0x0, 0x0, 0x0, 0x0, 0x5c, 0xff,
    0xff, 0xff, 0xff, 0x98, 0x98, 0xff, 0xff, 0xff,
    0xff, 0x84, 0x0, 0x0, 0x0, 0x0, 0x0, 0x0,
    0x5c, 0xff, 0xff, 0xff, 0xff, 0x98, 0x97, 0xff,
    0xff, 0xff, 0xff, 0x89, 0x0, 0x0, 0x0, 0x0,
    0x0, 0x0, 0x5f, 0xff, 0xff, 0xff, 0xff, 0x97,
    0x8a, 0xff, 0xff, 0xff, 0xff, 0xa6, 0x0, 0x0,
    0x0, 0x0, 0x0, 0x0, 0x75, 0xff, 0xff, 0xff,
    0xff, 0x89, 0x75, 0xff, 0xff, 0xff, 0xff, 0xe3,
    0x7, 0x0, 0x0, 0x0, 0x0, 0x0, 0xbc, 0xff,
    0xff, 0xff, 0xff, 0x74, 0x3f, 0xff, 0xff, 0xff,
    0xff, 0xff, 0x91, 0x4, 0x0, 0x0, 0x2, 0x77,
    0xff, 0xff, 0xff, 0xff, 0xff, 0x40, 0x6, 0xe9,
    0xff, 0xff, 0xff, 0xff, 0xff, 0xdc, 0xa6, 0xa3,
    0xd9, 0xff, 0xff, 0xff, 0xff, 0xff, 0xec, 0x7,
    0x0, 0x72, 0xff, 0xff, 0xff, 0xff, 0xff, 0xff,
    0xff, 0xff, 0xff, 0xff, 0xff, 0xff, 0xff, 0xff,
    0x77, 0x0, 0x0, 0x2, 0xb0, 0xff, 0xff, 0xff,
    0xff, 0xff, 0xff, 0xff, 0xff, 0xff, 0xff, 0xff,
    0xff, 0xb7, 0x3, 0x0, 0x0, 0x0, 0x5, 0x89,
    0xfb, 0xff, 0xff, 0xff, 0xff, 0xff, 0xff, 0xff,
    0xff, 0xfc, 0x90, 0x7, 0x0, 0x0, 0x0, 0x0,
    0x0, 0x0, 0x1c, 0x7d, 0xbc, 0xe5, 0xf7, 0xf8,
    0xe7, 0xc0, 0x82, 0x20, 0x0, 0x0, 0x0, 0x0,

    /* U+0056 "V" */
    0x2a, 0xff, 0xff, 0xff, 0xff, 0xff, 0x42, 0x0,
    0x0, 0x0, 0x0, 0x0, 0x0, 0x1, 0xf1, 0xff,
    0xff, 0xff, 0xff, 0x28, 0x0, 0xeb, 0xff, 0xff,
    0xff, 0xff, 0x77, 0x0, 0x0, 0x0, 0x0, 0x0,
    0x0, 0x2a, 0xff, 0xff, 0xff, 0xff, 0xeb, 0x0,
    0x0, 0xaf, 0xff, 0xff, 0xff, 0xff, 0xac, 0x0,
    0x0, 0x0, 0x0, 0x0, 0x0, 0x60, 0xff, 0xff,
    0xff, 0xff, 0xae, 0x0, 0x0, 0x71, 0xff, 0xff,
    0xff, 0xff, 0xe1, 0x0, 0x0, 0x0, 0x0, 0x0,
    0x0, 0x96, 0xff, 0xff, 0xff, 0xff, 0x71, 0x0,
    0x0, 0x34, 0xff, 0xff, 0xff, 0xff, 0xff, 0x17,
    0x0, 0x0, 0x0, 0x0, 0x0, 0xcc, 0xff, 0xff,
    0xff, 0xff, 0x34, 0x0, 0x0, 0x3, 0xf2, 0xff,
    0xff, 0xff, 0xff, 0x4c, 0x0, 0x0, 0x0, 0x0,
    0x7, 0xfa, 0xff, 0xff, 0xff, 0xf3, 0x4, 0x0,
    0x0, 0x0, 0xb9, 0xff, 0xff, 0xff, 0xff, 0x81,
    0x0, 0x0, 0x0, 0x0, 0x38, 0xff, 0xff, 0xff,
    0xff, 0xba, 0x0, 0x0, 0x0, 0x0, 0x7c, 0xff,
    0xff, 0xff, 0xff, 0xb6, 0x0, 0x0, 0x0, 0x0,
    0x6e, 0xff, 0xff, 0xff, 0xff, 0x7c, 0x0, 0x0,
    0x0, 0x0, 0x3e, 0xff, 0xff, 0xff, 0xff, 0xeb,
    0x0, 0x0, 0x0, 0x0, 0xa4, 0xff, 0xff, 0xff,
    0xff, 0x3f, 0x0, 0x0, 0x0, 0x0, 0x8, 0xf8,
    0xff, 0xff, 0xff, 0xff, 0x21, 0x0, 0x0, 0x0,
    0xda, 0xff, 0xff, 0xff, 0xf9, 0x9, 0x0, 0x0,
    0x0, 0x0, 0x0, 0xc3, 0xff, 0xff, 0xff, 0xff,
    0x56, 0x0, 0x0, 0x10, 0xfe, 0xff, 0xff, 0xff,
    0xc5, 0x0, 0x0, 0x0, 0x0, 0x0, 0x0, 0x86,
    0xff, 0xff, 0xff, 0xff, 0x8b, 0x0, 0x0, 0x46,
    0xff, 0xff, 0xff, 0xff, 0x88, 0x0, 0x0, 0x0,
    0x0, 0x0, 0x0, 0x48, 0xff, 0xff, 0xff, 0xff,
    0xc0, 0x0, 0x0, 0x7c, 0xff, 0xff, 0xff, 0xff,
    0x4b, 0x0, 0x0, 0x0, 0x0, 0x0, 0x0, 0xe,
    0xfc, 0xff, 0xff, 0xff, 0xf3, 0x2, 0x0, 0xb2,
    0xff, 0xff, 0xff, 0xfd, 0x10, 0x0, 0x0, 0x0,
    0x0, 0x0, 0x0, 0x0, 0xce, 0xff, 0xff, 0xff,
    0xff, 0x2b, 0x0, 0xe7, 0xff, 0xff, 0xff, 0xd0,
    0x0, 0x0, 0x0, 0x0, 0x0, 0x0, 0x0, 0x0,
    0x90, 0xff, 0xff, 0xff, 0xff, 0x60, 0x1e, 0xff,
    0xff, 0xff, 0xff, 0x93, 0x0, 0x0, 0x0, 0x0,
    0x0, 0x0, 0x0, 0x0, 0x53, 0xff, 0xff, 0xff,
    0xff, 0x95, 0x54, 0xff, 0xff, 0xff, 0xff, 0x56,
    0x0, 0x0, 0x0, 0x0, 0x0, 0x0, 0x0, 0x0,
    0x15, 0xff, 0xff, 0xff, 0xff, 0xca, 0x8a, 0xff,
    0xff, 0xff, 0xff, 0x19, 0x0, 0x0, 0x0, 0x0,
    0x0, 0x0, 0x0, 0x0, 0x0, 0xd8, 0xff, 0xff,
    0xff, 0xf9, 0xc6, 0xff, 0xff, 0xff, 0xdc, 0x0,
    0x0, 0x0, 0x0, 0x0, 0x0, 0x0, 0x0, 0x0,
    0x0, 0x9a, 0xff, 0xff, 0xff, 0xff, 0xff, 0xff,
    0xff, 0xff, 0x9f, 0x0, 0x0, 0x0, 0x0, 0x0,
    0x0, 0x0, 0x0, 0x0, 0x0, 0x5d, 0xff, 0xff,
    0xff, 0xff, 0xff, 0xff, 0xff, 0xff, 0x62, 0x0,
    0x0, 0x0, 0x0, 0x0, 0x0, 0x0, 0x0, 0x0,
    0x0, 0x20, 0xff, 0xff, 0xff, 0xff, 0xff, 0xff,
    0xff, 0xff, 0x24, 0x0, 0x0, 0x0, 0x0, 0x0,
    0x0, 0x0, 0x0, 0x0, 0x0, 0x0, 0xe2, 0xff,
    0xff, 0xff, 0xff, 0xff, 0xff, 0xe7, 0x0, 0x0,
    0x0, 0x0, 0x0, 0x0, 0x0, 0x0, 0x0, 0x0,
    0x0, 0x0, 0xa5, 0xff, 0xff, 0xff, 0xff, 0xff,
    0xff, 0xaa, 0x0, 0x0, 0x0, 0x0, 0x0, 0x0,
    0x0, 0x0, 0x0, 0x0, 0x0, 0x0, 0x67, 0xff,
    0xff, 0xff, 0xff, 0xff, 0xff, 0x6d, 0x0, 0x0,
    0x0, 0x0, 0x0, 0x0, 0x0, 0x0, 0x0, 0x0,
    0x0, 0x0, 0x2a, 0xff, 0xff, 0xff, 0xff, 0xff,
    0xff, 0x30, 0x0, 0x0, 0x0, 0x0, 0x0, 0x0,
    0x0, 0x0, 0x0, 0x0, 0x0, 0x0, 0x0, 0xeb,
    0xff, 0xff, 0xff, 0xff, 0xf0, 0x2, 0x0, 0x0,
    0x0, 0x0, 0x0, 0x0, 0x0, 0x0, 0x0, 0x0,
    0x0, 0x0, 0x0, 0xaf, 0xff, 0xff, 0xff, 0xff,
    0xb6, 0x0, 0x0, 0x0, 0x0, 0x0, 0x0, 0x0,

    /* U+0057 "W" */
    0xaa, 0xff, 0xff, 0xff, 0xff, 0x88, 0x0, 0x0,
    0x0, 0x0, 0x0, 0x0, 0x0, 0x0, 0x75, 0xff,
    0xff, 0xff, 0xff, 0xb4, 0x8d, 0xff, 0xff, 0xff,
    0xff, 0xa1, 0x0, 0x0, 0x0, 0x0, 0x0, 0x0,
    0x0, 0x0, 0x8f, 0xff, 0xff, 0xff, 0xff, 0x96,
    0x71, 0xff, 0xff, 0xff, 0xff, 0xba, 0x0, 0x0,
    0x0, 0x0, 0x0, 0x0, 0x0, 0x0, 0xa9, 0xff,
    0xff, 0xff, 0xff, 0x78, 0x54, 0xff, 0xff, 0xff,
    0xff, 0xd3, 0x0, 0x0, 0x0, 0x0, 0x0, 0x0,
    0x0, 0x0, 0xc3, 0xff, 0xff, 0xff, 0xff, 0x5a,
    0x38, 0xff, 0xff, 0xff, 0xff, 0xed, 0x0, 0x0,
    0x0, 0x4, 0xe, 0x0, 0x0, 0x0, 0xdc, 0xff,
    0xff, 0xff, 0xff, 0x3c, 0x1b, 0xff, 0xff, 0xff,
    0xff, 0xff, 0x7, 0x0, 0x0, 0x3d, 0x53, 0x0,
    0x0, 0x0, 0xf5, 0xff, 0xff, 0xff, 0xff, 0x1e,
    0x2, 0xfb, 0xff, 0xff, 0xff, 0xff, 0x1f, 0x0,
    0x0, 0x85, 0x99, 0x0, 0x0, 0x10, 0xff, 0xff,
    0xff, 0xff, 0xfc, 0x4, 0x0, 0xe2, 0xff, 0xff,
    0xff, 0xff, 0x38, 0x0, 0x0, 0xcc, 0xe0, 0x0,
    0x0, 0x2a, 0xff, 0xff, 0xff, 0xff, 0xe2, 0x0,
    0x0, 0xc5, 0xff, 0xff, 0xff, 0xff, 0x52, 0x0,
    0x15, 0xfe, 0xff, 0x26, 0x0, 0x43, 0xff, 0xff,
    0xff, 0xff, 0xc4, 0x0, 0x0, 0xa9, 0xff, 0xff,
    0xff, 0xff, 0x6b, 0x0, 0x5c, 0xff, 0xff, 0x6d,
    0x0, 0x5d, 0xff, 0xff, 0xff, 0xff, 0xa6, 0x0,
    0x0, 0x8c, 0xff, 0xff, 0xff, 0xff, 0x84, 0x0,
    0xa3, 0xff, 0xff, 0xb3, 0x0, 0x77, 0xff, 0xff,
    0xff, 0xff, 0x88, 0x0, 0x0, 0x70, 0xff, 0xff,
    0xff, 0xff, 0x9d, 0x1, 0xe9, 0xff, 0xff, 0xf4,
    0x6, 0x91, 0xff, 0xff, 0xff, 0xff, 0x6a, 0x0,
    0x0, 0x53, 0xff, 0xff, 0xff, 0xff, 0xb7, 0x32,
    0xff, 0xff, 0xff, 0xff, 0x40, 0xaa, 0xff, 0xff,
    0xff, 0xff, 0x4c, 0x0, 0x0, 0x37, 0xff, 0xff,
    0xff, 0xff, 0xd0, 0x7a, 0xff, 0xff, 0xff, 0xff,
    0x87, 0xc4, 0xff, 0xff, 0xff, 0xff, 0x2e, 0x0,
    0x0, 0x1a, 0xff, 0xff, 0xff, 0xff, 0xe9, 0xc2,
    0xff, 0xff, 0xff, 0xff, 0xce, 0xde, 0xff, 0xff,
    0xff, 0xff, 0x10, 0x0, 0x0, 0x2, 0xfa, 0xff,
    0xff, 0xff, 0xfe, 0xfb, 0xff, 0xff, 0xff, 0xff,
    0xfe, 0xfa, 0xff, 0xff, 0xff, 0xf2, 0x0, 0x0,
    0x0, 0x0, 0xe1, 0xff, 0xff, 0xff, 0xff, 0xff,
    0xff, 0xfd, 0xf3, 0xff, 0xff, 0xff, 0xff, 0xff,
    0xff, 0xd4, 0x0, 0x0, 0x0, 0x0, 0xc4, 0xff,
    0xff, 0xff, 0xff, 0xff, 0xff, 0xcf, 0xba, 0xff,
    0xff, 0xff, 0xff, 0xff, 0xff, 0xb6, 0x0, 0x0,
    0x0, 0x0, 0xa8, 0xff, 0xff, 0xff, 0xff, 0xff,
    0xff, 0x93, 0x80, 0xff, 0xff, 0xff, 0xff, 0xff,
    0xff, 0x98, 0x0, 0x0, 0x0, 0x0, 0x8b, 0xff,
    0xff, 0xff, 0xff, 0xff, 0xff, 0x57, 0x46, 0xff,
    0xff, 0xff, 0xff, 0xff, 0xff, 0x7a, 0x0, 0x0,
    0x0, 0x0, 0x6f, 0xff, 0xff, 0xff, 0xff, 0xff,
    0xff, 0x1b, 0xf, 0xfd, 0xff, 0xff, 0xff, 0xff,
    0xff, 0x5c, 0x0, 0x0, 0x0, 0x0, 0x52, 0xff,
    0xff, 0xff, 0xff, 0xff, 0xe0, 0x0, 0x0, 0xd3,
    0xff, 0xff, 0xff, 0xff, 0xff, 0x3e, 0x0, 0x0,
    0x0, 0x0, 0x35, 0xff, 0xff, 0xff, 0xff, 0xff,
    0xa4, 0x0, 0x0, 0x99, 0xff, 0xff, 0xff, 0xff,
    0xff, 0x20, 0x0, 0x0, 0x0, 0x0, 0x19, 0xff,
    0xff, 0xff, 0xff, 0xff, 0x68, 0x0, 0x0, 0x60,
    0xff, 0xff, 0xff, 0xff, 0xfd, 0x5, 0x0, 0x0,
    0x0, 0x0, 0x1, 0xfa, 0xff, 0xff, 0xff, 0xff,
    0x2c, 0x0, 0x0, 0x26, 0xff, 0xff, 0xff, 0xff,
    0xe4, 0x0, 0x0, 0x0, 0x0, 0x0, 0x0, 0xe0,
    0xff, 0xff, 0xff, 0xef, 0x1, 0x0, 0x0, 0x0,
    0xeb, 0xff, 0xff, 0xff, 0xc6, 0x0, 0x0, 0x0,
    0x0, 0x0, 0x0, 0xc3, 0xff, 0xff, 0xff, 0xb5,
    0x0, 0x0, 0x0, 0x0, 0xb3, 0xff, 0xff, 0xff,
    0xa8, 0x0, 0x0, 0x0, 0x0, 0x0, 0x0, 0xa6,
    0xff, 0xff, 0xff, 0x79, 0x0, 0x0, 0x0, 0x0,
    0x79, 0xff, 0xff, 0xff, 0x8a, 0x0, 0x0, 0x0,

    /* U+0058 "X" */
    0xa5, 0xff, 0xff, 0xff, 0xff, 0xff, 0x24, 0x0,
    0x0, 0x0, 0x0, 0x1, 0xe3, 0xff, 0xff, 0xff,
    0xff, 0xa4, 0x3f, 0xff, 0xff, 0xff, 0xff, 0xff,
    0x83, 0x0, 0x0, 0x0, 0x0, 0x40, 0xff, 0xff,
    0xff, 0xff, 0xff, 0x3d, 0x0, 0xd7, 0xff, 0xff,
    0xff, 0xff, 0xe1, 0x1, 0x0, 0x0, 0x0, 0x9b,
    0xff, 0xff, 0xff, 0xff, 0xd6, 0x0, 0x0, 0x72,
    0xff, 0xff, 0xff, 0xff, 0xff, 0x43, 0x0, 0x0,
    0x6, 0xef, 0xff, 0xff, 0xff, 0xff, 0x6f, 0x0,
    0x0, 0x13, 0xf8, 0xff, 0xff, 0xff, 0xff, 0xa2,
    0x0, 0x0, 0x50, 0xff, 0xff, 0xff, 0xff, 0xf7,
    0x11, 0x0, 0x0, 0x0, 0xa5, 0xff, 0xff, 0xff,
    0xff, 0xf5, 0xd, 0x0, 0xab, 0xff, 0xff, 0xff,
    0xff, 0xa1, 0x0, 0x0, 0x0, 0x0, 0x3f, 0xff,
    0xff, 0xff, 0xff, 0xff, 0x62, 0xe, 0xf7, 0xff,
    0xff, 0xff, 0xff, 0x3a, 0x0, 0x0, 0x0, 0x0,
    0x0, 0xd7, 0xff, 0xff, 0xff, 0xff, 0xc2, 0x60,
    0xff, 0xff, 0xff, 0xff, 0xd3, 0x0, 0x0, 0x0,
    0x0, 0x0, 0x0, 0x72, 0xff, 0xff, 0xff, 0xff,
    0xfe, 0xd4, 0xff, 0xff, 0xff, 0xff, 0x6c, 0x0,
    0x0, 0x0, 0x0, 0x0, 0x0, 0x13, 0xf8, 0xff,
    0xff, 0xff, 0xff, 0xff, 0xff, 0xff, 0xff, 0xf5,
    0xf, 0x0, 0x0, 0x0, 0x0, 0x0, 0x0, 0x0,
    0xa5, 0xff, 0xff, 0xff, 0xff, 0xff, 0xff, 0xff,
    0xff, 0x9e, 0x0, 0x0, 0x0, 0x0, 0x0, 0x0,
    0x0, 0x0, 0x3f, 0xff, 0xff, 0xff, 0xff, 0xff,
    0xff, 0xff, 0xff, 0x37, 0x0, 0x0, 0x0, 0x0,
    0x0, 0x0, 0x0, 0x0, 0x0, 0xd7, 0xff, 0xff,
    0xff, 0xff, 0xff, 0xff, 0xd0, 0x0, 0x0, 0x0,
    0x0, 0x0, 0x0, 0x0, 0x0, 0x0, 0x0, 0x72,
    0xff, 0xff, 0xff, 0xff, 0xff, 0xff, 0x6f, 0x0,
    0x0, 0x0, 0x0, 0x0, 0x0, 0x0, 0x0, 0x0,
    0x0, 0x84, 0xff, 0xff, 0xff, 0xff, 0xff, 0xff,
    0x9a, 0x0, 0x0, 0x0, 0x0, 0x0, 0x0, 0x0,
    0x0, 0x0, 0x3, 0xe5, 0xff, 0xff, 0xff, 0xff,
    0xff, 0xff, 0xf2, 0xb, 0x0, 0x0, 0x0, 0x0,
    0x0, 0x0, 0x0, 0x0, 0x4e, 0xff, 0xff, 0xff,
    0xff, 0xff, 0xff, 0xff, 0xff, 0x60, 0x0, 0x0,
    0x0, 0x0, 0x0, 0x0, 0x0, 0x0, 0xb3, 0xff,
    0xff, 0xff, 0xff, 0xff, 0xff, 0xff, 0xff, 0xc4,
    0x0, 0x0, 0x0, 0x0, 0x0, 0x0, 0x0, 0x1b,
    0xfc, 0xff, 0xff, 0xff, 0xff, 0xff, 0xff, 0xff,
    0xff, 0xff, 0x28, 0x0, 0x0, 0x0, 0x0, 0x0,
    0x0, 0x7d, 0xff, 0xff, 0xff, 0xff, 0xce, 0xe3,
    0xff, 0xff, 0xff, 0xff, 0x8b, 0x0, 0x0, 0x0,
    0x0, 0x0, 0x2, 0xe0, 0xff, 0xff, 0xff, 0xff,
    0x77, 0x90, 0xff, 0xff, 0xff, 0xff, 0xe9, 0x5,
    0x0, 0x0, 0x0, 0x0, 0x47, 0xff, 0xff, 0xff,
    0xff, 0xff, 0x21, 0x3a, 0xff, 0xff, 0xff, 0xff,
    0xff, 0x51, 0x0, 0x0, 0x0, 0x0, 0xac, 0xff,
    0xff, 0xff, 0xff, 0xcb, 0x0, 0x1, 0xe2, 0xff,
    0xff, 0xff, 0xff, 0xb5, 0x0, 0x0, 0x0, 0x16,
    0xfa, 0xff, 0xff, 0xff, 0xff, 0x75, 0x0, 0x0,
    0x8e, 0xff, 0xff, 0xff, 0xff, 0xfc, 0x1b, 0x0,
    0x0, 0x76, 0xff, 0xff, 0xff, 0xff, 0xff, 0x20,
    0x0, 0x0, 0x39, 0xff, 0xff, 0xff, 0xff, 0xff,
    0x7b, 0x0, 0x0, 0xda, 0xff, 0xff, 0xff, 0xff,
    0xca, 0x0, 0x0, 0x0, 0x1, 0xe1, 0xff, 0xff,
    0xff, 0xff, 0xdd, 0x1, 0x40, 0xff, 0xff, 0xff,
    0xff, 0xff, 0x74, 0x0, 0x0, 0x0, 0x0, 0x8d,
    0xff, 0xff, 0xff, 0xff, 0xff, 0x42, 0xa5, 0xff,
    0xff, 0xff, 0xff, 0xff, 0x1f, 0x0, 0x0, 0x0,
    0x0, 0x37, 0xff, 0xff, 0xff, 0xff, 0xff, 0xa6,

    /* U+0059 "Y" */
    0x50, 0xff, 0xff, 0xff, 0xff, 0xff, 0xb1, 0x0,
    0x0, 0x0, 0x0, 0x0, 0x0, 0x7e, 0xff, 0xff,
    0xff, 0xff, 0xff, 0x5a, 0x3, 0xe2, 0xff, 0xff,
    0xff, 0xff, 0xfa, 0x12, 0x0, 0x0, 0x0, 0x0,
    0x0, 0xd7, 0xff, 0xff, 0xff, 0xff, 0xe9, 0x6,
    0x0, 0x7c, 0xff, 0xff, 0xff, 0xff, 0xff, 0x67,
    0x0, 0x0, 0x0, 0x0, 0x32, 0xff, 0xff, 0xff,
    0xff, 0xff, 0x85, 0x0, 0x0, 0x17, 0xfa, 0xff,
    0xff, 0xff, 0xff, 0xc3, 0x0, 0x0, 0x0, 0x0,
    0x8c, 0xff, 0xff, 0xff, 0xff, 0xfc, 0x1e, 0x0,
    0x0, 0x0, 0xa9, 0xff, 0xff, 0xff, 0xff, 0xfe,
    0x1f, 0x0, 0x0, 0x1, 0xe3, 0xff, 0xff, 0xff,
    0xff, 0xb1, 0x0, 0x0, 0x0, 0x0, 0x3f, 0xff,
    0xff, 0xff, 0xff, 0xff, 0x79, 0x0, 0x0, 0x40,
    0xff, 0xff, 0xff, 0xff, 0xff, 0x46, 0x0, 0x0,
    0x0, 0x0, 0x0, 0xd5, 0xff, 0xff, 0xff, 0xff,
    0xd4, 0x0, 0x0, 0x9a, 0xff, 0xff, 0xff, 0xff,
    0xda, 0x1, 0x0, 0x0, 0x0, 0x0, 0x0, 0x6c,
    0xff, 0xff, 0xff, 0xff, 0xff, 0x30, 0x5, 0xed,
    0xff, 0xff, 0xff, 0xff, 0x71, 0x0, 0x0, 0x0,
    0x0, 0x0, 0x0, 0xe, 0xf3, 0xff, 0xff, 0xff,
    0xff, 0x8b, 0x4e, 0xff, 0xff, 0xff, 0xff, 0xf6,
    0x11, 0x0, 0x0, 0x0, 0x0, 0x0, 0x0, 0x0,
    0x98, 0xff, 0xff, 0xff, 0xff, 0xe4, 0xaa, 0xff,
    0xff, 0xff, 0xff, 0x9d, 0x0, 0x0, 0x0, 0x0,
    0x0, 0x0, 0x0, 0x0, 0x2f, 0xff, 0xff, 0xff,
    0xff, 0xff, 0xfe, 0xff, 0xff, 0xff, 0xff, 0x32,
    0x0, 0x0, 0x0, 0x0, 0x0, 0x0, 0x0, 0x0,
    0x0, 0xc5, 0xff, 0xff, 0xff, 0xff, 0xff, 0xff,
    0xff, 0xff, 0xc8, 0x0, 0x0, 0x0, 0x0, 0x0,
    0x0, 0x0, 0x0, 0x0, 0x0, 0x5b, 0xff, 0xff,
    0xff, 0xff, 0xff, 0xff, 0xff, 0xff, 0x5d, 0x0,
    0x0, 0x0, 0x0, 0x0, 0x0, 0x0, 0x0, 0x0,
    0x0, 0x7, 0xea, 0xff, 0xff, 0xff, 0xff, 0xff,
    0xff, 0xeb, 0x7, 0x0, 0x0, 0x0, 0x0, 0x0,
    0x0, 0x0, 0x0, 0x0, 0x0, 0x0, 0x88, 0xff,
    0xff, 0xff, 0xff, 0xff, 0xff, 0x89, 0x0, 0x0,
    0x0, 0x0, 0x0, 0x0, 0x0, 0x0, 0x0, 0x0,
    0x0, 0x0, 0x20, 0xfd, 0xff, 0xff, 0xff, 0xff,
    0xfd, 0x21, 0x0, 0x0, 0x0, 0x0, 0x0, 0x0,
    0x0, 0x0, 0x0, 0x0, 0x0, 0x0, 0x0, 0xb5,
    0xff, 0xff, 0xff, 0xff, 0xb5, 0x0, 0x0, 0x0,
    0x0, 0x0, 0x0, 0x0, 0x0, 0x0, 0x0, 0x0,
    0x0, 0x0, 0x0, 0x90, 0xff, 0xff, 0xff, 0xff,
    0x90, 0x0, 0x0, 0x0, 0x0, 0x0, 0x0, 0x0,
    0x0, 0x0, 0x0, 0x0, 0x0, 0x0, 0x0, 0x90,
    0xff, 0xff, 0xff, 0xff, 0x90, 0x0, 0x0, 0x0,
    0x0, 0x0, 0x0, 0x0, 0x0, 0x0, 0x0, 0x0,
    0x0, 0x0, 0x0, 0x90, 0xff, 0xff, 0xff, 0xff,
    0x90, 0x0, 0x0, 0x0, 0x0, 0x0, 0x0, 0x0,
    0x0, 0x0, 0x0, 0x0, 0x0, 0x0, 0x0, 0x90,
    0xff, 0xff, 0xff, 0xff, 0x90, 0x0, 0x0, 0x0,
    0x0, 0x0, 0x0, 0x0, 0x0, 0x0, 0x0, 0x0,
    0x0, 0x0, 0x0, 0x90, 0xff, 0xff, 0xff, 0xff,
    0x90, 0x0, 0x0, 0x0, 0x0, 0x0, 0x0, 0x0,
    0x0, 0x0, 0x0, 0x0, 0x0, 0x0, 0x0, 0x90,
    0xff, 0xff, 0xff, 0xff, 0x90, 0x0, 0x0, 0x0,
    0x0, 0x0, 0x0, 0x0, 0x0, 0x0, 0x0, 0x0,
    0x0, 0x0, 0x0, 0x90, 0xff, 0xff, 0xff, 0xff,
    0x90, 0x0, 0x0, 0x0, 0x0, 0x0, 0x0, 0x0,
    0x0, 0x0, 0x0, 0x0, 0x0, 0x0, 0x0, 0x90,
    0xff, 0xff, 0xff, 0xff, 0x90, 0x0, 0x0, 0x0,
    0x0, 0x0, 0x0, 0x0, 0x0, 0x0, 0x0, 0x0,
    0x0, 0x0, 0x0, 0x90, 0xff, 0xff, 0xff, 0xff,
    0x90, 0x0, 0x0, 0x0, 0x0, 0x0, 0x0, 0x0,
    0x0, 0x0, 0x0, 0x0, 0x0, 0x0, 0x0, 0x90,
    0xff, 0xff, 0xff, 0xff, 0x90, 0x0, 0x0, 0x0,
    0x0, 0x0, 0x0, 0x0, 0x0, 0x0, 0x0, 0x0,
    0x0, 0x0, 0x0, 0x90, 0xff, 0xff, 0xff, 0xff,
    0x90, 0x0, 0x0, 0x0, 0x0, 0x0, 0x0, 0x0,

    /* U+005A "Z" */
    0x0, 0x68, 0xff, 0xff, 0xff, 0xff, 0xff, 0xff,
    0xff, 0xff, 0xff, 0xff, 0xff, 0xff, 0xff, 0xff,
    0xff, 0xff, 0x9f, 0x0, 0x68, 0xff, 0xff, 0xff,
    0xff, 0xff, 0xff, 0xff, 0xff, 0xff, 0xff, 0xff,
    0xff, 0xff, 0xff, 0xff, 0xff, 0x30, 0x0, 0x68,
    0xff, 0xff, 0xff, 0xff, 0xff, 0xff, 0xff, 0xff,
    0xff, 0xff, 0xff, 0xff, 0xff, 0xff, 0xff, 0xc0,
    0x0, 0x0, 0x68, 0xff, 0xff, 0xff, 0xff, 0xff,
    0xff, 0xff, 0xff, 0xff, 0xff, 0xff, 0xff, 0xff,
    0xff, 0xff, 0x50, 0x0, 0x0, 0x52, 0xcc, 0xcc,
    0xcc, 0xcc, 0xcc, 0xcc, 0xcc, 0xcc, 0xcc, 0xf6,
    0xff, 0xff, 0xff, 0xff, 0xde, 0x2, 0x0, 0x0,
    0x0, 0x0, 0x0, 0x0, 0x0, 0x0, 0x0, 0x0,
    0x0, 0x1a, 0xfa, 0xff, 0xff, 0xff, 0xff, 0x71,
    0x0, 0x0, 0x0, 0x0, 0x0, 0x0, 0x0, 0x0,
    0x0, 0x0, 0x0, 0x0, 0x87, 0xff, 0xff, 0xff,
    0xff, 0xf3, 0xe, 0x0, 0x0, 0x0, 0x0, 0x0,
    0x0, 0x0, 0x0, 0x0, 0x0, 0x0, 0xb, 0xee,
    0xff, 0xff, 0xff, 0xff, 0x92, 0x0, 0x0, 0x0,
    0x0, 0x0, 0x0, 0x0, 0x0, 0x0, 0x0, 0x0,
    0x0, 0x6c, 0xff, 0xff, 0xff, 0xff, 0xfd, 0x24,
    0x0, 0x0, 0x0, 0x0, 0x0, 0x0, 0x0, 0x0,
    0x0, 0x0, 0x0, 0x2, 0xdb, 0xff, 0xff, 0xff,
    0xff, 0xb2, 0x0, 0x0, 0x0, 0x0, 0x0, 0x0,
    0x0, 0x0, 0x0, 0x0, 0x0, 0x0, 0x50, 0xff,
    0xff, 0xff, 0xff, 0xff, 0x42, 0x0, 0x0, 0x0,
    0x0, 0x0, 0x0, 0x0, 0x0, 0x0, 0x0, 0x0,
    0x0, 0xc2, 0xff, 0xff, 0xff, 0xff, 0xd2, 0x0,
    0x0, 0x0, 0x0, 0x0, 0x0, 0x0, 0x0, 0x0,
    0x0, 0x0, 0x0, 0x34, 0xff, 0xff, 0xff, 0xff,
    0xff, 0x63, 0x0, 0x0, 0x0, 0x0, 0x0, 0x0,
    0x0, 0x0, 0x0, 0x0, 0x0, 0x0, 0xa7, 0xff,
    0xff, 0xff, 0xff, 0xeb, 0x8, 0x0, 0x0, 0x0,
    0x0, 0x0, 0x0, 0x0, 0x0, 0x0, 0x0, 0x0,
    0x1d, 0xfb, 0xff, 0xff, 0xff, 0xff, 0x84, 0x0,
    0x0, 0x0, 0x0, 0x0, 0x0, 0x0, 0x0, 0x0,
    0x0, 0x0, 0x0, 0x8c, 0xff, 0xff, 0xff, 0xff,
    0xfa, 0x1a, 0x0, 0x0, 0x0, 0x0, 0x0, 0x0,
    0x0, 0x0, 0x0, 0x0, 0x0, 0xd, 0xf0, 0xff,
    0xff, 0xff, 0xff, 0xa4, 0x0, 0x0, 0x0, 0x0,
    0x0, 0x0, 0x0, 0x0, 0x0, 0x0, 0x0, 0x0,
    0x70, 0xff, 0xff, 0xff, 0xff, 0xff, 0x34, 0x0,
    0x0, 0x0, 0x0, 0x0, 0x0, 0x0, 0x0, 0x0,
    0x0, 0x0, 0x3, 0xdf, 0xff, 0xff, 0xff, 0xff,
    0xc5, 0x0, 0x0, 0x0, 0x0, 0x0, 0x0, 0x0,
    0x0, 0x0, 0x0, 0x0, 0x0, 0x55, 0xff, 0xff,
    0xff, 0xff, 0xff, 0x55, 0x0, 0x0, 0x0, 0x0,
    0x0, 0x0, 0x0, 0x0, 0x0, 0x0, 0x0, 0x0,
    0xc7, 0xff, 0xff, 0xff, 0xff, 0xe2, 0x3, 0x0,
    0x0, 0x0, 0x0, 0x0, 0x0, 0x0, 0x0, 0x0,
    0x0, 0x0, 0x39, 0xff, 0xff, 0xff, 0xff, 0xff,
    0x76, 0x0, 0x0, 0x0, 0x0, 0x0, 0x0, 0x0,
    0x0, 0x0, 0x0, 0x0, 0x0, 0xac, 0xff, 0xff,
    0xff, 0xff, 0xf5, 0x11, 0x0, 0x0, 0x0, 0x0,
    0x0, 0x0, 0x0, 0x0, 0x0, 0x0, 0x0, 0x20,
    0xfc, 0xff, 0xff, 0xff, 0xff, 0xf3, 0xcc, 0xcc,
    0xcc, 0xcc, 0xcc, 0xcc, 0xcc, 0xcc, 0xcc, 0x59,
    0x0, 0x0, 0x90, 0xff, 0xff, 0xff, 0xff, 0xff,
    0xff, 0xff, 0xff, 0xff, 0xff, 0xff, 0xff, 0xff,
    0xff, 0xff, 0x70, 0x0, 0xf, 0xf3, 0xff, 0xff,
    0xff, 0xff, 0xff, 0xff, 0xff, 0xff, 0xff, 0xff,
    0xff, 0xff, 0xff, 0xff, 0xff, 0x70, 0x0, 0x75,
    0xff, 0xff, 0xff, 0xff, 0xff, 0xff, 0xff, 0xff,
    0xff, 0xff, 0xff, 0xff, 0xff, 0xff, 0xff, 0xff,
    0x70, 0x4, 0xe2, 0xff, 0xff, 0xff, 0xff, 0xff,
    0xff, 0xff, 0xff, 0xff, 0xff, 0xff, 0xff, 0xff,
    0xff, 0xff, 0xff, 0x70,

    /* U+0061 "a" */
    0x0, 0x0, 0x0, 0x0, 0xa, 0x62, 0xac, 0xda,
    0xf4, 0xfb, 0xed, 0xcf, 0x94, 0x33, 0x0, 0x0,
    0x0, 0x0, 0x0, 0x0, 0x0, 0x5a, 0xeb, 0xff,
    0xff, 0xff, 0xff, 0xff, 0xff, 0xff, 0xff, 0xff,
    0xa3, 0xb, 0x0, 0x0, 0x0, 0x0, 0x7a, 0xff,
    0xff, 0xff, 0xff, 0xff, 0xff, 0xff, 0xff, 0xff,
    0xff, 0xff, 0xff, 0xb9, 0x4, 0x0, 0x0, 0x4b,
    0xff, 0xff, 0xff, 0xff, 0xff, 0xff, 0xff, 0xff,
    0xff, 0xff, 0xff, 0xff, 0xff, 0xff, 0x68, 0x0,
    0x0, 0x58, 0xd1, 0xff, 0xff, 0xff, 0xeb, 0x93,
    0x69, 0x68, 0x90, 0xef, 0xff, 0xff, 0xff, 0xff,
    0xd5, 0x0, 0x0, 0x0, 0x0, 0x36, 0x9a, 0xbb,
    0x11, 0x0, 0x0, 0x0, 0x0, 0x24, 0xf4, 0xff,
    0xff, 0xff, 0xff, 0x16, 0x0, 0x0, 0x0, 0x0,
    0x0, 0x0, 0x0, 0x0, 0x0, 0x0, 0x0, 0x0,
    0xb9, 0xff, 0xff, 0xff, 0xff, 0x31, 0x0, 0x0,
    0x0, 0x0, 0x0, 0x1, 0x18, 0x29, 0x29, 0x17,
    0x0, 0x0, 0xa4, 0xff, 0xff, 0xff, 0xff, 0x3c,
    0x0, 0x0, 0x0, 0x45, 0xb0, 0xef, 0xff, 0xff,
    0xff, 0xff, 0xef, 0xaa, 0xc8, 0xff, 0xff, 0xff,
    0xff, 0x3c, 0x0, 0x3, 0x9e, 0xff, 0xff, 0xff,
    0xff, 0xff, 0xff, 0xff, 0xff, 0xff, 0xff, 0xff,
    0xff, 0xff, 0xff, 0x3c, 0x0, 0x92, 0xff, 0xff,
    0xff, 0xff, 0xff, 0xff, 0xff, 0xff, 0xff, 0xff,
    0xff, 0xff, 0xff, 0xff, 0xff, 0x3c, 0x25, 0xfd,
    0xff, 0xff, 0xff, 0xf7, 0x78, 0x22, 0x7, 0x19,
    0x37, 0x8b, 0xef, 0xff, 0xff, 0xff, 0xff, 0x3c,
    0x75, 0xff, 0xff, 0xff, 0xff, 0x70, 0x0, 0x0,
    0x0, 0x0, 0x0, 0x0, 0xa4, 0xff, 0xff, 0xff,
    0xff, 0x3c, 0x99, 0xff, 0xff, 0xff, 0xff, 0x2d,
    0x0, 0x0, 0x0, 0x0, 0x0, 0x0, 0xae, 0xff,
    0xff, 0xff, 0xff, 0x3c, 0x99, 0xff, 0xff, 0xff,
    0xff, 0x54, 0x0, 0x0, 0x0, 0x0, 0x0, 0x5d,
    0xfe, 0xff, 0xff, 0xff, 0xff, 0x3c, 0x74, 0xff,
    0xff, 0xff, 0xff, 0xe7, 0x53, 0x10, 0x10, 0x42,
    0xac, 0xff, 0xff, 0xff, 0xff, 0xff, 0xff, 0x3c,
    0x23, 0xfc, 0xff, 0xff, 0xff, 0xff, 0xff, 0xff,
    0xff, 0xff, 0xff, 0xff, 0xff, 0xff, 0xff, 0xff,
    0xff, 0x3c, 0x0, 0x8d, 0xff, 0xff, 0xff, 0xff,
    0xff, 0xff, 0xff, 0xff, 0xff, 0xff, 0xfc, 0xff,
    0xff, 0xff, 0xff, 0x3c, 0x0, 0x3, 0x97, 0xff,
    0xff, 0xff, 0xff, 0xff, 0xff, 0xff, 0xff, 0xee,
    0x63, 0xff, 0xff, 0xff, 0xff, 0x3c, 0x0, 0x0,
    0x0, 0x39, 0x9d, 0xd8, 0xf3, 0xfa, 0xea, 0xc4,
    0x7d, 0x12, 0x28, 0xff, 0xff, 0xff, 0xff, 0x3c,

    /* U+0062 "b" */
    0xff, 0xff, 0xff, 0xff, 0xe0, 0x0, 0x0, 0x0,
    0x0, 0x0, 0x0, 0x0, 0x0, 0x0, 0x0, 0x0,
    0x0, 0xff, 0xff, 0xff, 0xff, 0xe0, 0x0, 0x0,
    0x0, 0x0, 0x0, 0x0, 0x0, 0x0, 0x0, 0x0,
    0x0, 0x0, 0xff, 0xff, 0xff, 0xff, 0xe0, 0x0,
    0x0, 0x0, 0x0, 0x0, 0x0, 0x0, 0x0, 0x0,
    0x0, 0x0, 0x0, 0xff, 0xff, 0xff, 0xff, 0xe0,
    0x0, 0x0, 0x0, 0x0, 0x0, 0x0, 0x0, 0x0,
    0x0, 0x0, 0x0, 0x0, 0xff, 0xff, 0xff, 0xff,
    0xe0, 0x0, 0x0, 0x0, 0x0, 0x0, 0x0, 0x0,
    0x0, 0x0, 0x0, 0x0, 0x0, 0xff, 0xff, 0xff,
    0xff, 0xe0, 0x0, 0x0, 0x0, 0x0, 0x0, 0x0,
    0x0, 0x0, 0x0, 0x0, 0x0, 0x0, 0xff, 0xff,
    0xff, 0xff, 0xe0, 0x0, 0x0, 0x0, 0x0, 0x0,
    0x0, 0x0, 0x0, 0x0, 0x0, 0x0, 0x0, 0xff,
    0xff, 0xff, 0xff, 0xe0, 0x0, 0x0, 0x0, 0x0,
    0x0, 0x0, 0x0, 0x0, 0x0, 0x0, 0x0, 0x0,
    0xff, 0xff, 0xff, 0xff, 0xe0, 0x0, 0x49, 0xab,
    0xe3, 0xf9, 0xed, 0xca, 0x77, 0xb, 0x0, 0x0,
    0x0, 0xff, 0xff, 0xff, 0xff, 0xe7, 0xae, 0xff,
    0xff, 0xff, 0xff, 0xff, 0xff, 0xff, 0xde, 0x26,
    0x0, 0x0, 0xff, 0xff, 0xff, 0xff, 0xff, 0xff,
    0xff, 0xff, 0xff, 0xff, 0xff, 0xff, 0xff, 0xff,
    0xde, 0xc, 0x0, 0xff, 0xff, 0xff, 0xff, 0xff,
    0xff, 0xff, 0xff, 0xfe, 0xff, 0xff, 0xff, 0xff,
    0xff, 0xff, 0x7e, 0x0, 0xff, 0xff, 0xff, 0xff,
    0xff, 0xff, 0xb8, 0x36, 0x4, 0x1c, 0xb1, 0xff,
    0xff, 0xff, 0xff, 0xe4, 0x1, 0xff, 0xff, 0xff,
    0xff, 0xff, 0xa0, 0x2, 0x0, 0x0, 0x0, 0xb,
    0xe8, 0xff, 0xff, 0xff, 0xff, 0x32, 0xff, 0xff,
    0xff, 0xff, 0xeb, 0x7, 0x0, 0x0, 0x0, 0x0,
    0x0, 0x94, 0xff, 0xff, 0xff, 0xff, 0x63, 0xff,
    0xff, 0xff, 0xff, 0xe0, 0x0, 0x0, 0x0, 0x0,
    0x0, 0x0, 0x5f, 0xff, 0xff, 0xff, 0xff, 0x8b,
    0xff, 0xff, 0xff, 0xff, 0xe0, 0x0, 0x0, 0x0,
    0x0, 0x0, 0x0, 0x44, 0xff, 0xff, 0xff, 0xff,
    0x9d, 0xff, 0xff, 0xff, 0xff, 0xe0, 0x0, 0x0,
    0x0, 0x0, 0x0, 0x0, 0x39, 0xff, 0xff, 0xff,
    0xff, 0xa9, 0xff, 0xff, 0xff, 0xff, 0xe0, 0x0,
    0x0, 0x0, 0x0, 0x0, 0x0, 0x38, 0xff, 0xff,
    0xff, 0xff, 0xaa, 0xff, 0xff, 0xff, 0xff, 0xe0,
    0x0, 0x0, 0x0, 0x0, 0x0, 0x0, 0x45, 0xff,
    0xff, 0xff, 0xff, 0x9e, 0xff, 0xff, 0xff, 0xff,
    0xe0, 0x0, 0x0, 0x0, 0x0, 0x0, 0x0, 0x61,
    0xff, 0xff, 0xff, 0xff, 0x8c, 0xff, 0xff, 0xff,
    0xff, 0xeb, 0x5, 0x0, 0x0, 0x0, 0x0, 0x0,
    0x97, 0xff, 0xff, 0xff, 0xff, 0x64, 0xff, 0xff,
    0xff, 0xff, 0xff, 0x94, 0x1, 0x0, 0x0, 0x0,
    0xb, 0xea, 0xff, 0xff, 0xff, 0xff, 0x34, 0xff,
    0xff, 0xff, 0xff, 0xff, 0xff, 0xb1, 0x2e, 0x1,
    0x12, 0xad, 0xff, 0xff, 0xff, 0xff, 0xe5, 0x1,
    0xff, 0xff, 0xff, 0xff, 0xff, 0xff, 0xff, 0xff,
    0xf7, 0xfd, 0xff, 0xff, 0xff, 0xff, 0xff, 0x7f,
    0x0, 0xff, 0xff, 0xff, 0xff, 0xff, 0xff, 0xff,
    0xff, 0xff, 0xff, 0xff, 0xff, 0xff, 0xff, 0xdf,
    0xd, 0x0, 0xff, 0xff, 0xff, 0xff, 0xd2, 0xd8,
    0xff, 0xff, 0xff, 0xff, 0xff, 0xff, 0xff, 0xdf,
    0x27, 0x0, 0x0, 0xff, 0xff, 0xff, 0xff, 0xb8,
    0xa, 0x6d, 0xbc, 0xe9, 0xfa, 0xef, 0xcc, 0x7a,
    0xc, 0x0, 0x0, 0x0,

    /* U+0063 "c" */
    0x0, 0x0, 0x0, 0x0, 0x0, 0x23, 0x7d, 0xc2,
    0xe4, 0xf9, 0xf5, 0xdb, 0xa8, 0x53, 0x2, 0x0,
    0x0, 0x0, 0x0, 0x0, 0x0, 0x7, 0x91, 0xfa,
    0xff, 0xff, 0xff, 0xff, 0xff, 0xff, 0xff, 0xff,
    0xd0, 0x27, 0x0, 0x0, 0x0, 0x0, 0xd, 0xbf,
    0xff, 0xff, 0xff, 0xff, 0xff, 0xff, 0xff, 0xff,
    0xff, 0xff, 0xff, 0xea, 0x24, 0x0, 0x0, 0x0,
    0xa5, 0xff, 0xff, 0xff, 0xff, 0xff, 0xff, 0xff,
    0xff, 0xff, 0xff, 0xff, 0xff, 0xff, 0xc7, 0x1,
    0x0, 0x4d, 0xff, 0xff, 0xff, 0xff, 0xff, 0xd5,
    0x78, 0x5a, 0x70, 0xb9, 0xfe, 0xff, 0xff, 0xff,
    0xfe, 0x3a, 0x0, 0xc4, 0xff, 0xff, 0xff, 0xff,
    0xaa, 0x5, 0x0, 0x0, 0x0, 0x0, 0x44, 0xf6,
    0xd6, 0x7b, 0x1f, 0x0, 0x1c, 0xff, 0xff, 0xff,
    0xff, 0xec, 0xf, 0x0, 0x0, 0x0, 0x0, 0x0,
    0x0, 0x18, 0x0, 0x0, 0x0, 0x0, 0x5a, 0xff,
    0xff, 0xff, 0xff, 0x98, 0x0, 0x0, 0x0, 0x0,
    0x0, 0x0, 0x0, 0x0, 0x0, 0x0, 0x0, 0x0,
    0x7d, 0xff, 0xff, 0xff, 0xff, 0x63, 0x0, 0x0,
    0x0, 0x0, 0x0, 0x0, 0x0, 0x0, 0x0, 0x0,
    0x0, 0x0, 0x8f, 0xff, 0xff, 0xff, 0xff, 0x4d,
    0x0, 0x0, 0x0, 0x0, 0x0, 0x0, 0x0, 0x0,
    0x0, 0x0, 0x0, 0x0, 0x8e, 0xff, 0xff, 0xff,
    0xff, 0x4e, 0x0, 0x0, 0x0, 0x0, 0x0, 0x0,
    0x0, 0x0, 0x0, 0x0, 0x0, 0x0, 0x7b, 0xff,
    0xff, 0xff, 0xff, 0x66, 0x0, 0x0, 0x0, 0x0,
    0x0, 0x0, 0x0, 0x0, 0x0, 0x0, 0x0, 0x0,
    0x54, 0xff, 0xff, 0xff, 0xff, 0x9e, 0x0, 0x0,
    0x0, 0x0, 0x0, 0x0, 0x0, 0x0, 0x0, 0x0,
    0x0, 0x0, 0x16, 0xff, 0xff, 0xff, 0xff, 0xf0,
    0x12, 0x0, 0x0, 0x0, 0x0, 0x0, 0x0, 0x15,
    0x0, 0x0, 0x0, 0x0, 0x0, 0xba, 0xff, 0xff,
    0xff, 0xff, 0xb0, 0x5, 0x0, 0x0, 0x0, 0x0,
    0x3d, 0xf5, 0xd2, 0x76, 0x1c, 0x0, 0x0, 0x42,
    0xff, 0xff, 0xff, 0xff, 0xff, 0xd6, 0x76, 0x56,
    0x69, 0xae, 0xfc, 0xff, 0xff, 0xff, 0xfd, 0x3a,
    0x0, 0x0, 0x98, 0xff, 0xff, 0xff, 0xff, 0xff,
    0xff, 0xff, 0xff, 0xff, 0xff, 0xff, 0xff, 0xff,
    0xc9, 0x1, 0x0, 0x0, 0x8, 0xb4, 0xff, 0xff,
    0xff, 0xff, 0xff, 0xff, 0xff, 0xff, 0xff, 0xff,
    0xff, 0xeb, 0x26, 0x0, 0x0, 0x0, 0x0, 0x4,
    0x87, 0xf8, 0xff, 0xff, 0xff, 0xff, 0xff, 0xff,
    0xff, 0xff, 0xd2, 0x29, 0x0, 0x0, 0x0, 0x0,
    0x0, 0x0, 0x0, 0x1e, 0x7a, 0xc1, 0xe4, 0xf9,
    0xf7, 0xde, 0xab, 0x56, 0x3, 0x0, 0x0, 0x0,

    /* U+0064 "d" */
    0x0, 0x0, 0x0, 0x0, 0x0, 0x0, 0x0, 0x0,
    0x0, 0x0, 0x0, 0x0, 0xe0, 0xff, 0xff, 0xff,
    0xff, 0x0, 0x0, 0x0, 0x0, 0x0, 0x0, 0x0,
    0x0, 0x0, 0x0, 0x0, 0x0, 0xe0, 0xff, 0xff,
    0xff, 0xff, 0x0, 0x0, 0x0, 0x0, 0x0, 0x0,
    0x0, 0x0, 0x0, 0x0, 0x0, 0x0, 0xe0, 0xff,
    0xff, 0xff, 0xff, 0x0, 0x0, 0x0, 0x0, 0x0,
    0x0, 0x0, 0x0, 0x0, 0x0, 0x0, 0x0, 0xe0,
    0xff, 0xff, 0xff, 0xff, 0x0, 0x0, 0x0, 0x0,
    0x0, 0x0, 0x0, 0x0, 0x0, 0x0, 0x0, 0x0,
    0xe0, 0xff, 0xff, 0xff, 0xff, 0x0, 0x0, 0x0,
    0x0, 0x0, 0x0, 0x0, 0x0, 0x0, 0x0, 0x0,
    0x0, 0xe0, 0xff, 0xff, 0xff, 0xff, 0x0, 0x0,
    0x0, 0x0, 0x0, 0x0, 0x0, 0x0, 0x0, 0x0,
    0x0, 0x0, 0xe0, 0xff, 0xff, 0xff, 0xff, 0x0,
    0x0, 0x0, 0x0, 0x0, 0x0, 0x0, 0x0, 0x0,
    0x0, 0x0, 0x0, 0xe0, 0xff, 0xff, 0xff, 0xff,
    0x0, 0x0, 0x0, 0xb, 0x78, 0xca, 0xed, 0xf8,
    0xe3, 0xab, 0x49, 0x0, 0xe0, 0xff, 0xff, 0xff,
    0xff, 0x0, 0x0, 0x27, 0xdf, 0xff, 0xff, 0xff,
    0xff, 0xff, 0xff, 0xff, 0xad, 0xe7, 0xff, 0xff,
    0xff, 0xff, 0x0, 0xc, 0xde, 0xff, 0xff, 0xff,
    0xff, 0xff, 0xff, 0xff, 0xff, 0xff, 0xff, 0xff,
    0xff, 0xff, 0xff, 0x0, 0x80, 0xff, 0xff, 0xff,
    0xff, 0xff, 0xff, 0xfe, 0xff, 0xff, 0xff, 0xff,
    0xff, 0xff, 0xff, 0xff, 0x1, 0xe6, 0xff, 0xff,
    0xff, 0xff, 0xaf, 0x1c, 0x4, 0x36, 0xb8, 0xff,
    0xff, 0xff, 0xff, 0xff, 0xff, 0x34, 0xff, 0xff,
    0xff, 0xff, 0xe6, 0xa, 0x0, 0x0, 0x0, 0x2,
    0xa0, 0xff, 0xff, 0xff, 0xff, 0xff, 0x65, 0xff,
    0xff, 0xff, 0xff, 0x91, 0x0, 0x0, 0x0, 0x0,
    0x0, 0x7, 0xeb, 0xff, 0xff, 0xff, 0xff, 0x8c,
    0xff, 0xff, 0xff, 0xff, 0x5e, 0x0, 0x0, 0x0,
    0x0, 0x0, 0x0, 0xe0, 0xff, 0xff, 0xff, 0xff,
    0x9f, 0xff, 0xff, 0xff, 0xff, 0x43, 0x0, 0x0,
    0x0, 0x0, 0x0, 0x0, 0xe0, 0xff, 0xff, 0xff,
    0xff, 0xaa, 0xff, 0xff, 0xff, 0xff, 0x38, 0x0,
    0x0, 0x0, 0x0, 0x0, 0x0, 0xe0, 0xff, 0xff,
    0xff, 0xff, 0xaa, 0xff, 0xff, 0xff, 0xff, 0x37,
    0x0, 0x0, 0x0, 0x0, 0x0, 0x0, 0xe0, 0xff,
    0xff, 0xff, 0xff, 0x9f, 0xff, 0xff, 0xff, 0xff,
    0x43, 0x0, 0x0, 0x0, 0x0, 0x0, 0x0, 0xe0,
    0xff, 0xff, 0xff, 0xff, 0x8d, 0xff, 0xff, 0xff,
    0xff, 0x60, 0x0, 0x0, 0x0, 0x0, 0x0, 0x0,
    0xe0, 0xff, 0xff, 0xff, 0xff, 0x66, 0xff, 0xff,
    0xff, 0xff, 0x96, 0x0, 0x0, 0x0, 0x0, 0x0,
    0x6, 0xeb, 0xff, 0xff, 0xff, 0xff, 0x36, 0xff,
    0xff, 0xff, 0xff, 0xea, 0xb, 0x0, 0x0, 0x0,
    0x1, 0x94, 0xff, 0xff, 0xff, 0xff, 0xff, 0x1,
    0xe7, 0xff, 0xff, 0xff, 0xff, 0xac, 0x12, 0x1,
    0x2e, 0xb1, 0xff, 0xff, 0xff, 0xff, 0xff, 0xff,
    0x0, 0x81, 0xff, 0xff, 0xff, 0xff, 0xff, 0xfd,
    0xf7, 0xff, 0xff, 0xff, 0xff, 0xff, 0xff, 0xff,
    0xff, 0x0, 0xd, 0xdf, 0xff, 0xff, 0xff, 0xff,
    0xff, 0xff, 0xff, 0xff, 0xff, 0xff, 0xff, 0xff,
    0xff, 0xff, 0x0, 0x0, 0x28, 0xe0, 0xff, 0xff,
    0xff, 0xff, 0xff, 0xff, 0xff, 0xd8, 0xd2, 0xff,
    0xff, 0xff, 0xff, 0x0, 0x0, 0x0, 0xc, 0x7a,
    0xcc, 0xef, 0xfa, 0xe9, 0xbc, 0x6d, 0xa, 0xb8,
    0xff, 0xff, 0xff, 0xff,

    /* U+0065 "e" */
    0x0, 0x0, 0x0, 0x0, 0x0, 0x3e, 0x95, 0xd5,
    0xee, 0xf8, 0xe4, 0xb8, 0x6d, 0xc, 0x0, 0x0,
    0x0, 0x0, 0x0, 0x0, 0x0, 0x14, 0xb2, 0xff,
    0xff, 0xff, 0xff, 0xff, 0xff, 0xff, 0xff, 0xe9,
    0x52, 0x0, 0x0, 0x0, 0x0, 0x0, 0x1c, 0xd9,
    0xff, 0xff, 0xff, 0xff, 0xff, 0xff, 0xff, 0xff,
    0xff, 0xff, 0xfe, 0x6b, 0x0, 0x0, 0x0, 0x2,
    0xc2, 0xff, 0xff, 0xff, 0xff, 0xff, 0xff, 0xff,
    0xff, 0xff, 0xff, 0xff, 0xff, 0xfb, 0x3b, 0x0,
    0x0, 0x63, 0xff, 0xff, 0xff, 0xff, 0xf3, 0x82,
    0x41, 0x3c, 0x6d, 0xde, 0xff, 0xff, 0xff, 0xff,
    0xc5, 0x0, 0x0, 0xd3, 0xff, 0xff, 0xff, 0xfe,
    0x40, 0x0, 0x0, 0x0, 0x0, 0x10, 0xd8, 0xff,
    0xff, 0xff, 0xff, 0x30, 0x23, 0xff, 0xff, 0xff,
    0xff, 0xa5, 0x0, 0x0, 0x0, 0x0, 0x0, 0x0,
    0x53, 0xff, 0xff, 0xff, 0xff, 0x72, 0x5d, 0xff,
    0xff, 0xff, 0xff, 0x4c, 0x0, 0x0, 0x0, 0x0,
    0x0, 0x0, 0x9, 0xfc, 0xff, 0xff, 0xff, 0xa2,
    0x7d, 0xff, 0xff, 0xff, 0xff, 0xad, 0xa4, 0xa4,
    0xa4, 0xa4, 0xa4, 0xa4, 0xa4, 0xf7, 0xff, 0xff,
    0xff, 0xb5, 0x8f, 0xff, 0xff, 0xff, 0xff, 0xff,
    0xff, 0xff, 0xff, 0xff, 0xff, 0xff, 0xff, 0xff,
    0xff, 0xff, 0xff, 0xc1, 0x90, 0xff, 0xff, 0xff,
    0xff, 0xff, 0xff, 0xff, 0xff, 0xff, 0xff, 0xff,
    0xff, 0xff, 0xff, 0xff, 0xff, 0xb9, 0x7f, 0xff,
    0xff, 0xff, 0xff, 0x33, 0x0, 0x0, 0x0, 0x0,
    0x0, 0x0, 0x0, 0x0, 0x0, 0x0, 0x0, 0x0,
    0x60, 0xff, 0xff, 0xff, 0xff, 0x69, 0x0, 0x0,
    0x0, 0x0, 0x0, 0x0, 0x0, 0x0, 0x0, 0x0,
    0x0, 0x0, 0x26, 0xff, 0xff, 0xff, 0xff, 0xc9,
    0x0, 0x0, 0x0, 0x0, 0x0, 0x0, 0x0, 0x23,
    0x1, 0x0, 0x0, 0x0, 0x0, 0xd7, 0xff, 0xff,
    0xff, 0xff, 0x7d, 0x0, 0x0, 0x0, 0x0, 0x0,
    0x3a, 0xf8, 0xe1, 0x84, 0x25, 0x0, 0x0, 0x68,
    0xff, 0xff, 0xff, 0xff, 0xff, 0xbf, 0x6b, 0x54,
    0x66, 0xa5, 0xfa, 0xff, 0xff, 0xff, 0xff, 0x3b,
    0x0, 0x4, 0xc7, 0xff, 0xff, 0xff, 0xff, 0xff,
    0xff, 0xff, 0xff, 0xff, 0xff, 0xff, 0xff, 0xff,
    0xc7, 0x1, 0x0, 0x0, 0x1f, 0xdd, 0xff, 0xff,
    0xff, 0xff, 0xff, 0xff, 0xff, 0xff, 0xff, 0xff,
    0xff, 0xe7, 0x23, 0x0, 0x0, 0x0, 0x0, 0x17,
    0xb4, 0xff, 0xff, 0xff, 0xff, 0xff, 0xff, 0xff,
    0xff, 0xff, 0xc0, 0x21, 0x0, 0x0, 0x0, 0x0,
    0x0, 0x0, 0x0, 0x3a, 0x8f, 0xcf, 0xea, 0xfb,
    0xf2, 0xd2, 0x97, 0x3f, 0x0, 0x0, 0x0, 0x0,

    /* U+0066 "f" */
    0x0, 0x0, 0x0, 0x0, 0x0, 0x0, 0x0, 0x3b,
    0xa2, 0xda, 0xf4, 0xff, 0xff, 0xff, 0xff, 0xff,
    0xff, 0x90, 0x0, 0x0, 0x0, 0x0, 0x0, 0x0,
    0x7f, 0xff, 0xff, 0xff, 0xff, 0xff, 0xff, 0xff,
    0xff, 0xff, 0xff, 0x90, 0x0, 0x0, 0x0, 0x0,
    0x0, 0x3d, 0xff, 0xff, 0xff, 0xff, 0xff, 0xff,
    0xff, 0xff, 0xff, 0xff, 0xff, 0x90, 0x0, 0x0,
    0x0, 0x0, 0x0, 0xa1, 0xff, 0xff, 0xff, 0xff,
    0xff, 0xff, 0xff, 0xff, 0xff, 0xff, 0xff, 0x90,
    0x0, 0x0, 0x0, 0x0, 0x0, 0xd7, 0xff, 0xff,
    0xff, 0xff, 0xea, 0x9b, 0x85, 0x84, 0x84, 0x84,
    0x84, 0x4a, 0x0, 0x0, 0x0, 0x0, 0x0, 0xec,
    0xff, 0xff, 0xff, 0xff, 0x24, 0x0, 0x0, 0x0,
    0x0, 0x0, 0x0, 0x0, 0x0, 0x0, 0x0, 0x0,
    0x0, 0xf4, 0xff, 0xff, 0xff, 0xef, 0x0, 0x0,
    0x0, 0x0, 0x0, 0x0, 0x0, 0x0, 0x0, 0x0,
    0x0, 0x0, 0x0, 0xf4, 0xff, 0xff, 0xff, 0xec,
    0x0, 0x0, 0x0, 0x0, 0x0, 0x0, 0x0, 0x0,
    0x34, 0xff, 0xff, 0xff, 0xff, 0xff, 0xff, 0xff,
    0xff, 0xff, 0xff, 0xff, 0xff, 0xff, 0x70, 0x0,
    0x0, 0x0, 0x34, 0xff, 0xff, 0xff, 0xff, 0xff,
    0xff, 0xff, 0xff, 0xff, 0xff, 0xff, 0xff, 0xff,
    0x70, 0x0, 0x0, 0x0, 0x34, 0xff, 0xff, 0xff,
    0xff, 0xff, 0xff, 0xff, 0xff, 0xff, 0xff, 0xff,
    0xff, 0xff, 0x70, 0x0, 0x0, 0x0, 0x34, 0xff,
    0xff, 0xff, 0xff, 0xff, 0xff, 0xff, 0xff, 0xff,
    0xff, 0xff, 0xff, 0xff, 0x70, 0x0, 0x0, 0x0,
    0x1a, 0x84, 0x84, 0x84, 0x84, 0xfa, 0xff, 0xff,
    0xff, 0xf6, 0x84, 0x84, 0x84, 0x84, 0x39, 0x0,
    0x0, 0x0, 0x0, 0x0, 0x0, 0x0, 0x0, 0xf4,
    0xff, 0xff, 0xff, 0xec, 0x0, 0x0, 0x0, 0x0,
    0x0, 0x0, 0x0, 0x0, 0x0, 0x0, 0x0, 0x0,
    0x0, 0xf4, 0xff, 0xff, 0xff, 0xec, 0x0, 0x0,
    0x0, 0x0, 0x0, 0x0, 0x0, 0x0, 0x0, 0x0,
    0x0, 0x0, 0x0, 0xf4, 0xff, 0xff, 0xff, 0xec,
    0x0, 0x0, 0x0, 0x0, 0x0, 0x0, 0x0, 0x0,
    0x0, 0x0, 0x0, 0x0, 0x0, 0xf4, 0xff, 0xff,
    0xff, 0xec, 0x0, 0x0, 0x0, 0x0, 0x0, 0x0,
    0x0, 0x0, 0x0, 0x0, 0x0, 0x0, 0x0, 0xf4,
    0xff, 0xff, 0xff, 0xec, 0x0, 0x0, 0x0, 0x0,
    0x0, 0x0, 0x0, 0x0, 0x0, 0x0, 0x0, 0x0,
    0x0, 0xf4, 0xff, 0xff, 0xff, 0xec, 0x0, 0x0,
    0x0, 0x0, 0x0, 0x0, 0x0, 0x0, 0x0, 0x0,
    0x0, 0x0, 0x0, 0xf4, 0xff, 0xff, 0xff, 0xec,
    0x0, 0x0, 0x0, 0x0, 0x0, 0x0, 0x0, 0x0,
    0x0, 0x0, 0x0, 0x0, 0x0, 0xf4, 0xff, 0xff,
    0xff, 0xec, 0x0, 0x0, 0x0, 0x0, 0x0, 0x0,
    0x0, 0x0, 0x0, 0x0, 0x0, 0x0, 0x0, 0xf4,
    0xff, 0xff, 0xff, 0xec, 0x0, 0x0, 0x0, 0x0,
    0x0, 0x0, 0x0, 0x0, 0x0, 0x0, 0x0, 0x0,
    0x0, 0xf4, 0xff, 0xff, 0xff, 0xec, 0x0, 0x0,
    0x0, 0x0, 0x0, 0x0, 0x0, 0x0, 0x0, 0x0,
    0x0, 0x0, 0x0, 0xf4, 0xff, 0xff, 0xff, 0xec,
    0x0, 0x0, 0x0, 0x0, 0x0, 0x0, 0x0, 0x0,
    0x0, 0x0, 0x0, 0x0, 0x0, 0xf4, 0xff, 0xff,
    0xff, 0xec, 0x0, 0x0, 0x0, 0x0, 0x0, 0x0,
    0x0, 0x0, 0x0, 0x0, 0x0, 0x0, 0x0, 0xf4,
    0xff, 0xff, 0xff, 0xec, 0x0, 0x0, 0x0, 0x0,
    0x0, 0x0, 0x0, 0x0, 0x0, 0x0, 0x0, 0x0,
    0x0, 0xf4, 0xff, 0xff, 0xff, 0xec, 0x0, 0x0,
    0x0, 0x0, 0x0, 0x0, 0x0, 0x0, 0x0, 0x0,
    0x0, 0x0, 0x0, 0xf4, 0xff, 0xff, 0xff, 0xec,
    0x0, 0x0, 0x0, 0x0, 0x0, 0x0, 0x0, 0x0,

    /* U+0067 "g" */
    0x0, 0x0, 0x0, 0xd, 0x7b, 0xcd, 0xef, 0xf9,
    0xe7, 0xb9, 0x69, 0x8, 0xb8, 0xff, 0xff, 0xff,
    0xff, 0xc, 0x0, 0x0, 0x2a, 0xe1, 0xff, 0xff,
    0xff, 0xff, 0xff, 0xff, 0xff, 0xd4, 0xd1, 0xff,
    0xff, 0xff, 0xff, 0xc, 0x0, 0xe, 0xe0, 0xff,
    0xff, 0xff, 0xff, 0xff, 0xff, 0xff, 0xff, 0xff,
    0xff, 0xff, 0xff, 0xff, 0xff, 0xc, 0x0, 0x82,
    0xff, 0xff, 0xff, 0xff, 0xff, 0xff, 0xfe, 0xff,
    0xff, 0xff, 0xff, 0xff, 0xff, 0xff, 0xff, 0xc,
    0x1, 0xe7, 0xff, 0xff, 0xff, 0xff, 0xb0, 0x1c,
    0x7, 0x3e, 0xc2, 0xff, 0xff, 0xff, 0xff, 0xff,
    0xff, 0xc, 0x36, 0xff, 0xff, 0xff, 0xff, 0xe6,
    0xa, 0x0, 0x0, 0x0, 0x4, 0xa5, 0xff, 0xff,
    0xff, 0xff, 0xff, 0xc, 0x67, 0xff, 0xff, 0xff,
    0xff, 0x8d, 0x0, 0x0, 0x0, 0x0, 0x0, 0xb,
    0xee, 0xff, 0xff, 0xff, 0xff, 0xc, 0x8d, 0xff,
    0xff, 0xff, 0xff, 0x56, 0x0, 0x0, 0x0, 0x0,
    0x0, 0x0, 0xe0, 0xff, 0xff, 0xff, 0xff, 0xc,
    0x9f, 0xff, 0xff, 0xff, 0xff, 0x38, 0x0, 0x0,
    0x0, 0x0, 0x0, 0x0, 0xe0, 0xff, 0xff, 0xff,
    0xff, 0xc, 0xaa, 0xff, 0xff, 0xff, 0xff, 0x2c,
    0x0, 0x0, 0x0, 0x0, 0x0, 0x0, 0xe0, 0xff,
    0xff, 0xff, 0xff, 0xc, 0xab, 0xff, 0xff, 0xff,
    0xff, 0x2b, 0x0, 0x0, 0x0, 0x0, 0x0, 0x0,
    0xe0, 0xff, 0xff, 0xff, 0xff, 0xc, 0x9f, 0xff,
    0xff, 0xff, 0xff, 0x38, 0x0, 0x0, 0x0, 0x0,
    0x0, 0x0, 0xe0, 0xff, 0xff, 0xff, 0xff, 0xc,
    0x8d, 0xff, 0xff, 0xff, 0xff, 0x57, 0x0, 0x0,
    0x0, 0x0, 0x0, 0x0, 0xe0, 0xff, 0xff, 0xff,
    0xff, 0xc, 0x67, 0xff, 0xff, 0xff, 0xff, 0x8f,
    0x0, 0x0, 0x0, 0x0, 0x0, 0x15, 0xf1, 0xff,
    0xff, 0xff, 0xff, 0xc, 0x36, 0xff, 0xff, 0xff,
    0xff, 0xe8, 0xc, 0x0, 0x0, 0x0, 0xc, 0xc2,
    0xff, 0xff, 0xff, 0xff, 0xff, 0xc, 0x1, 0xe7,
    0xff, 0xff, 0xff, 0xff, 0xb4, 0x1d, 0x5, 0x43,
    0xd0, 0xff, 0xff, 0xff, 0xff, 0xff, 0xff, 0xc,
    0x0, 0x82, 0xff, 0xff, 0xff, 0xff, 0xff, 0xff,
    0xfe, 0xff, 0xff, 0xff, 0xff, 0xff, 0xff, 0xff,
    0xff, 0xc, 0x0, 0xe, 0xe0, 0xff, 0xff, 0xff,
    0xff, 0xff, 0xff, 0xff, 0xff, 0xff, 0xff, 0xff,
    0xff, 0xff, 0xff, 0xc, 0x0, 0x0, 0x2a, 0xe2,
    0xff, 0xff, 0xff, 0xff, 0xff, 0xff, 0xff, 0x91,
    0xe2, 0xff, 0xff, 0xff, 0xff, 0xc, 0x0, 0x0,
    0x0, 0xe, 0x7c, 0xcd, 0xf0, 0xf8, 0xe0, 0xa3,
    0x39, 0x0, 0xe3, 0xff, 0xff, 0xff, 0xff, 0x8,
    0x0, 0x0, 0x0, 0x0, 0x0, 0x0, 0x0, 0x0,
    0x0, 0x0, 0x0, 0x0, 0xf3, 0xff, 0xff, 0xff,
    0xf5, 0x0, 0x0, 0x0, 0x3f, 0x0, 0x0, 0x0,
    0x0, 0x0, 0x0, 0x0, 0x0, 0x28, 0xff, 0xff,
    0xff, 0xff, 0xd7, 0x0, 0x0, 0x4b, 0xff, 0x99,
    0x13, 0x0, 0x0, 0x0, 0x0, 0x0, 0x1, 0xa5,
    0xff, 0xff, 0xff, 0xff, 0x97, 0x0, 0x4, 0xd7,
    0xff, 0xff, 0xf1, 0xa5, 0x6b, 0x55, 0x52, 0x73,
    0xcb, 0xff, 0xff, 0xff, 0xff, 0xff, 0x38, 0x0,
    0x6c, 0xff, 0xff, 0xff, 0xff, 0xff, 0xff, 0xff,
    0xff, 0xff, 0xff, 0xff, 0xff, 0xff, 0xff, 0xaf,
    0x0, 0x0, 0x31, 0xe8, 0xff, 0xff, 0xff, 0xff,
    0xff, 0xff, 0xff, 0xff, 0xff, 0xff, 0xff, 0xff,
    0xd4, 0xf, 0x0, 0x0, 0x0, 0x20, 0xaf, 0xff,
    0xff, 0xff, 0xff, 0xff, 0xff, 0xff, 0xff, 0xff,
    0xfe, 0xa5, 0xd, 0x0, 0x0, 0x0, 0x0, 0x0,
    0x0, 0x31, 0x82, 0xc5, 0xe3, 0xf6, 0xf7, 0xe6,
    0xc1, 0x85, 0x28, 0x0, 0x0, 0x0, 0x0, 0x0,

    /* U+0068 "h" */
    0xff, 0xff, 0xff, 0xff, 0xe0, 0x0, 0x0, 0x0,
    0x0, 0x0, 0x0, 0x0, 0x0, 0x0, 0x0, 0x0,
    0x0, 0xff, 0xff, 0xff, 0xff, 0xe0, 0x0, 0x0,
    0x0, 0x0, 0x0, 0x0, 0x0, 0x0, 0x0, 0x0,
    0x0, 0x0, 0xff, 0xff, 0xff, 0xff, 0xe0, 0x0,
    0x0, 0x0, 0x0, 0x0, 0x0, 0x0, 0x0, 0x0,
    0x0, 0x0, 0x0, 0xff, 0xff, 0xff, 0xff, 0xe0,
    0x0, 0x0, 0x0, 0x0, 0x0, 0x0, 0x0, 0x0,
    0x0, 0x0, 0x0, 0x0, 0xff, 0xff, 0xff, 0xff,
    0xe0, 0x0, 0x0, 0x0, 0x0, 0x0, 0x0, 0x0,
    0x0, 0x0, 0x0, 0x0, 0x0, 0xff, 0xff, 0xff,
    0xff, 0xe0, 0x0, 0x0, 0x0, 0x0, 0x0, 0x0,
    0x0, 0x0, 0x0, 0x0, 0x0, 0x0, 0xff, 0xff,
    0xff, 0xff, 0xe0, 0x0, 0x0, 0x0, 0x0, 0x0,
    0x0, 0x0, 0x0, 0x0, 0x0, 0x0, 0x0, 0xff,
    0xff, 0xff, 0xff, 0xe0, 0x0, 0x0, 0x0, 0x0,
    0x0, 0x0, 0x0, 0x0, 0x0, 0x0, 0x0, 0x0,
    0xff, 0xff, 0xff, 0xff, 0xe0, 0x0, 0x42, 0xa3,
    0xdc, 0xf4, 0xf8, 0xe5, 0xb1, 0x54, 0x1, 0x0,
    0x0, 0xff, 0xff, 0xff, 0xff, 0xe7, 0xab, 0xff,
    0xff, 0xff, 0xff, 0xff, 0xff, 0xff, 0xff, 0xae,
    0x5, 0x0, 0xff, 0xff, 0xff, 0xff, 0xff, 0xff,
    0xff, 0xff, 0xff, 0xff, 0xff, 0xff, 0xff, 0xff,
    0xff, 0x80, 0x0, 0xff, 0xff, 0xff, 0xff, 0xff,
    0xff, 0xff, 0xff, 0xfe, 0xff, 0xff, 0xff, 0xff,
    0xff, 0xff, 0xee, 0x8, 0xff, 0xff, 0xff, 0xff,
    0xff, 0xff, 0xc9, 0x43, 0x8, 0x16, 0x87, 0xff,
    0xff, 0xff, 0xff, 0xff, 0x3c, 0xff, 0xff, 0xff,
    0xff, 0xff, 0xb5, 0x7, 0x0, 0x0, 0x0, 0x0,
    0xc8, 0xff, 0xff, 0xff, 0xff, 0x65, 0xff, 0xff,
    0xff, 0xff, 0xef, 0x10, 0x0, 0x0, 0x0, 0x0,
    0x0, 0x84, 0xff, 0xff, 0xff, 0xff, 0x75, 0xff,
    0xff, 0xff, 0xff, 0xe0, 0x0, 0x0, 0x0, 0x0,
    0x0, 0x0, 0x6b, 0xff, 0xff, 0xff, 0xff, 0x7c,
    0xff, 0xff, 0xff, 0xff, 0xe0, 0x0, 0x0, 0x0,
    0x0, 0x0, 0x0, 0x68, 0xff, 0xff, 0xff, 0xff,
    0x7c, 0xff, 0xff, 0xff, 0xff, 0xe0, 0x0, 0x0,
    0x0, 0x0, 0x0, 0x0, 0x68, 0xff, 0xff, 0xff,
    0xff, 0x7c, 0xff, 0xff, 0xff, 0xff, 0xe0, 0x0,
    0x0, 0x0, 0x0, 0x0, 0x0, 0x68, 0xff, 0xff,
    0xff, 0xff, 0x7c, 0xff, 0xff, 0xff, 0xff, 0xe0,
    0x0, 0x0, 0x0, 0x0, 0x0, 0x0, 0x68, 0xff,
    0xff, 0xff, 0xff, 0x7c, 0xff, 0xff, 0xff, 0xff,
    0xe0, 0x0, 0x0, 0x0, 0x0, 0x0, 0x0, 0x68,
    0xff, 0xff, 0xff, 0xff, 0x7c, 0xff, 0xff, 0xff,
    0xff, 0xe0, 0x0, 0x0, 0x0, 0x0, 0x0, 0x0,
    0x68, 0xff, 0xff, 0xff, 0xff, 0x7c, 0xff, 0xff,
    0xff, 0xff, 0xe0, 0x0, 0x0, 0x0, 0x0, 0x0,
    0x0, 0x68, 0xff, 0xff, 0xff, 0xff, 0x7c, 0xff,
    0xff, 0xff, 0xff, 0xe0, 0x0, 0x0, 0x0, 0x0,
    0x0, 0x0, 0x68, 0xff, 0xff, 0xff, 0xff, 0x7c,
    0xff, 0xff, 0xff, 0xff, 0xe0, 0x0, 0x0, 0x0,
    0x0, 0x0, 0x0, 0x68, 0xff, 0xff, 0xff, 0xff,
    0x7c, 0xff, 0xff, 0xff, 0xff, 0xe0, 0x0, 0x0,
    0x0, 0x0, 0x0, 0x0, 0x68, 0xff, 0xff, 0xff,
    0xff, 0x7c, 0xff, 0xff, 0xff, 0xff, 0xe0, 0x0,
    0x0, 0x0, 0x0, 0x0, 0x0, 0x68, 0xff, 0xff,
    0xff, 0xff, 0x7c, 0xff, 0xff, 0xff, 0xff, 0xe0,
    0x0, 0x0, 0x0, 0x0, 0x0, 0x0, 0x68, 0xff,
    0xff, 0xff, 0xff, 0x7c,

    /* U+0069 "i" */
    0x0, 0x0, 0x0, 0x0, 0x8, 0x93, 0xe8, 0xe9,
    0x92, 0x7, 0x0, 0x0, 0x0, 0x0, 0x0, 0x0,
    0x0, 0x0, 0x85, 0xff, 0xff, 0xff, 0xff, 0x82,
    0x0, 0x0, 0x0, 0x0, 0x0, 0x0, 0x0, 0x0,
    0xd6, 0xff, 0xff, 0xff, 0xff, 0xd4, 0x0, 0x0,
    0x0, 0x0, 0x0, 0x0, 0x0, 0x0, 0xda, 0xff,
    0xff, 0xff, 0xff, 0xd9, 0x0, 0x0, 0x0, 0x0,
    0x0, 0x0, 0x0, 0x0, 0x92, 0xff, 0xff, 0xff,
    0xff, 0x90, 0x0, 0x0, 0x0, 0x0, 0x0, 0x0,
    0x0, 0x0, 0xe, 0xa5, 0xf4, 0xf4, 0xa4, 0xd,
    0x0, 0x0, 0x0, 0x0, 0x0, 0x0, 0x0, 0x0,
    0x0, 0x0, 0x1, 0x1, 0x0, 0x0, 0x0, 0x0,
    0x0, 0x0, 0x0, 0x0, 0x0, 0x0, 0x0, 0x0,
    0x0, 0x0, 0x0, 0x0, 0x0, 0x0, 0x0, 0x0,
    0x5c, 0xff, 0xff, 0xff, 0xff, 0xff, 0xff, 0xff,
    0xff, 0x90, 0x0, 0x0, 0x0, 0x0, 0x5c, 0xff,
    0xff, 0xff, 0xff, 0xff, 0xff, 0xff, 0xff, 0x90,
    0x0, 0x0, 0x0, 0x0, 0x5c, 0xff, 0xff, 0xff,
    0xff, 0xff, 0xff, 0xff, 0xff, 0x90, 0x0, 0x0,
    0x0, 0x0, 0x5c, 0xff, 0xff, 0xff, 0xff, 0xff,
    0xff, 0xff, 0xff, 0x90, 0x0, 0x0, 0x0, 0x0,
    0x2f, 0x84, 0x84, 0x84, 0xa6, 0xff, 0xff, 0xff,
    0xff, 0x90, 0x0, 0x0, 0x0, 0x0, 0x0, 0x0,
    0x0, 0x0, 0x48, 0xff, 0xff, 0xff, 0xff, 0x90,
    0x0, 0x0, 0x0, 0x0, 0x0, 0x0, 0x0, 0x0,
    0x48, 0xff, 0xff, 0xff, 0xff, 0x90, 0x0, 0x0,
    0x0, 0x0, 0x0, 0x0, 0x0, 0x0, 0x48, 0xff,
    0xff, 0xff, 0xff, 0x90, 0x0, 0x0, 0x0, 0x0,
    0x0, 0x0, 0x0, 0x0, 0x48, 0xff, 0xff, 0xff,
    0xff, 0x90, 0x0, 0x0, 0x0, 0x0, 0x0, 0x0,
    0x0, 0x0, 0x48, 0xff, 0xff, 0xff, 0xff, 0x90,
    0x0, 0x0, 0x0, 0x0, 0x0, 0x0, 0x0, 0x0,
    0x48, 0xff, 0xff, 0xff, 0xff, 0x90, 0x0, 0x0,
    0x0, 0x0, 0x0, 0x0, 0x0, 0x0, 0x48, 0xff,
    0xff, 0xff, 0xff, 0x90, 0x0, 0x0, 0x0, 0x0,
    0x0, 0x0, 0x0, 0x0, 0x48, 0xff, 0xff, 0xff,
    0xff, 0x90, 0x0, 0x0, 0x0, 0x0, 0x0, 0x0,
    0x0, 0x0, 0x48, 0xff, 0xff, 0xff, 0xff, 0x90,
    0x0, 0x0, 0x0, 0x0, 0x0, 0x0, 0x0, 0x0,
    0x48, 0xff, 0xff, 0xff, 0xff, 0x90, 0x0, 0x0,
    0x0, 0x0, 0x2f, 0x84, 0x84, 0x84, 0xa6, 0xff,
    0xff, 0xff, 0xff, 0xc9, 0x84, 0x84, 0x84, 0x2f,
    0x5c, 0xff, 0xff, 0xff, 0xff, 0xff, 0xff, 0xff,
    0xff, 0xff, 0xff, 0xff, 0xff, 0x5c, 0x5c, 0xff,
    0xff, 0xff, 0xff, 0xff, 0xff, 0xff, 0xff, 0xff,
    0xff, 0xff, 0xff, 0x5c, 0x5c, 0xff, 0xff, 0xff,
    0xff, 0xff, 0xff, 0xff, 0xff, 0xff, 0xff, 0xff,
    0xff, 0x5c, 0x5c, 0xff, 0xff, 0xff, 0xff, 0xff,
    0xff, 0xff, 0xff, 0xff, 0xff, 0xff, 0xff, 0x5c,

    /* U+006A "j" */
    0x0, 0x0, 0x0, 0x0, 0x0, 0x0, 0x0, 0x1b,
    0xb3, 0xf1, 0xdd, 0x69, 0x0, 0x0, 0x0, 0x0,
    0x0, 0x0, 0x0, 0x0, 0xc1, 0xff, 0xff, 0xff,
    0xff, 0x46, 0x0, 0x0, 0x0, 0x0, 0x0, 0x0,
    0x11, 0xff, 0xff, 0xff, 0xff, 0xff, 0x98, 0x0,
    0x0, 0x0, 0x0, 0x0, 0x0, 0x16, 0xff, 0xff,
    0xff, 0xff, 0xff, 0x9d, 0x0, 0x0, 0x0, 0x0,
    0x0, 0x0, 0x0, 0xce, 0xff, 0xff, 0xff, 0xff,
    0x54, 0x0, 0x0, 0x0, 0x0, 0x0, 0x0, 0x0,
    0x26, 0xc4, 0xfb, 0xeb, 0x7d, 0x0, 0x0, 0x0,
    0x0, 0x0, 0x0, 0x0, 0x0, 0x0, 0x0, 0x3,
    0x0, 0x0, 0x0, 0x0, 0x0, 0x0, 0x0, 0x0,
    0x0, 0x0, 0x0, 0x0, 0x0, 0x0, 0x0, 0x0,
    0x0, 0x3c, 0xff, 0xff, 0xff, 0xff, 0xff, 0xff,
    0xff, 0xff, 0xff, 0xff, 0x20, 0x0, 0x3c, 0xff,
    0xff, 0xff, 0xff, 0xff, 0xff, 0xff, 0xff, 0xff,
    0xff, 0x20, 0x0, 0x3c, 0xff, 0xff, 0xff, 0xff,
    0xff, 0xff, 0xff, 0xff, 0xff, 0xff, 0x20, 0x0,
    0x3c, 0xff, 0xff, 0xff, 0xff, 0xff, 0xff, 0xff,
    0xff, 0xff, 0xff, 0x20, 0x0, 0x20, 0x8c, 0x8c,
    0x8c, 0x8c, 0x8c, 0xe4, 0xff, 0xff, 0xff, 0xff,
    0x20, 0x0, 0x0, 0x0, 0x0, 0x0, 0x0, 0x0,
    0xc4, 0xff, 0xff, 0xff, 0xff, 0x20, 0x0, 0x0,
    0x0, 0x0, 0x0, 0x0, 0x0, 0xc4, 0xff, 0xff,
    0xff, 0xff, 0x20, 0x0, 0x0, 0x0, 0x0, 0x0,
    0x0, 0x0, 0xc4, 0xff, 0xff, 0xff, 0xff, 0x20,
    0x0, 0x0, 0x0, 0x0, 0x0, 0x0, 0x0, 0xc4,
    0xff, 0xff, 0xff, 0xff, 0x20, 0x0, 0x0, 0x0,
    0x0, 0x0, 0x0, 0x0, 0xc4, 0xff, 0xff, 0xff,
    0xff, 0x20, 0x0, 0x0, 0x0, 0x0, 0x0, 0x0,
    0x0, 0xc4, 0xff, 0xff, 0xff, 0xff, 0x20, 0x0,
    0x0, 0x0, 0x0, 0x0, 0x0, 0x0, 0xc4, 0xff,
    0xff, 0xff, 0xff, 0x20, 0x0, 0x0, 0x0, 0x0,
    0x0, 0x0, 0x0, 0xc4, 0xff, 0xff, 0xff, 0xff,
    0x20, 0x0, 0x0, 0x0, 0x0, 0x0, 0x0, 0x0,
    0xc4, 0xff, 0xff, 0xff, 0xff, 0x20, 0x0, 0x0,
    0x0, 0x0, 0x0, 0x0, 0x0, 0xc4, 0xff, 0xff,
    0xff, 0xff, 0x20, 0x0, 0x0, 0x0, 0x0, 0x0,
    0x0, 0x0, 0xc4, 0xff, 0xff, 0xff, 0xff, 0x20,
    0x0, 0x0, 0x0, 0x0, 0x0, 0x0, 0x0, 0xc4,
    0xff, 0xff, 0xff, 0xff, 0x20, 0x0, 0x0, 0x0,
    0x0, 0x0, 0x0, 0x0, 0xc4, 0xff, 0xff, 0xff,
    0xff, 0x20, 0x0, 0x0, 0x0, 0x0, 0x0, 0x0,
    0x0, 0xc4, 0xff, 0xff, 0xff, 0xff, 0x20, 0x0,
    0x0, 0x0, 0x0, 0x0, 0x0, 0x0, 0xc4, 0xff,
    0xff, 0xff, 0xff, 0x20, 0x0, 0x0, 0x0, 0x0,
    0x0, 0x0, 0x0, 0xc8, 0xff, 0xff, 0xff, 0xff,
    0x1c, 0x0, 0x0, 0x0, 0x0, 0x0, 0x0, 0x0,
    0xe3, 0xff, 0xff, 0xff, 0xff, 0x10, 0x0, 0x0,
    0x0, 0x0, 0x0, 0x0, 0x4b, 0xff, 0xff, 0xff,
    0xff, 0xf4, 0x1, 0x99, 0xc0, 0xc0, 0xc0, 0xc0,
    0xcb, 0xfa, 0xff, 0xff, 0xff, 0xff, 0xc6, 0x0,
    0xcc, 0xff, 0xff, 0xff, 0xff, 0xff, 0xff, 0xff,
    0xff, 0xff, 0xff, 0x76, 0x0, 0xcc, 0xff, 0xff,
    0xff, 0xff, 0xff, 0xff, 0xff, 0xff, 0xff, 0xea,
    0x11, 0x0, 0xcc, 0xff, 0xff, 0xff, 0xff, 0xff,
    0xff, 0xff, 0xff, 0xf5, 0x41, 0x0, 0x0, 0xcc,
    0xff, 0xff, 0xff, 0xff, 0xff, 0xf8, 0xdd, 0x98,
    0x21, 0x0, 0x0, 0x0,

    /* U+006B "k" */
    0xff, 0xff, 0xff, 0xff, 0xe0, 0x0, 0x0, 0x0,
    0x0, 0x0, 0x0, 0x0, 0x0, 0x0, 0x0, 0x0,
    0x0, 0xff, 0xff, 0xff, 0xff, 0xe0, 0x0, 0x0,
    0x0, 0x0, 0x0, 0x0, 0x0, 0x0, 0x0, 0x0,
    0x0, 0x0, 0xff, 0xff, 0xff, 0xff, 0xe0, 0x0,
    0x0, 0x0, 0x0, 0x0, 0x0, 0x0, 0x0, 0x0,
    0x0, 0x0, 0x0, 0xff, 0xff, 0xff, 0xff, 0xe0,
    0x0, 0x0, 0x0, 0x0, 0x0, 0x0, 0x0, 0x0,
    0x0, 0x0, 0x0, 0x0, 0xff, 0xff, 0xff, 0xff,
    0xe0, 0x0, 0x0, 0x0, 0x0, 0x0, 0x0, 0x0,
    0x0, 0x0, 0x0, 0x0, 0x0, 0xff, 0xff, 0xff,
    0xff, 0xe0, 0x0, 0x0, 0x0, 0x0, 0x0, 0x0,
    0x0, 0x0, 0x0, 0x0, 0x0, 0x0, 0xff, 0xff,
    0xff, 0xff, 0xe0, 0x0, 0x0, 0x0, 0x0, 0x0,
    0x0, 0x0, 0x0, 0x0, 0x0, 0x0, 0x0, 0xff,
    0xff, 0xff, 0xff, 0xe0, 0x0, 0x0, 0x0, 0x0,
    0x0, 0x0, 0x0, 0x0, 0x0, 0x0, 0x0, 0x0,
    0xff, 0xff, 0xff, 0xff, 0xe0, 0x0, 0x0, 0x0,
    0x0, 0xc, 0xe0, 0xff, 0xff, 0xff, 0xf5, 0x23,
    0x0, 0xff, 0xff, 0xff, 0xff, 0xe0, 0x0, 0x0,
    0x0, 0x0, 0x94, 0xff, 0xff, 0xff, 0xff, 0x6b,
    0x0, 0x0, 0xff, 0xff, 0xff, 0xff, 0xe0, 0x0,
    0x0, 0x0, 0x3d, 0xfe, 0xff, 0xff, 0xff, 0xbc,
    0x1, 0x0, 0x0, 0xff, 0xff, 0xff, 0xff, 0xe0,
    0x0, 0x0, 0x9, 0xda, 0xff, 0xff, 0xff, 0xf1,
    0x1e, 0x0, 0x0, 0x0, 0xff, 0xff, 0xff, 0xff,
    0xe0, 0x0, 0x0, 0x8c, 0xff, 0xff, 0xff, 0xff,
    0x62, 0x0, 0x0, 0x0, 0x0, 0xff, 0xff, 0xff,
    0xff, 0xe0, 0x0, 0x36, 0xfc, 0xff, 0xff, 0xff,
    0xb5, 0x0, 0x0, 0x0, 0x0, 0x0, 0xff, 0xff,
    0xff, 0xff, 0xe0, 0x6, 0xd4, 0xff, 0xff, 0xff,
    0xee, 0x19, 0x0, 0x0, 0x0, 0x0, 0x0, 0xff,
    0xff, 0xff, 0xff, 0xe0, 0x83, 0xff, 0xff, 0xff,
    0xff, 0x5a, 0x0, 0x0, 0x0, 0x0, 0x0, 0x0,
    0xff, 0xff, 0xff, 0xff, 0xf5, 0xfa, 0xff, 0xff,
    0xff, 0xb4, 0x0, 0x0, 0x0, 0x0, 0x0, 0x0,
    0x0, 0xff, 0xff, 0xff, 0xff, 0xff, 0xff, 0xff,
    0xff, 0xff, 0xe0, 0xa, 0x0, 0x0, 0x0, 0x0,
    0x0, 0x0, 0xff, 0xff, 0xff, 0xff, 0xee, 0xf2,
    0xff, 0xff, 0xff, 0xff, 0x86, 0x0, 0x0, 0x0,
    0x0, 0x0, 0x0, 0xff, 0xff, 0xff, 0xff, 0xe0,
    0x76, 0xff, 0xff, 0xff, 0xff, 0xf9, 0x27, 0x0,
    0x0, 0x0, 0x0, 0x0, 0xff, 0xff, 0xff, 0xff,
    0xe0, 0x6, 0xda, 0xff, 0xff, 0xff, 0xff, 0xbc,
    0x0, 0x0, 0x0, 0x0, 0x0, 0xff, 0xff, 0xff,
    0xff, 0xe0, 0x0, 0x4c, 0xff, 0xff, 0xff, 0xff,
    0xff, 0x57, 0x0, 0x0, 0x0, 0x0, 0xff, 0xff,
    0xff, 0xff, 0xe0, 0x0, 0x0, 0xb7, 0xff, 0xff,
    0xff, 0xff, 0xe5, 0xd, 0x0, 0x0, 0x0, 0xff,
    0xff, 0xff, 0xff, 0xe0, 0x0, 0x0, 0x27, 0xfa,
    0xff, 0xff, 0xff, 0xff, 0x8d, 0x0, 0x0, 0x0,
    0xff, 0xff, 0xff, 0xff, 0xe0, 0x0, 0x0, 0x0,
    0x8d, 0xff, 0xff, 0xff, 0xff, 0xfb, 0x2c, 0x0,
    0x0, 0xff, 0xff, 0xff, 0xff, 0xe0, 0x0, 0x0,
    0x0, 0xf, 0xe9, 0xff, 0xff, 0xff, 0xff, 0xc2,
    0x0, 0x0, 0xff, 0xff, 0xff, 0xff, 0xe0, 0x0,
    0x0, 0x0, 0x0, 0x63, 0xff, 0xff, 0xff, 0xff,
    0xff, 0x5e, 0x0, 0xff, 0xff, 0xff, 0xff, 0xe0,
    0x0, 0x0, 0x0, 0x0, 0x2, 0xcc, 0xff, 0xff,
    0xff, 0xff, 0xe9, 0x10,

    /* U+006C "l" */
    0xb0, 0xff, 0xff, 0xff, 0xff, 0xff, 0xff, 0xff,
    0xff, 0x7c, 0xb0, 0xff, 0xff, 0xff, 0xff, 0xff,
    0xff, 0xff, 0xff, 0x7c, 0xb0, 0xff, 0xff, 0xff,
    0xff, 0xff, 0xff, 0xff, 0xff, 0x7c, 0xb0, 0xff,
    0xff, 0xff, 0xff, 0xff, 0xff, 0xff, 0xff, 0x7c,
    0x5a, 0x84, 0x84, 0x84, 0xb6, 0xff, 0xff, 0xff,
    0xff, 0x7c, 0x0, 0x0, 0x0, 0x0, 0x68, 0xff,
    0xff, 0xff, 0xff, 0x7c, 0x0, 0x0, 0x0, 0x0,
    0x68, 0xff, 0xff, 0xff, 0xff, 0x7c, 0x0, 0x0,
    0x0, 0x0, 0x68, 0xff, 0xff, 0xff, 0xff, 0x7c,
    0x0, 0x0, 0x0, 0x0, 0x68, 0xff, 0xff, 0xff,
    0xff, 0x7c, 0x0, 0x0, 0x0, 0x0, 0x68, 0xff,
    0xff, 0xff, 0xff, 0x7c, 0x0, 0x0, 0x0, 0x0,
    0x68, 0xff, 0xff, 0xff, 0xff, 0x7c, 0x0, 0x0,
    0x0, 0x0, 0x68, 0xff, 0xff, 0xff, 0xff, 0x7c,
    0x0, 0x0, 0x0, 0x0, 0x68, 0xff, 0xff, 0xff,
    0xff, 0x7c, 0x0, 0x0, 0x0, 0x0, 0x68, 0xff,
    0xff, 0xff, 0xff, 0x7c, 0x0, 0x0, 0x0, 0x0,
    0x68, 0xff, 0xff, 0xff, 0xff, 0x7c, 0x0, 0x0,
    0x0, 0x0, 0x68, 0xff, 0xff, 0xff, 0xff, 0x7c,
    0x0, 0x0, 0x0, 0x0, 0x68, 0xff, 0xff, 0xff,
    0xff, 0x7c, 0x0, 0x0, 0x0, 0x0, 0x68, 0xff,
    0xff, 0xff, 0xff, 0x7c, 0x0, 0x0, 0x0, 0x0,
    0x68, 0xff, 0xff, 0xff, 0xff, 0x7c, 0x0, 0x0,
    0x0, 0x0, 0x68, 0xff, 0xff, 0xff, 0xff, 0x7c,
    0x0, 0x0, 0x0, 0x0, 0x68, 0xff, 0xff, 0xff,
    0xff, 0x7c, 0x0, 0x0, 0x0, 0x0, 0x68, 0xff,
    0xff, 0xff, 0xff, 0x7c, 0x0, 0x0, 0x0, 0x0,
    0x68, 0xff, 0xff, 0xff, 0xff, 0x7c, 0x0, 0x0,
    0x0, 0x0, 0x68, 0xff, 0xff, 0xff, 0xff, 0x7c,
    0x0, 0x0, 0x0, 0x0, 0x68, 0xff, 0xff, 0xff,
    0xff, 0x7c, 0x0, 0x0, 0x0, 0x0, 0x68, 0xff,
    0xff, 0xff, 0xff, 0x7c, 0x0, 0x0, 0x0, 0x0,
    0x68, 0xff, 0xff, 0xff, 0xff, 0x7c, 0x0, 0x0,
    0x0, 0x0, 0x68, 0xff, 0xff, 0xff, 0xff, 0x7c,

    /* U+006D "m" */
    0xc, 0xff, 0xff, 0xff, 0xff, 0x68, 0x17, 0x92,
    0xe0, 0xf4, 0xa1, 0x2, 0x4, 0x6d, 0xce, 0xf2,
    0xe7, 0x9d, 0xd, 0x0, 0xc, 0xff, 0xff, 0xff,
    0xff, 0x84, 0xe1, 0xff, 0xff, 0xff, 0xff, 0x60,
    0xb9, 0xff, 0xff, 0xff, 0xff, 0xff, 0x9a, 0x0,
    0xc, 0xff, 0xff, 0xff, 0xff, 0xf8, 0xff, 0xff,
    0xff, 0xff, 0xff, 0xf4, 0xff, 0xff, 0xff, 0xff,
    0xff, 0xff, 0xe9, 0x0, 0xc, 0xff, 0xff, 0xff,
    0xff, 0xff, 0xff, 0xfe, 0xff, 0xff, 0xff, 0xff,
    0xff, 0xfe, 0xff, 0xff, 0xff, 0xff, 0xff, 0x6,
    0xc, 0xff, 0xff, 0xff, 0xff, 0xd9, 0x1d, 0x18,
    0xeb, 0xff, 0xff, 0xe5, 0x27, 0x11, 0xde, 0xff,
    0xff, 0xff, 0xff, 0xc, 0xc, 0xff, 0xff, 0xff,
    0xff, 0xa4, 0x0, 0x0, 0xbc, 0xff, 0xff, 0xb8,
    0x0, 0x0, 0xa8, 0xff, 0xff, 0xff, 0xff, 0xc,
    0xc, 0xff, 0xff, 0xff, 0xff, 0xa4, 0x0, 0x0,
    0xb8, 0xff, 0xff, 0xb8, 0x0, 0x0, 0xa4, 0xff,
    0xff, 0xff, 0xff, 0xc, 0xc, 0xff, 0xff, 0xff,
    0xff, 0xa4, 0x0, 0x0, 0xb8, 0xff, 0xff, 0xb8,
    0x0, 0x0, 0xa4, 0xff, 0xff, 0xff, 0xff, 0xc,
    0xc, 0xff, 0xff, 0xff, 0xff, 0xa4, 0x0, 0x0,
    0xb8, 0xff, 0xff, 0xb8, 0x0, 0x0, 0xa4, 0xff,
    0xff, 0xff, 0xff, 0xc, 0xc, 0xff, 0xff, 0xff,
    0xff, 0xa4, 0x0, 0x0, 0xb8, 0xff, 0xff, 0xb8,
    0x0, 0x0, 0xa4, 0xff, 0xff, 0xff, 0xff, 0xc,
    0xc, 0xff, 0xff, 0xff, 0xff, 0xa4, 0x0, 0x0,
    0xb8, 0xff, 0xff, 0xb8, 0x0, 0x0, 0xa4, 0xff,
    0xff, 0xff, 0xff, 0xc, 0xc, 0xff, 0xff, 0xff,
    0xff, 0xa4, 0x0, 0x0, 0xb8, 0xff, 0xff, 0xb8,
    0x0, 0x0, 0xa4, 0xff, 0xff, 0xff, 0xff, 0xc,
    0xc, 0xff, 0xff, 0xff, 0xff, 0xa4, 0x0, 0x0,
    0xb8, 0xff, 0xff, 0xb8, 0x0, 0x0, 0xa4, 0xff,
    0xff, 0xff, 0xff, 0xc, 0xc, 0xff, 0xff, 0xff,
    0xff, 0xa4, 0x0, 0x0, 0xb8, 0xff, 0xff, 0xb8,
    0x0, 0x0, 0xa4, 0xff, 0xff, 0xff, 0xff, 0xc,
    0xc, 0xff, 0xff, 0xff, 0xff, 0xa4, 0x0, 0x0,
    0xb8, 0xff, 0xff, 0xb8, 0x0, 0x0, 0xa4, 0xff,
    0xff, 0xff, 0xff, 0xc, 0xc, 0xff, 0xff, 0xff,
    0xff, 0xa4, 0x0, 0x0, 0xb8, 0xff, 0xff, 0xb8,
    0x0, 0x0, 0xa4, 0xff, 0xff, 0xff, 0xff, 0xc,
    0xc, 0xff, 0xff, 0xff, 0xff, 0xa4, 0x0, 0x0,
    0xb8, 0xff, 0xff, 0xb8, 0x0, 0x0, 0xa4, 0xff,
    0xff, 0xff, 0xff, 0xc, 0xc, 0xff, 0xff, 0xff,
    0xff, 0xa4, 0x0, 0x0, 0xb8, 0xff, 0xff, 0xb8,
    0x0, 0x0, 0xa4, 0xff, 0xff, 0xff, 0xff, 0xc,
    0xc, 0xff, 0xff, 0xff, 0xff, 0xa4, 0x0, 0x0,
    0xb8, 0xff, 0xff, 0xb8, 0x0, 0x0, 0xa4, 0xff,
    0xff, 0xff, 0xff, 0xc, 0xc, 0xff, 0xff, 0xff,
    0xff, 0xa4, 0x0, 0x0, 0xb8, 0xff, 0xff, 0xb8,
    0x0, 0x0, 0xa4, 0xff, 0xff, 0xff, 0xff, 0xc,

    /* U+006E "n" */
    0xff, 0xff, 0xff, 0xff, 0xb8, 0x5, 0x5c, 0xaf,
    0xe1, 0xf5, 0xf8, 0xe5, 0xb2, 0x55, 0x1, 0x0,
    0x0, 0xff, 0xff, 0xff, 0xff, 0xd0, 0xcf, 0xff,
    0xff, 0xff, 0xff, 0xff, 0xff, 0xff, 0xff, 0xb1,
    0x5, 0x0, 0xff, 0xff, 0xff, 0xff, 0xff, 0xff,
    0xff, 0xff, 0xff, 0xff, 0xff, 0xff, 0xff, 0xff,
    0xff, 0x84, 0x0, 0xff, 0xff, 0xff, 0xff, 0xff,
    0xff, 0xff, 0xff, 0xfe, 0xff, 0xff, 0xff, 0xff,
    0xff, 0xff, 0xf0, 0x9, 0xff, 0xff, 0xff, 0xff,
    0xff, 0xff, 0xc9, 0x43, 0x8, 0x16, 0x87, 0xff,
    0xff, 0xff, 0xff, 0xff, 0x3e, 0xff, 0xff, 0xff,
    0xff, 0xff, 0xb5, 0x7, 0x0, 0x0, 0x0, 0x0,
    0xc8, 0xff, 0xff, 0xff, 0xff, 0x66, 0xff, 0xff,
    0xff, 0xff, 0xef, 0x10, 0x0, 0x0, 0x0, 0x0,
    0x0, 0x84, 0xff, 0xff, 0xff, 0xff, 0x75, 0xff,
    0xff, 0xff, 0xff, 0xe0, 0x0, 0x0, 0x0, 0x0,
    0x0, 0x0, 0x6b, 0xff, 0xff, 0xff, 0xff, 0x7c,
    0xff, 0xff, 0xff, 0xff, 0xe0, 0x0, 0x0, 0x0,
    0x0, 0x0, 0x0, 0x68, 0xff, 0xff, 0xff, 0xff,
    0x7c, 0xff, 0xff, 0xff, 0xff, 0xe0, 0x0, 0x0,
    0x0, 0x0, 0x0, 0x0, 0x68, 0xff, 0xff, 0xff,
    0xff, 0x7c, 0xff, 0xff, 0xff, 0xff, 0xe0, 0x0,
    0x0, 0x0, 0x0, 0x0, 0x0, 0x68, 0xff, 0xff,
    0xff, 0xff, 0x7c, 0xff, 0xff, 0xff, 0xff, 0xe0,
    0x0, 0x0, 0x0, 0x0, 0x0, 0x0, 0x68, 0xff,
    0xff, 0xff, 0xff, 0x7c, 0xff, 0xff, 0xff, 0xff,
    0xe0, 0x0, 0x0, 0x0, 0x0, 0x0, 0x0, 0x68,
    0xff, 0xff, 0xff, 0xff, 0x7c, 0xff, 0xff, 0xff,
    0xff, 0xe0, 0x0, 0x0, 0x0, 0x0, 0x0, 0x0,
    0x68, 0xff, 0xff, 0xff, 0xff, 0x7c, 0xff, 0xff,
    0xff, 0xff, 0xe0, 0x0, 0x0, 0x0, 0x0, 0x0,
    0x0, 0x68, 0xff, 0xff, 0xff, 0xff, 0x7c, 0xff,
    0xff, 0xff, 0xff, 0xe0, 0x0, 0x0, 0x0, 0x0,
    0x0, 0x0, 0x68, 0xff, 0xff, 0xff, 0xff, 0x7c,
    0xff, 0xff, 0xff, 0xff, 0xe0, 0x0, 0x0, 0x0,
    0x0, 0x0, 0x0, 0x68, 0xff, 0xff, 0xff, 0xff,
    0x7c, 0xff, 0xff, 0xff, 0xff, 0xe0, 0x0, 0x0,
    0x0, 0x0, 0x0, 0x0, 0x68, 0xff, 0xff, 0xff,
    0xff, 0x7c, 0xff, 0xff, 0xff, 0xff, 0xe0, 0x0,
    0x0, 0x0, 0x0, 0x0, 0x0, 0x68, 0xff, 0xff,
    0xff, 0xff, 0x7c, 0xff, 0xff, 0xff, 0xff, 0xe0,
    0x0, 0x0, 0x0, 0x0, 0x0, 0x0, 0x68, 0xff,
    0xff, 0xff, 0xff, 0x7c,

    /* U+006F "o" */
    0x0, 0x0, 0x0, 0x0, 0x0, 0x3f, 0x9b, 0xd9,
    0xf3, 0xf3, 0xd9, 0x9b, 0x3f, 0x0, 0x0, 0x0,
    0x0, 0x0, 0x0, 0x0, 0x0, 0x10, 0xab, 0xff,
    0xff, 0xff, 0xff, 0xff, 0xff, 0xff, 0xff, 0xab,
    0xf, 0x0, 0x0, 0x0, 0x0, 0x0, 0x10, 0xcc,
    0xff, 0xff, 0xff, 0xff, 0xff, 0xff, 0xff, 0xff,
    0xff, 0xff, 0xcb, 0x10, 0x0, 0x0, 0x0, 0x0,
    0xac, 0xff, 0xff, 0xff, 0xff, 0xff, 0xff, 0xff,
    0xff, 0xff, 0xff, 0xff, 0xff, 0xab, 0x0, 0x0,
    0x0, 0x4e, 0xff, 0xff, 0xff, 0xff, 0xff, 0xc1,
    0x66, 0x66, 0xc1, 0xff, 0xff, 0xff, 0xff, 0xff,
    0x4d, 0x0, 0x0, 0xc2, 0xff, 0xff, 0xff, 0xff,
    0x9c, 0x1, 0x0, 0x0, 0x1, 0x9c, 0xff, 0xff,
    0xff, 0xff, 0xc1, 0x0, 0x1b, 0xff, 0xff, 0xff,
    0xff, 0xe3, 0x9, 0x0, 0x0, 0x0, 0x0, 0x9,
    0xe4, 0xff, 0xff, 0xff, 0xff, 0x1a, 0x57, 0xff,
    0xff, 0xff, 0xff, 0x81, 0x0, 0x0, 0x0, 0x0,
    0x0, 0x0, 0x82, 0xff, 0xff, 0xff, 0xff, 0x56,
    0x7d, 0xff, 0xff, 0xff, 0xff, 0x42, 0x0, 0x0,
    0x0, 0x0, 0x0, 0x0, 0x44, 0xff, 0xff, 0xff,
    0xff, 0x7b, 0x8f, 0xff, 0xff, 0xff, 0xff, 0x27,
    0x0, 0x0, 0x0, 0x0, 0x0, 0x0, 0x28, 0xff,
    0xff, 0xff, 0xff, 0x8e, 0x8f, 0xff, 0xff, 0xff,
    0xff, 0x26, 0x0, 0x0, 0x0, 0x0, 0x0, 0x0,
    0x27, 0xff, 0xff, 0xff, 0xff, 0x8e, 0x7e, 0xff,
    0xff, 0xff, 0xff, 0x40, 0x0, 0x0, 0x0, 0x0,
    0x0, 0x0, 0x41, 0xff, 0xff, 0xff, 0xff, 0x7c,
    0x59, 0xff, 0xff, 0xff, 0xff, 0x7c, 0x0, 0x0,
    0x0, 0x0, 0x0, 0x0, 0x7d, 0xff, 0xff, 0xff,
    0xff, 0x58, 0x1d, 0xff, 0xff, 0xff, 0xff, 0xde,
    0x6, 0x0, 0x0, 0x0, 0x0, 0x6, 0xdf, 0xff,
    0xff, 0xff, 0xff, 0x1c, 0x0, 0xc6, 0xff, 0xff,
    0xff, 0xff, 0x8f, 0x0, 0x0, 0x0, 0x0, 0x8f,
    0xff, 0xff, 0xff, 0xff, 0xc4, 0x0, 0x0, 0x53,
    0xff, 0xff, 0xff, 0xff, 0xff, 0xb4, 0x58, 0x59,
    0xb5, 0xff, 0xff, 0xff, 0xff, 0xff, 0x51, 0x0,
    0x0, 0x0, 0xb2, 0xff, 0xff, 0xff, 0xff, 0xff,
    0xff, 0xff, 0xff, 0xff, 0xff, 0xff, 0xff, 0xb1,
    0x0, 0x0, 0x0, 0x0, 0x13, 0xd0, 0xff, 0xff,
    0xff, 0xff, 0xff, 0xff, 0xff, 0xff, 0xff, 0xff,
    0xd0, 0x13, 0x0, 0x0, 0x0, 0x0, 0x0, 0x12,
    0xb0, 0xff, 0xff, 0xff, 0xff, 0xff, 0xff, 0xff,
    0xff, 0xb0, 0x11, 0x0, 0x0, 0x0, 0x0, 0x0,
    0x0, 0x0, 0x0, 0x41, 0x9d, 0xda, 0xf4, 0xf4,
    0xda, 0x9d, 0x41, 0x0, 0x0, 0x0, 0x0, 0x0,

    /* U+0070 "p" */
    0xff, 0xff, 0xff, 0xff, 0xb8, 0x8, 0x6a, 0xba,
    0xe7, 0xf9, 0xed, 0xca, 0x77, 0xb, 0x0, 0x0,
    0x0, 0xff, 0xff, 0xff, 0xff, 0xd1, 0xd5, 0xff,
    0xff, 0xff, 0xff, 0xff, 0xff, 0xff, 0xde, 0x26,
    0x0, 0x0, 0xff, 0xff, 0xff, 0xff, 0xff, 0xff,
    0xff, 0xff, 0xff, 0xff, 0xff, 0xff, 0xff, 0xff,
    0xde, 0xc, 0x0, 0xff, 0xff, 0xff, 0xff, 0xff,
    0xff, 0xff, 0xff, 0xfe, 0xff, 0xff, 0xff, 0xff,
    0xff, 0xff, 0x7e, 0x0, 0xff, 0xff, 0xff, 0xff,
    0xff, 0xff, 0xbf, 0x3c, 0x6, 0x1d, 0xb6, 0xff,
    0xff, 0xff, 0xff, 0xe4, 0x1, 0xff, 0xff, 0xff,
    0xff, 0xff, 0x9e, 0x2, 0x0, 0x0, 0x0, 0xe,
    0xed, 0xff, 0xff, 0xff, 0xff, 0x32, 0xff, 0xff,
    0xff, 0xff, 0xec, 0x8, 0x0, 0x0, 0x0, 0x0,
    0x0, 0x9a, 0xff, 0xff, 0xff, 0xff, 0x63, 0xff,
    0xff, 0xff, 0xff, 0xe0, 0x0, 0x0, 0x0, 0x0,
    0x0, 0x0, 0x63, 0xff, 0xff, 0xff, 0xff, 0x8b,
    0xff, 0xff, 0xff, 0xff, 0xe0, 0x0, 0x0, 0x0,
    0x0, 0x0, 0x0, 0x45, 0xff, 0xff, 0xff, 0xff,
    0x9d, 0xff, 0xff, 0xff, 0xff, 0xe0, 0x0, 0x0,
    0x0, 0x0, 0x0, 0x0, 0x39, 0xff, 0xff, 0xff,
    0xff, 0xa9, 0xff, 0xff, 0xff, 0xff, 0xe0, 0x0,
    0x0, 0x0, 0x0, 0x0, 0x0, 0x38, 0xff, 0xff,
    0xff, 0xff, 0xaa, 0xff, 0xff, 0xff, 0xff, 0xe0,
    0x0, 0x0, 0x0, 0x0, 0x0, 0x0, 0x43, 0xff,
    0xff, 0xff, 0xff, 0x9e, 0xff, 0xff, 0xff, 0xff,
    0xe0, 0x0, 0x0, 0x0, 0x0, 0x0, 0x0, 0x5e,
    0xff, 0xff, 0xff, 0xff, 0x8c, 0xff, 0xff, 0xff,
    0xff, 0xe9, 0x5, 0x0, 0x0, 0x0, 0x0, 0x0,
    0x90, 0xff, 0xff, 0xff, 0xff, 0x64, 0xff, 0xff,
    0xff, 0xff, 0xff, 0x95, 0x0, 0x0, 0x0, 0x0,
    0x7, 0xe4, 0xff, 0xff, 0xff, 0xff, 0x34, 0xff,
    0xff, 0xff, 0xff, 0xff, 0xff, 0xad, 0x28, 0x0,
    0x11, 0xa6, 0xff, 0xff, 0xff, 0xff, 0xe5, 0x1,
    0xff, 0xff, 0xff, 0xff, 0xff, 0xff, 0xff, 0xff,
    0xf5, 0xfd, 0xff, 0xff, 0xff, 0xff, 0xff, 0x7f,
    0x0, 0xff, 0xff, 0xff, 0xff, 0xff, 0xff, 0xff,
    0xff, 0xff, 0xff, 0xff, 0xff, 0xff, 0xff, 0xdf,
    0xd, 0x0, 0xff, 0xff, 0xff, 0xff, 0xe9, 0xb7,
    0xff, 0xff, 0xff, 0xff, 0xff, 0xff, 0xff, 0xdf,
    0x27, 0x0, 0x0, 0xff, 0xff, 0xff, 0xff, 0xe0,
    0x1, 0x51, 0xaf, 0xe5, 0xf9, 0xef, 0xcc, 0x7a,
    0xc, 0x0, 0x0, 0x0, 0xff, 0xff, 0xff, 0xff,
    0xe0, 0x0, 0x0, 0x0, 0x0, 0x0, 0x0, 0x0,
    0x0, 0x0, 0x0, 0x0, 0x0, 0xff, 0xff, 0xff,
    0xff, 0xe0, 0x0, 0x0, 0x0, 0x0, 0x0, 0x0,
    0x0, 0x0, 0x0, 0x0, 0x0, 0x0, 0xff, 0xff,
    0xff, 0xff, 0xe0, 0x0, 0x0, 0x0, 0x0, 0x0,
    0x0, 0x0, 0x0, 0x0, 0x0, 0x0, 0x0, 0xff,
    0xff, 0xff, 0xff, 0xe0, 0x0, 0x0, 0x0, 0x0,
    0x0, 0x0, 0x0, 0x0, 0x0, 0x0, 0x0, 0x0,
    0xff, 0xff, 0xff, 0xff, 0xe0, 0x0, 0x0, 0x0,
    0x0, 0x0, 0x0, 0x0, 0x0, 0x0, 0x0, 0x0,
    0x0, 0xff, 0xff, 0xff, 0xff, 0xe0, 0x0, 0x0,
    0x0, 0x0, 0x0, 0x0, 0x0, 0x0, 0x0, 0x0,
    0x0, 0x0, 0xff, 0xff, 0xff, 0xff, 0xe0, 0x0,
    0x0, 0x0, 0x0, 0x0, 0x0, 0x0, 0x0, 0x0,
    0x0, 0x0, 0x0, 0xff, 0xff, 0xff, 0xff, 0xe0,
    0x0, 0x0, 0x0, 0x0, 0x0, 0x0, 0x0, 0x0,
    0x0, 0x0, 0x0, 0x0,

    /* U+0071 "q" */
    0x0, 0x0, 0x0, 0xb, 0x78, 0xca, 0xed, 0xf9,
    0xe7, 0xb9, 0x69, 0x8, 0xb8, 0xff, 0xff, 0xff,
    0xff, 0x0, 0x0, 0x27, 0xdf, 0xff, 0xff, 0xff,
    0xff, 0xff, 0xff, 0xff, 0xd4, 0xd1, 0xff, 0xff,
    0xff, 0xff, 0x0, 0xc, 0xde, 0xff, 0xff, 0xff,
    0xff, 0xff, 0xff, 0xff, 0xff, 0xff, 0xff, 0xff,
    0xff, 0xff, 0xff, 0x0, 0x80, 0xff, 0xff, 0xff,
    0xff, 0xff, 0xff, 0xfe, 0xff, 0xff, 0xff, 0xff,
    0xff, 0xff, 0xff, 0xff, 0x1, 0xe6, 0xff, 0xff,
    0xff, 0xff, 0xb5, 0x1d, 0x6, 0x3c, 0xbf, 0xff,
    0xff, 0xff, 0xff, 0xff, 0xff, 0x34, 0xff, 0xff,
    0xff, 0xff, 0xed, 0xe, 0x0, 0x0, 0x0, 0x3,
    0x9f, 0xff, 0xff, 0xff, 0xff, 0xff, 0x65, 0xff,
    0xff, 0xff, 0xff, 0x99, 0x0, 0x0, 0x0, 0x0,
    0x0, 0x8, 0xec, 0xff, 0xff, 0xff, 0xff, 0x8c,
    0xff, 0xff, 0xff, 0xff, 0x61, 0x0, 0x0, 0x0,
    0x0, 0x0, 0x0, 0xe0, 0xff, 0xff, 0xff, 0xff,
    0x9f, 0xff, 0xff, 0xff, 0xff, 0x44, 0x0, 0x0,
    0x0, 0x0, 0x0, 0x0, 0xe0, 0xff, 0xff, 0xff,
    0xff, 0xaa, 0xff, 0xff, 0xff, 0xff, 0x38, 0x0,
    0x0, 0x0, 0x0, 0x0, 0x0, 0xe0, 0xff, 0xff,
    0xff, 0xff, 0xaa, 0xff, 0xff, 0xff, 0xff, 0x37,
    0x0, 0x0, 0x0, 0x0, 0x0, 0x0, 0xe0, 0xff,
    0xff, 0xff, 0xff, 0x9f, 0xff, 0xff, 0xff, 0xff,
    0x41, 0x0, 0x0, 0x0, 0x0, 0x0, 0x0, 0xe0,
    0xff, 0xff, 0xff, 0xff, 0x8d, 0xff, 0xff, 0xff,
    0xff, 0x5c, 0x0, 0x0, 0x0, 0x0, 0x0, 0x0,
    0xe0, 0xff, 0xff, 0xff, 0xff, 0x66, 0xff, 0xff,
    0xff, 0xff, 0x8d, 0x0, 0x0, 0x0, 0x0, 0x0,
    0x5, 0xe9, 0xff, 0xff, 0xff, 0xff, 0x36, 0xff,
    0xff, 0xff, 0xff, 0xe1, 0x6, 0x0, 0x0, 0x0,
    0x0, 0x95, 0xff, 0xff, 0xff, 0xff, 0xff, 0x1,
    0xe7, 0xff, 0xff, 0xff, 0xff, 0xa4, 0x11, 0x0,
    0x28, 0xad, 0xff, 0xff, 0xff, 0xff, 0xff, 0xff,
    0x0, 0x81, 0xff, 0xff, 0xff, 0xff, 0xff, 0xfd,
    0xf5, 0xff, 0xff, 0xff, 0xff, 0xff, 0xff, 0xff,
    0xff, 0x0, 0xd, 0xdf, 0xff, 0xff, 0xff, 0xff,
    0xff, 0xff, 0xff, 0xff, 0xff, 0xff, 0xff, 0xff,
    0xff, 0xff, 0x0, 0x0, 0x28, 0xe0, 0xff, 0xff,
    0xff, 0xff, 0xff, 0xff, 0xff, 0xb7, 0xe9, 0xff,
    0xff, 0xff, 0xff, 0x0, 0x0, 0x0, 0xc, 0x7a,
    0xcc, 0xef, 0xf9, 0xe5, 0xaf, 0x50, 0x1, 0xe0,
    0xff, 0xff, 0xff, 0xff, 0x0, 0x0, 0x0, 0x0,
    0x0, 0x0, 0x0, 0x0, 0x0, 0x0, 0x0, 0x0,
    0xe0, 0xff, 0xff, 0xff, 0xff, 0x0, 0x0, 0x0,
    0x0, 0x0, 0x0, 0x0, 0x0, 0x0, 0x0, 0x0,
    0x0, 0xe0, 0xff, 0xff, 0xff, 0xff, 0x0, 0x0,
    0x0, 0x0, 0x0, 0x0, 0x0, 0x0, 0x0, 0x0,
    0x0, 0x0, 0xe0, 0xff, 0xff, 0xff, 0xff, 0x0,
    0x0, 0x0, 0x0, 0x0, 0x0, 0x0, 0x0, 0x0,
    0x0, 0x0, 0x0, 0xe0, 0xff, 0xff, 0xff, 0xff,
    0x0, 0x0, 0x0, 0x0, 0x0, 0x0, 0x0, 0x0,
    0x0, 0x0, 0x0, 0x0, 0xe0, 0xff, 0xff, 0xff,
    0xff, 0x0, 0x0, 0x0, 0x0, 0x0, 0x0, 0x0,
    0x0, 0x0, 0x0, 0x0, 0x0, 0xe0, 0xff, 0xff,
    0xff, 0xff, 0x0, 0x0, 0x0, 0x0, 0x0, 0x0,
    0x0, 0x0, 0x0, 0x0, 0x0, 0x0, 0xe0, 0xff,
    0xff, 0xff, 0xff, 0x0, 0x0, 0x0, 0x0, 0x0,
    0x0, 0x0, 0x0, 0x0, 0x0, 0x0, 0x0, 0xe0,
    0xff, 0xff, 0xff, 0xff,

    /* U+0072 "r" */
    0x90, 0xff, 0xff, 0xff, 0xe0, 0x0, 0x0, 0x43,
    0xa6, 0xdf, 0xf8, 0xee, 0xbd, 0x57, 0x0, 0x0,
    0x0, 0x90, 0xff, 0xff, 0xff, 0xe0, 0x8, 0xa2,
    0xff, 0xff, 0xff, 0xff, 0xff, 0xff, 0xff, 0xa2,
    0x2, 0x0, 0x90, 0xff, 0xff, 0xff, 0xe3, 0xb1,
    0xff, 0xff, 0xff, 0xff, 0xff, 0xff, 0xff, 0xff,
    0xff, 0x6b, 0x0, 0x90, 0xff, 0xff, 0xff, 0xff,
    0xff, 0xff, 0xff, 0xfe, 0xff, 0xff, 0xff, 0xff,
    0xff, 0xff, 0xd8, 0x0, 0x90, 0xff, 0xff, 0xff,
    0xff, 0xff, 0xe0, 0x51, 0xe, 0x10, 0x83, 0xff,
    0xff, 0xff, 0xff, 0xd5, 0x4, 0x90, 0xff, 0xff,
    0xff, 0xff, 0xe9, 0x1c, 0x0, 0x0, 0x0, 0x0,
    0xaf, 0xff, 0xcd, 0x53, 0x1, 0x0, 0x90, 0xff,
    0xff, 0xff, 0xff, 0x69, 0x0, 0x0, 0x0, 0x0,
    0x0, 0x36, 0x4a, 0x0, 0x0, 0x0, 0x0, 0x90,
    0xff, 0xff, 0xff, 0xff, 0x14, 0x0, 0x0, 0x0,
    0x0, 0x0, 0x0, 0x0, 0x0, 0x0, 0x0, 0x0,
    0x90, 0xff, 0xff, 0xff, 0xff, 0xc, 0x0, 0x0,
    0x0, 0x0, 0x0, 0x0, 0x0, 0x0, 0x0, 0x0,
    0x0, 0x90, 0xff, 0xff, 0xff, 0xff, 0xc, 0x0,
    0x0, 0x0, 0x0, 0x0, 0x0, 0x0, 0x0, 0x0,
    0x0, 0x0, 0x90, 0xff, 0xff, 0xff, 0xff, 0xc,
    0x0, 0x0, 0x0, 0x0, 0x0, 0x0, 0x0, 0x0,
    0x0, 0x0, 0x0, 0x90, 0xff, 0xff, 0xff, 0xff,
    0xc, 0x0, 0x0, 0x0, 0x0, 0x0, 0x0, 0x0,
    0x0, 0x0, 0x0, 0x0, 0x90, 0xff, 0xff, 0xff,
    0xff, 0xc, 0x0, 0x0, 0x0, 0x0, 0x0, 0x0,
    0x0, 0x0, 0x0, 0x0, 0x0, 0x90, 0xff, 0xff,
    0xff, 0xff, 0xc, 0x0, 0x0, 0x0, 0x0, 0x0,
    0x0, 0x0, 0x0, 0x0, 0x0, 0x0, 0x90, 0xff,
    0xff, 0xff, 0xff, 0xc, 0x0, 0x0, 0x0, 0x0,
    0x0, 0x0, 0x0, 0x0, 0x0, 0x0, 0x0, 0x90,
    0xff, 0xff, 0xff, 0xff, 0xc, 0x0, 0x0, 0x0,
    0x0, 0x0, 0x0, 0x0, 0x0, 0x0, 0x0, 0x0,
    0x90, 0xff, 0xff, 0xff, 0xff, 0xc, 0x0, 0x0,
    0x0, 0x0, 0x0, 0x0, 0x0, 0x0, 0x0, 0x0,
    0x0, 0x90, 0xff, 0xff, 0xff, 0xff, 0xc, 0x0,
    0x0, 0x0, 0x0, 0x0, 0x0, 0x0, 0x0, 0x0,
    0x0, 0x0, 0x90, 0xff, 0xff, 0xff, 0xff, 0xc,
    0x0, 0x0, 0x0, 0x0, 0x0, 0x0, 0x0, 0x0,
    0x0, 0x0, 0x0, 0x90, 0xff, 0xff, 0xff, 0xff,
    0xc, 0x0, 0x0, 0x0, 0x0, 0x0, 0x0, 0x0,
    0x0, 0x0, 0x0, 0x0,

    /* U+0073 "s" */
    0x0, 0x0, 0x0, 0x1e, 0x81, 0xc3, 0xea, 0xfa,
    0xf6, 0xe2, 0xb5, 0x65, 0x8, 0x0, 0x0, 0x0,
    0x0, 0x0, 0x68, 0xf6, 0xff, 0xff, 0xff, 0xff,
    0xff, 0xff, 0xff, 0xff, 0xde, 0x2d, 0x0, 0x0,
    0x0, 0x56, 0xff, 0xff, 0xff, 0xff, 0xff, 0xff,
    0xff, 0xff, 0xff, 0xff, 0xff, 0xe7, 0x12, 0x0,
    0x0, 0xdd, 0xff, 0xff, 0xff, 0xff, 0xb9, 0x89,
    0x93, 0xe3, 0xff, 0xff, 0xff, 0xff, 0x80, 0x0,
    0x22, 0xff, 0xff, 0xff, 0xff, 0x93, 0x0, 0x0,
    0x0, 0x14, 0xf1, 0xff, 0xff, 0xff, 0xce, 0x0,
    0x35, 0xff, 0xff, 0xff, 0xff, 0x6d, 0x0, 0x0,
    0x0, 0x0, 0x33, 0x40, 0x40, 0x40, 0x3b, 0x0,
    0x1b, 0xff, 0xff, 0xff, 0xff, 0xe4, 0x3a, 0x0,
    0x0, 0x0, 0x0, 0x0, 0x0, 0x0, 0x0, 0x0,
    0x0, 0xc6, 0xff, 0xff, 0xff, 0xff, 0xff, 0xaf,
    0x3d, 0x0, 0x0, 0x0, 0x0, 0x0, 0x0, 0x0,
    0x0, 0x2c, 0xf1, 0xff, 0xff, 0xff, 0xff, 0xff,
    0xff, 0xd4, 0x6d, 0xe, 0x0, 0x0, 0x0, 0x0,
    0x0, 0x0, 0x29, 0xd0, 0xff, 0xff, 0xff, 0xff,
    0xff, 0xff, 0xff, 0xf1, 0x7f, 0x5, 0x0, 0x0,
    0x0, 0x0, 0x0, 0x3, 0x60, 0xdc, 0xff, 0xff,
    0xff, 0xff, 0xff, 0xff, 0xff, 0xc7, 0x11, 0x0,
    0x0, 0x0, 0x0, 0x0, 0x0, 0x3, 0x59, 0xd0,
    0xff, 0xff, 0xff, 0xff, 0xff, 0xff, 0xb1, 0x0,
    0x0, 0x0, 0x0, 0x0, 0x0, 0x0, 0x0, 0x0,
    0x4e, 0xda, 0xff, 0xff, 0xff, 0xff, 0xff, 0x2e,
    0x0, 0x0, 0x0, 0x0, 0x0, 0x0, 0x0, 0x0,
    0x0, 0xa, 0xc2, 0xff, 0xff, 0xff, 0xff, 0x6a,
    0x33, 0xc0, 0xc0, 0xc0, 0xc0, 0x79, 0x0, 0x0,
    0x0, 0x0, 0x55, 0xff, 0xff, 0xff, 0xff, 0x7c,
    0x25, 0xff, 0xff, 0xff, 0xff, 0xe7, 0x1d, 0x0,
    0x0, 0x0, 0x93, 0xff, 0xff, 0xff, 0xff, 0x61,
    0x0, 0xd5, 0xff, 0xff, 0xff, 0xff, 0xf7, 0xbd,
    0xaf, 0xd6, 0xff, 0xff, 0xff, 0xff, 0xfa, 0x19,
    0x0, 0x46, 0xfd, 0xff, 0xff, 0xff, 0xff, 0xff,
    0xff, 0xff, 0xff, 0xff, 0xff, 0xff, 0x81, 0x0,
    0x0, 0x0, 0x55, 0xee, 0xff, 0xff, 0xff, 0xff,
    0xff, 0xff, 0xff, 0xff, 0xfd, 0x88, 0x1, 0x0,
    0x0, 0x0, 0x0, 0x13, 0x71, 0xb9, 0xe5, 0xf8,
    0xfa, 0xec, 0xc8, 0x8b, 0x2a, 0x0, 0x0, 0x0,

    /* U+0074 "t" */
    0x0, 0x0, 0x0, 0x0, 0xa4, 0xff, 0xff, 0xff,
    0xff, 0x3c, 0x0, 0x0, 0x0, 0x0, 0x0, 0x0,
    0x0, 0x0, 0x0, 0x0, 0xa4, 0xff, 0xff, 0xff,
    0xff, 0x3c, 0x0, 0x0, 0x0, 0x0, 0x0, 0x0,
    0x0, 0x0, 0x0, 0x0, 0xa4, 0xff, 0xff, 0xff,
    0xff, 0x3c, 0x0, 0x0, 0x0, 0x0, 0x0, 0x0,
    0x0, 0x0, 0x0, 0x0, 0xa4, 0xff, 0xff, 0xff,
    0xff, 0x3c, 0x0, 0x0, 0x0, 0x0, 0x0, 0x0,
    0x0, 0x0, 0x0, 0x0, 0xa4, 0xff, 0xff, 0xff,
    0xff, 0x3c, 0x0, 0x0, 0x0, 0x0, 0x0, 0x0,
    0xf4, 0xff, 0xff, 0xff, 0xff, 0xff, 0xff, 0xff,
    0xff, 0xff, 0xff, 0xff, 0xff, 0x90, 0x0, 0x0,
    0xf4, 0xff, 0xff, 0xff, 0xff, 0xff, 0xff, 0xff,
    0xff, 0xff, 0xff, 0xff, 0xff, 0x90, 0x0, 0x0,
    0xf4, 0xff, 0xff, 0xff, 0xff, 0xff, 0xff, 0xff,
    0xff, 0xff, 0xff, 0xff, 0xff, 0x90, 0x0, 0x0,
    0xf4, 0xff, 0xff, 0xff, 0xff, 0xff, 0xff, 0xff,
    0xff, 0xff, 0xff, 0xff, 0xff, 0x90, 0x0, 0x0,
    0x31, 0x34, 0x34, 0x34, 0xb6, 0xff, 0xff, 0xff,
    0xff, 0x63, 0x34, 0x34, 0x34, 0x1d, 0x0, 0x0,
    0x0, 0x0, 0x0, 0x0, 0xa4, 0xff, 0xff, 0xff,
    0xff, 0x3c, 0x0, 0x0, 0x0, 0x0, 0x0, 0x0,
    0x0, 0x0, 0x0, 0x0, 0xa4, 0xff, 0xff, 0xff,
    0xff, 0x3c, 0x0, 0x0, 0x0, 0x0, 0x0, 0x0,
    0x0, 0x0, 0x0, 0x0, 0xa4, 0xff, 0xff, 0xff,
    0xff, 0x3c, 0x0, 0x0, 0x0, 0x0, 0x0, 0x0,
    0x0, 0x0, 0x0, 0x0, 0xa4, 0xff, 0xff, 0xff,
    0xff, 0x3c, 0x0, 0x0, 0x0, 0x0, 0x0, 0x0,
    0x0, 0x0, 0x0, 0x0, 0xa4, 0xff, 0xff, 0xff,
    0xff, 0x3c, 0x0, 0x0, 0x0, 0x0, 0x0, 0x0,
    0x0, 0x0, 0x0, 0x0, 0xa4, 0xff, 0xff, 0xff,
    0xff, 0x3c, 0x0, 0x0, 0x0, 0x0, 0x0, 0x0,
    0x0, 0x0, 0x0, 0x0, 0xa4, 0xff, 0xff, 0xff,
    0xff, 0x3c, 0x0, 0x0, 0x0, 0x0, 0x0, 0x0,
    0x0, 0x0, 0x0, 0x0, 0xa4, 0xff, 0xff, 0xff,
    0xff, 0x3c, 0x0, 0x0, 0x0, 0x0, 0x0, 0x0,
    0x0, 0x0, 0x0, 0x0, 0xa4, 0xff, 0xff, 0xff,
    0xff, 0x3f, 0x0, 0x0, 0x0, 0x0, 0x0, 0x0,
    0x0, 0x0, 0x0, 0x0, 0xa2, 0xff, 0xff, 0xff,
    0xff, 0x70, 0x0, 0x0, 0x0, 0x0, 0x0, 0x0,
    0x0, 0x0, 0x0, 0x0, 0x96, 0xff, 0xff, 0xff,
    0xff, 0xf9, 0xa8, 0x98, 0x98, 0x98, 0x98, 0x2a,
    0x0, 0x0, 0x0, 0x0, 0x72, 0xff, 0xff, 0xff,
    0xff, 0xff, 0xff, 0xff, 0xff, 0xff, 0xff, 0x48,
    0x0, 0x0, 0x0, 0x0, 0x25, 0xfe, 0xff, 0xff,
    0xff, 0xff, 0xff, 0xff, 0xff, 0xff, 0xff, 0x48,
    0x0, 0x0, 0x0, 0x0, 0x0, 0x8b, 0xff, 0xff,
    0xff, 0xff, 0xff, 0xff, 0xff, 0xff, 0xff, 0x48,
    0x0, 0x0, 0x0, 0x0, 0x0, 0x0, 0x5c, 0xc0,
    0xee, 0xfe, 0xff, 0xff, 0xff, 0xff, 0xff, 0x48,

    /* U+0075 "u" */
    0x68, 0xff, 0xff, 0xff, 0xff, 0x7c, 0x0, 0x0,
    0x0, 0x0, 0x0, 0x0, 0x50, 0xff, 0xff, 0xff,
    0xff, 0x68, 0x68, 0xff, 0xff, 0xff, 0xff, 0x7c,
    0x0, 0x0, 0x0, 0x0, 0x0, 0x0, 0x50, 0xff,
    0xff, 0xff, 0xff, 0x68, 0x68, 0xff, 0xff, 0xff,
    0xff, 0x7c, 0x0, 0x0, 0x0, 0x0, 0x0, 0x0,
    0x50, 0xff, 0xff, 0xff, 0xff, 0x68, 0x68, 0xff,
    0xff, 0xff, 0xff, 0x7c, 0x0, 0x0, 0x0, 0x0,
    0x0, 0x0, 0x50, 0xff, 0xff, 0xff, 0xff, 0x68,
    0x68, 0xff, 0xff, 0xff, 0xff, 0x7c, 0x0, 0x0,
    0x0, 0x0, 0x0, 0x0, 0x50, 0xff, 0xff, 0xff,
    0xff, 0x68, 0x68, 0xff, 0xff, 0xff, 0xff, 0x7c,
    0x0, 0x0, 0x0, 0x0, 0x0, 0x0, 0x50, 0xff,
    0xff, 0xff, 0xff, 0x68, 0x68, 0xff, 0xff, 0xff,
    0xff, 0x7c, 0x0, 0x0, 0x0, 0x0, 0x0, 0x0,
    0x50, 0xff, 0xff, 0xff, 0xff, 0x68, 0x68, 0xff,
    0xff, 0xff, 0xff, 0x7c, 0x0, 0x0, 0x0, 0x0,
    0x0, 0x0, 0x50, 0xff, 0xff, 0xff, 0xff, 0x68,
    0x68, 0xff, 0xff, 0xff, 0xff, 0x7c, 0x0, 0x0,
    0x0, 0x0, 0x0, 0x0, 0x50, 0xff, 0xff, 0xff,
    0xff, 0x68, 0x68, 0xff, 0xff, 0xff, 0xff, 0x7c,
    0x0, 0x0, 0x0, 0x0, 0x0, 0x0, 0x50, 0xff,
    0xff, 0xff, 0xff, 0x68, 0x68, 0xff, 0xff, 0xff,
    0xff, 0x7c, 0x0, 0x0, 0x0, 0x0, 0x0, 0x0,
    0x50, 0xff, 0xff, 0xff, 0xff, 0x68, 0x68, 0xff,
    0xff, 0xff, 0xff, 0x7c, 0x0, 0x0, 0x0, 0x0,
    0x0, 0x0, 0x50, 0xff, 0xff, 0xff, 0xff, 0x68,
    0x63, 0xff, 0xff, 0xff, 0xff, 0x85, 0x0, 0x0,
    0x0, 0x0, 0x0, 0x0, 0x5a, 0xff, 0xff, 0xff,
    0xff, 0x63, 0x4f, 0xff, 0xff, 0xff, 0xff, 0xbc,
    0x0, 0x0, 0x0, 0x0, 0x0, 0x0, 0x95, 0xff,
    0xff, 0xff, 0xff, 0x4e, 0x20, 0xff, 0xff, 0xff,
    0xff, 0xff, 0x5c, 0x0, 0x0, 0x0, 0x0, 0x45,
    0xf8, 0xff, 0xff, 0xff, 0xff, 0x20, 0x0, 0xcc,
    0xff, 0xff, 0xff, 0xff, 0xff, 0xbe, 0x7d, 0x7a,
    0xb4, 0xff, 0xff, 0xff, 0xff, 0xff, 0xce, 0x0,
    0x0, 0x45, 0xff, 0xff, 0xff, 0xff, 0xff, 0xff,
    0xff, 0xff, 0xff, 0xff, 0xff, 0xff, 0xff, 0xff,
    0x49, 0x0, 0x0, 0x0, 0x77, 0xff, 0xff, 0xff,
    0xff, 0xff, 0xff, 0xff, 0xff, 0xff, 0xff, 0xff,
    0xff, 0x80, 0x0, 0x0, 0x0, 0x0, 0x0, 0x58,
    0xed, 0xff, 0xff, 0xff, 0xff, 0xff, 0xff, 0xff,
    0xff, 0xf2, 0x63, 0x0, 0x0, 0x0, 0x0, 0x0,
    0x0, 0x0, 0xb, 0x67, 0xb0, 0xe2, 0xf6, 0xf8,
    0xe6, 0xb8, 0x71, 0xf, 0x0, 0x0, 0x0, 0x0,

    /* U+0076 "v" */
    0x0, 0xe2, 0xff, 0xff, 0xff, 0xff, 0x62, 0x0,
    0x0, 0x0, 0x0, 0x0, 0x0, 0x3, 0xee, 0xff,
    0xff, 0xff, 0xe2, 0x0, 0x0, 0x92, 0xff, 0xff,
    0xff, 0xff, 0xaf, 0x0, 0x0, 0x0, 0x0, 0x0,
    0x0, 0x3c, 0xff, 0xff, 0xff, 0xff, 0x91, 0x0,
    0x0, 0x41, 0xff, 0xff, 0xff, 0xff, 0xf4, 0x8,
    0x0, 0x0, 0x0, 0x0, 0x0, 0x87, 0xff, 0xff,
    0xff, 0xff, 0x40, 0x0, 0x0, 0x3, 0xeb, 0xff,
    0xff, 0xff, 0xff, 0x4a, 0x0, 0x0, 0x0, 0x0,
    0x0, 0xd2, 0xff, 0xff, 0xff, 0xec, 0x3, 0x0,
    0x0, 0x0, 0x9e, 0xff, 0xff, 0xff, 0xff, 0x97,
    0x0, 0x0, 0x0, 0x0, 0x1d, 0xff, 0xff, 0xff,
    0xff, 0x9e, 0x0, 0x0, 0x0, 0x0, 0x4d, 0xff,
    0xff, 0xff, 0xff, 0xe3, 0x0, 0x0, 0x0, 0x0,
    0x68, 0xff, 0xff, 0xff, 0xff, 0x4d, 0x0, 0x0,
    0x0, 0x0, 0x7, 0xf3, 0xff, 0xff, 0xff, 0xff,
    0x31, 0x0, 0x0, 0x0, 0xb3, 0xff, 0xff, 0xff,
    0xf4, 0x8, 0x0, 0x0, 0x0, 0x0, 0x0, 0xaa,
    0xff, 0xff, 0xff, 0xff, 0x7f, 0x0, 0x0, 0x8,
    0xf5, 0xff, 0xff, 0xff, 0xab, 0x0, 0x0, 0x0,
    0x0, 0x0, 0x0, 0x58, 0xff, 0xff, 0xff, 0xff,
    0xcc, 0x0, 0x0, 0x49, 0xff, 0xff, 0xff, 0xff,
    0x5a, 0x0, 0x0, 0x0, 0x0, 0x0, 0x0, 0xe,
    0xf9, 0xff, 0xff, 0xff, 0xfe, 0x1a, 0x0, 0x94,
    0xff, 0xff, 0xff, 0xfa, 0xf, 0x0, 0x0, 0x0,
    0x0, 0x0, 0x0, 0x0, 0xb6, 0xff, 0xff, 0xff,
    0xff, 0x67, 0x0, 0xde, 0xff, 0xff, 0xff, 0xb8,
    0x0, 0x0, 0x0, 0x0, 0x0, 0x0, 0x0, 0x0,
    0x64, 0xff, 0xff, 0xff, 0xff, 0xb4, 0x29, 0xff,
    0xff, 0xff, 0xff, 0x67, 0x0, 0x0, 0x0, 0x0,
    0x0, 0x0, 0x0, 0x0, 0x15, 0xfd, 0xff, 0xff,
    0xff, 0xf7, 0x7e, 0xff, 0xff, 0xff, 0xfe, 0x18,
    0x0, 0x0, 0x0, 0x0, 0x0, 0x0, 0x0, 0x0,
    0x0, 0xc1, 0xff, 0xff, 0xff, 0xff, 0xf3, 0xff,
    0xff, 0xff, 0xc5, 0x0, 0x0, 0x0, 0x0, 0x0,
    0x0, 0x0, 0x0, 0x0, 0x0, 0x70, 0xff, 0xff,
    0xff, 0xff, 0xff, 0xff, 0xff, 0xff, 0x74, 0x0,
    0x0, 0x0, 0x0, 0x0, 0x0, 0x0, 0x0, 0x0,
    0x0, 0x1f, 0xff, 0xff, 0xff, 0xff, 0xff, 0xff,
    0xff, 0xff, 0x24, 0x0, 0x0, 0x0, 0x0, 0x0,
    0x0, 0x0, 0x0, 0x0, 0x0, 0x0, 0xcd, 0xff,
    0xff, 0xff, 0xff, 0xff, 0xff, 0xd2, 0x0, 0x0,
    0x0, 0x0, 0x0, 0x0, 0x0, 0x0, 0x0, 0x0,
    0x0, 0x0, 0x7c, 0xff, 0xff, 0xff, 0xff, 0xff,
    0xff, 0x81, 0x0, 0x0, 0x0, 0x0, 0x0, 0x0,
    0x0, 0x0, 0x0, 0x0, 0x0, 0x0, 0x2a, 0xff,
    0xff, 0xff, 0xff, 0xff, 0xff, 0x30, 0x0, 0x0,
    0x0, 0x0, 0x0, 0x0, 0x0, 0x0, 0x0, 0x0,
    0x0, 0x0, 0x0, 0xd8, 0xff, 0xff, 0xff, 0xff,
    0xe0, 0x0, 0x0, 0x0, 0x0, 0x0, 0x0, 0x0,

    /* U+0077 "w" */
    0x80, 0xff, 0xff, 0xff, 0xff, 0x94, 0x0, 0x0,
    0x0, 0x3, 0x36, 0x0, 0x0, 0x0, 0x4e, 0xff,
    0xff, 0xff, 0xff, 0x8a, 0x4e, 0xff, 0xff, 0xff,
    0xff, 0xc7, 0x0, 0x0, 0x0, 0x30, 0x7e, 0x0,
    0x0, 0x0, 0x80, 0xff, 0xff, 0xff, 0xff, 0x57,
    0x1c, 0xff, 0xff, 0xff, 0xff, 0xf6, 0x3, 0x0,
    0x0, 0x6b, 0xb8, 0x0, 0x0, 0x0, 0xb2, 0xff,
    0xff, 0xff, 0xff, 0x25, 0x0, 0xe9, 0xff, 0xff,
    0xff, 0xff, 0x2b, 0x0, 0x0, 0xa6, 0xf0, 0x2,
    0x0, 0x0, 0xe4, 0xff, 0xff, 0xff, 0xf1, 0x1,
    0x0, 0xb8, 0xff, 0xff, 0xff, 0xff, 0x5e, 0x0,
    0x0, 0xe0, 0xff, 0x2c, 0x0, 0x16, 0xff, 0xff,
    0xff, 0xff, 0xbf, 0x0, 0x0, 0x86, 0xff, 0xff,
    0xff, 0xff, 0x90, 0x0, 0x1b, 0xff, 0xff, 0x66,
    0x0, 0x49, 0xff, 0xff, 0xff, 0xff, 0x8d, 0x0,
    0x0, 0x54, 0xff, 0xff, 0xff, 0xff, 0xc2, 0x0,
    0x56, 0xff, 0xff, 0xa0, 0x0, 0x7b, 0xff, 0xff,
    0xff, 0xff, 0x5a, 0x0, 0x0, 0x22, 0xff, 0xff,
    0xff, 0xff, 0xf3, 0x2, 0x90, 0xff, 0xff, 0xda,
    0x0, 0xae, 0xff, 0xff, 0xff, 0xff, 0x28, 0x0,
    0x0, 0x0, 0xee, 0xff, 0xff, 0xff, 0xff, 0x27,
    0xcb, 0xff, 0xff, 0xff, 0x15, 0xe0, 0xff, 0xff,
    0xff, 0xf3, 0x2, 0x0, 0x0, 0x0, 0xbe, 0xff,
    0xff, 0xff, 0xff, 0x64, 0xfb, 0xff, 0xff, 0xff,
    0x60, 0xff, 0xff, 0xff, 0xff, 0xc2, 0x0, 0x0,
    0x0, 0x0, 0x8c, 0xff, 0xff, 0xff, 0xff, 0xcd,
    0xff, 0xff, 0xff, 0xff, 0xcd, 0xff, 0xff, 0xff,
    0xff, 0x90, 0x0, 0x0, 0x0, 0x0, 0x5a, 0xff,
    0xff, 0xff, 0xff, 0xff, 0xff, 0xff, 0xff, 0xff,
    0xff, 0xff, 0xff, 0xff, 0xff, 0x5d, 0x0, 0x0,
    0x0, 0x0, 0x28, 0xff, 0xff, 0xff, 0xff, 0xff,
    0xff, 0xf1, 0xf1, 0xff, 0xff, 0xff, 0xff, 0xff,
    0xff, 0x2b, 0x0, 0x0, 0x0, 0x0, 0x2, 0xf3,
    0xff, 0xff, 0xff, 0xff, 0xff, 0xb4, 0xb7, 0xff,
    0xff, 0xff, 0xff, 0xff, 0xf5, 0x3, 0x0, 0x0,
    0x0, 0x0, 0x0, 0xc4, 0xff, 0xff, 0xff, 0xff,
    0xff, 0x74, 0x78, 0xff, 0xff, 0xff, 0xff, 0xff,
    0xc5, 0x0, 0x0, 0x0, 0x0, 0x0, 0x0, 0x92,
    0xff, 0xff, 0xff, 0xff, 0xff, 0x34, 0x3a, 0xff,
    0xff, 0xff, 0xff, 0xff, 0x93, 0x0, 0x0, 0x0,
    0x0, 0x0, 0x0, 0x60, 0xff, 0xff, 0xff, 0xff,
    0xf1, 0x3, 0x5, 0xf5, 0xff, 0xff, 0xff, 0xff,
    0x60, 0x0, 0x0, 0x0, 0x0, 0x0, 0x0, 0x2e,
    0xff, 0xff, 0xff, 0xff, 0xb4, 0x0, 0x0, 0xbd,
    0xff, 0xff, 0xff, 0xff, 0x2e, 0x0, 0x0, 0x0,
    0x0, 0x0, 0x0, 0x4, 0xf7, 0xff, 0xff, 0xff,
    0x74, 0x0, 0x0, 0x7e, 0xff, 0xff, 0xff, 0xf7,
    0x4, 0x0, 0x0, 0x0, 0x0, 0x0, 0x0, 0x0,
    0xc9, 0xff, 0xff, 0xff, 0x34, 0x0, 0x0, 0x3f,
    0xff, 0xff, 0xff, 0xc9, 0x0, 0x0, 0x0, 0x0,

    /* U+0078 "x" */
    0x1, 0xcf, 0xff, 0xff, 0xff, 0xff, 0x32, 0x0,
    0x0, 0x0, 0x0, 0x20, 0xfa, 0xff, 0xff, 0xff,
    0xe2, 0x9, 0x0, 0x49, 0xff, 0xff, 0xff, 0xff,
    0xae, 0x0, 0x0, 0x0, 0x0, 0x9f, 0xff, 0xff,
    0xff, 0xff, 0x5c, 0x0, 0x0, 0x0, 0xc0, 0xff,
    0xff, 0xff, 0xfe, 0x2b, 0x0, 0x0, 0x27, 0xfc,
    0xff, 0xff, 0xff, 0xcc, 0x1, 0x0, 0x0, 0x0,
    0x39, 0xff, 0xff, 0xff, 0xff, 0xa6, 0x0, 0x0,
    0xa8, 0xff, 0xff, 0xff, 0xff, 0x3f, 0x0, 0x0,
    0x0, 0x0, 0x0, 0xb1, 0xff, 0xff, 0xff, 0xfc,
    0x25, 0x2e, 0xfe, 0xff, 0xff, 0xff, 0xaf, 0x0,
    0x0, 0x0, 0x0, 0x0, 0x0, 0x2b, 0xfd, 0xff,
    0xff, 0xff, 0x9e, 0xb1, 0xff, 0xff, 0xff, 0xfa,
    0x26, 0x0, 0x0, 0x0, 0x0, 0x0, 0x0, 0x0,
    0xa2, 0xff, 0xff, 0xff, 0xfc, 0xff, 0xff, 0xff,
    0xff, 0x91, 0x0, 0x0, 0x0, 0x0, 0x0, 0x0,
    0x0, 0x0, 0x20, 0xf9, 0xff, 0xff, 0xff, 0xff,
    0xff, 0xff, 0xef, 0x13, 0x0, 0x0, 0x0, 0x0,
    0x0, 0x0, 0x0, 0x0, 0x0, 0x92, 0xff, 0xff,
    0xff, 0xff, 0xff, 0xff, 0x73, 0x0, 0x0, 0x0,
    0x0, 0x0, 0x0, 0x0, 0x0, 0x0, 0x0, 0x17,
    0xfd, 0xff, 0xff, 0xff, 0xff, 0xf4, 0x7, 0x0,
    0x0, 0x0, 0x0, 0x0, 0x0, 0x0, 0x0, 0x0,
    0x0, 0x57, 0xff, 0xff, 0xff, 0xff, 0xff, 0xff,
    0x53, 0x0, 0x0, 0x0, 0x0, 0x0, 0x0, 0x0,
    0x0, 0x0, 0x4, 0xda, 0xff, 0xff, 0xff, 0xff,
    0xff, 0xff, 0xd8, 0x3, 0x0, 0x0, 0x0, 0x0,
    0x0, 0x0, 0x0, 0x0, 0x68, 0xff, 0xff, 0xff,
    0xff, 0xff, 0xff, 0xff, 0xff, 0x65, 0x0, 0x0,
    0x0, 0x0, 0x0, 0x0, 0x0, 0xa, 0xe6, 0xff,
    0xff, 0xff, 0xe6, 0xb7, 0xff, 0xff, 0xff, 0xe4,
    0x9, 0x0, 0x0, 0x0, 0x0, 0x0, 0x0, 0x79,
    0xff, 0xff, 0xff, 0xff, 0x72, 0x3b, 0xff, 0xff,
    0xff, 0xff, 0x76, 0x0, 0x0, 0x0, 0x0, 0x0,
    0x11, 0xef, 0xff, 0xff, 0xff, 0xeb, 0xb, 0x0,
    0xc6, 0xff, 0xff, 0xff, 0xee, 0x11, 0x0, 0x0,
    0x0, 0x0, 0x8a, 0xff, 0xff, 0xff, 0xff, 0x7b,
    0x0, 0x0, 0x51, 0xff, 0xff, 0xff, 0xff, 0x88,
    0x0, 0x0, 0x0, 0x1b, 0xf7, 0xff, 0xff, 0xff,
    0xf0, 0xf, 0x0, 0x0, 0x2, 0xda, 0xff, 0xff,
    0xff, 0xf6, 0x1b, 0x0, 0x0, 0x9b, 0xff, 0xff,
    0xff, 0xff, 0x84, 0x0, 0x0, 0x0, 0x0, 0x67,
    0xff, 0xff, 0xff, 0xff, 0x9a, 0x0, 0x27, 0xfc,
    0xff, 0xff, 0xff, 0xf5, 0x14, 0x0, 0x0, 0x0,
    0x0, 0x8, 0xe9, 0xff, 0xff, 0xff, 0xfc, 0x27,

    /* U+0079 "y" */
    0xd8, 0xff, 0xff, 0xff, 0xff, 0x60, 0x0, 0x0,
    0x0, 0x0, 0x0, 0x0, 0x2, 0xed, 0xff, 0xff,
    0xff, 0xd9, 0x87, 0xff, 0xff, 0xff, 0xff, 0xa9,
    0x0, 0x0, 0x0, 0x0, 0x0, 0x0, 0x39, 0xff,
    0xff, 0xff, 0xff, 0x8d, 0x36, 0xff, 0xff, 0xff,
    0xff, 0xef, 0x3, 0x0, 0x0, 0x0, 0x0, 0x0,
    0x82, 0xff, 0xff, 0xff, 0xff, 0x40, 0x1, 0xe4,
    0xff, 0xff, 0xff, 0xff, 0x3c, 0x0, 0x0, 0x0,
    0x0, 0x0, 0xcb, 0xff, 0xff, 0xff, 0xef, 0x4,
    0x0, 0x94, 0xff, 0xff, 0xff, 0xff, 0x86, 0x0,
    0x0, 0x0, 0x0, 0x16, 0xfe, 0xff, 0xff, 0xff,
    0xa7, 0x0, 0x0, 0x43, 0xff, 0xff, 0xff, 0xff,
    0xcf, 0x0, 0x0, 0x0, 0x0, 0x5d, 0xff, 0xff,
    0xff, 0xff, 0x5b, 0x0, 0x0, 0x4, 0xed, 0xff,
    0xff, 0xff, 0xff, 0x1a, 0x0, 0x0, 0x0, 0xa6,
    0xff, 0xff, 0xff, 0xfc, 0x12, 0x0, 0x0, 0x0,
    0xa1, 0xff, 0xff, 0xff, 0xff, 0x62, 0x0, 0x0,
    0x2, 0xec, 0xff, 0xff, 0xff, 0xc2, 0x0, 0x0,
    0x0, 0x0, 0x50, 0xff, 0xff, 0xff, 0xff, 0xac,
    0x0, 0x0, 0x38, 0xff, 0xff, 0xff, 0xff, 0x76,
    0x0, 0x0, 0x0, 0x0, 0x9, 0xf5, 0xff, 0xff,
    0xff, 0xf1, 0x4, 0x0, 0x81, 0xff, 0xff, 0xff,
    0xff, 0x29, 0x0, 0x0, 0x0, 0x0, 0x0, 0xaf,
    0xff, 0xff, 0xff, 0xff, 0x3f, 0x0, 0xc9, 0xff,
    0xff, 0xff, 0xdd, 0x0, 0x0, 0x0, 0x0, 0x0,
    0x0, 0x5e, 0xff, 0xff, 0xff, 0xff, 0x88, 0x14,
    0xfd, 0xff, 0xff, 0xff, 0x90, 0x0, 0x0, 0x0,
    0x0, 0x0, 0x0, 0x11, 0xfb, 0xff, 0xff, 0xff,
    0xd2, 0x5b, 0xff, 0xff, 0xff, 0xff, 0x44, 0x0,
    0x0, 0x0, 0x0, 0x0, 0x0, 0x0, 0xbc, 0xff,
    0xff, 0xff, 0xff, 0xc0, 0xff, 0xff, 0xff, 0xf1,
    0x5, 0x0, 0x0, 0x0, 0x0, 0x0, 0x0, 0x0,
    0x6b, 0xff, 0xff, 0xff, 0xff, 0xff, 0xff, 0xff,
    0xff, 0xab, 0x0, 0x0, 0x0, 0x0, 0x0, 0x0,
    0x0, 0x0, 0x1b, 0xfe, 0xff, 0xff, 0xff, 0xff,
    0xff, 0xff, 0xff, 0x5f, 0x0, 0x0, 0x0, 0x0,
    0x0, 0x0, 0x0, 0x0, 0x0, 0xc9, 0xff, 0xff,
    0xff, 0xff, 0xff, 0xff, 0xfd, 0x15, 0x0, 0x0,
    0x0, 0x0, 0x0, 0x0, 0x0, 0x0, 0x0, 0x78,
    0xff, 0xff, 0xff, 0xff, 0xff, 0xff, 0xc6, 0x0,
    0x0, 0x0, 0x0, 0x0, 0x0, 0x0, 0x0, 0x0,
    0x0, 0x27, 0xff, 0xff, 0xff, 0xff, 0xff, 0xff,
    0x79, 0x0, 0x0, 0x0, 0x0, 0x0, 0x0, 0x0,
    0x0, 0x0, 0x0, 0x0, 0xd7, 0xff, 0xff, 0xff,
    0xff, 0xff, 0x2d, 0x0, 0x0, 0x0, 0x0, 0x0,
    0x0, 0x0, 0x0, 0x0, 0x0, 0x0, 0x86, 0xff,
    0xff, 0xff, 0xff, 0xe0, 0x0, 0x0, 0x0, 0x0,
    0x0, 0x0, 0x0, 0x0, 0x0, 0x0, 0x0, 0x0,
    0x82, 0xff, 0xff, 0xff, 0xff, 0x94, 0x0, 0x0,
    0x0, 0x0, 0x0, 0x0, 0x0, 0x0, 0x0, 0x0,
    0x0, 0x0, 0xd1, 0xff, 0xff, 0xff, 0xff, 0x48,
    0x0, 0x0, 0x0, 0x0, 0x0, 0x0, 0x0, 0x0,
    0x0, 0x0, 0x0, 0x20, 0xff, 0xff, 0xff, 0xff,
    0xf4, 0x7, 0x0, 0x0, 0x0, 0x0, 0x0, 0x0,
    0x0, 0x0, 0x0, 0x0, 0x0, 0x6f, 0xff, 0xff,
    0xff, 0xff, 0xaf, 0x0, 0x0, 0x0, 0x0, 0x0,
    0x0, 0x0, 0x0, 0x0, 0x0, 0x0, 0x0, 0xbe,
    0xff, 0xff, 0xff, 0xff, 0x62, 0x0, 0x0, 0x0,
    0x0, 0x0, 0x0, 0x0, 0x0, 0x0, 0x0, 0x0,
    0x11, 0xfb, 0xff, 0xff, 0xff, 0xfe, 0x17, 0x0,
    0x0, 0x0, 0x0, 0x0, 0x0, 0x0, 0x0, 0x0,
    0x0, 0x0, 0x5c, 0xff, 0xff, 0xff, 0xff, 0xca,
    0x0, 0x0, 0x0, 0x0, 0x0, 0x0, 0x0, 0x0,

    /* U+007A "z" */
    0x0, 0x98, 0xff, 0xff, 0xff, 0xff, 0xff, 0xff,
    0xff, 0xff, 0xff, 0xff, 0xff, 0xff, 0xff, 0xff,
    0xc4, 0x0, 0x0, 0x98, 0xff, 0xff, 0xff, 0xff,
    0xff, 0xff, 0xff, 0xff, 0xff, 0xff, 0xff, 0xff,
    0xff, 0xff, 0x37, 0x0, 0x0, 0x98, 0xff, 0xff,
    0xff, 0xff, 0xff, 0xff, 0xff, 0xff, 0xff, 0xff,
    0xff, 0xff, 0xff, 0xa7, 0x0, 0x0, 0x0, 0x98,
    0xff, 0xff, 0xff, 0xff, 0xff, 0xff, 0xff, 0xff,
    0xff, 0xff, 0xff, 0xff, 0xf8, 0x20, 0x0, 0x0,
    0x0, 0x4e, 0x84, 0x84, 0x84, 0x84, 0x84, 0x84,
    0x84, 0xea, 0xff, 0xff, 0xff, 0xff, 0x8b, 0x0,
    0x0, 0x0, 0x0, 0x0, 0x0, 0x0, 0x0, 0x0,
    0x0, 0x0, 0x3e, 0xff, 0xff, 0xff, 0xff, 0xec,
    0x10, 0x0, 0x0, 0x0, 0x0, 0x0, 0x0, 0x0,
    0x0, 0x0, 0x0, 0x1, 0xcc, 0xff, 0xff, 0xff,
    0xff, 0x6e, 0x0, 0x0, 0x0, 0x0, 0x0, 0x0,
    0x0, 0x0, 0x0, 0x0, 0x0, 0x5f, 0xff, 0xff,
    0xff, 0xff, 0xda, 0x5, 0x0, 0x0, 0x0, 0x0,
    0x0, 0x0, 0x0, 0x0, 0x0, 0x0, 0xa, 0xe4,
    0xff, 0xff, 0xff, 0xff, 0x51, 0x0, 0x0, 0x0,
    0x0, 0x0, 0x0, 0x0, 0x0, 0x0, 0x0, 0x0,
    0x7f, 0xff, 0xff, 0xff, 0xff, 0xc3, 0x0, 0x0,
    0x0, 0x0, 0x0, 0x0, 0x0, 0x0, 0x0, 0x0,
    0x0, 0x19, 0xf4, 0xff, 0xff, 0xff, 0xfe, 0x36,
    0x0, 0x0, 0x0, 0x0, 0x0, 0x0, 0x0, 0x0,
    0x0, 0x0, 0x0, 0x9f, 0xff, 0xff, 0xff, 0xff,
    0xa6, 0x0, 0x0, 0x0, 0x0, 0x0, 0x0, 0x0,
    0x0, 0x0, 0x0, 0x0, 0x31, 0xfd, 0xff, 0xff,
    0xff, 0xf8, 0x20, 0x0, 0x0, 0x0, 0x0, 0x0,
    0x0, 0x0, 0x0, 0x0, 0x0, 0x0, 0xbe, 0xff,
    0xff, 0xff, 0xff, 0x8a, 0x0, 0x0, 0x0, 0x0,
    0x0, 0x0, 0x0, 0x0, 0x0, 0x0, 0x0, 0x50,
    0xff, 0xff, 0xff, 0xff, 0xec, 0xf, 0x0, 0x0,
    0x0, 0x0, 0x0, 0x0, 0x0, 0x0, 0x0, 0x0,
    0x5, 0xda, 0xff, 0xff, 0xff, 0xff, 0xca, 0x84,
    0x84, 0x84, 0x84, 0x84, 0x84, 0x84, 0x65, 0x0,
    0x0, 0x0, 0x70, 0xff, 0xff, 0xff, 0xff, 0xff,
    0xff, 0xff, 0xff, 0xff, 0xff, 0xff, 0xff, 0xff,
    0xc4, 0x0, 0x0, 0x11, 0xed, 0xff, 0xff, 0xff,
    0xff, 0xff, 0xff, 0xff, 0xff, 0xff, 0xff, 0xff,
    0xff, 0xff, 0xc4, 0x0, 0x0, 0x90, 0xff, 0xff,
    0xff, 0xff, 0xff, 0xff, 0xff, 0xff, 0xff, 0xff,
    0xff, 0xff, 0xff, 0xff, 0xc4, 0x0, 0x25, 0xfa,
    0xff, 0xff, 0xff, 0xff, 0xff, 0xff, 0xff, 0xff,
    0xff, 0xff, 0xff, 0xff, 0xff, 0xff, 0xc4, 0x0,

    /* U+00B0 "°" */
    0x0, 0x0, 0x0, 0x1, 0x2f, 0x57, 0x58, 0x2f,
    0x0, 0x0, 0x0, 0x0, 0x0, 0x0, 0x3b, 0xd3,
    0xff, 0xff, 0xff, 0xff, 0xd2, 0x38, 0x0, 0x0,
    0x0, 0x45, 0xf9, 0xff, 0xff, 0xff, 0xff, 0xff,
    0xff, 0xf8, 0x3e, 0x0, 0x8, 0xe7, 0xff, 0xeb,
    0x59, 0x15, 0x16, 0x59, 0xeb, 0xff, 0xe0, 0x5,
    0x58, 0xff, 0xff, 0x4d, 0x0, 0x0, 0x0, 0x0,
    0x4f, 0xff, 0xff, 0x4d, 0x92, 0xff, 0xed, 0x0,
    0x0, 0x0, 0x0, 0x0, 0x0, 0xee, 0xff, 0x86,
    0xa9, 0xff, 0xcf, 0x0, 0x0, 0x0, 0x0, 0x0,
    0x0, 0xcf, 0xff, 0x9c, 0xa4, 0xff, 0xd7, 0x0,
    0x0, 0x0, 0x0, 0x0, 0x0, 0xd9, 0xff, 0x97,
    0x85, 0xff, 0xf7, 0xd, 0x0, 0x0, 0x0, 0x0,
    0xe, 0xf8, 0xff, 0x79, 0x3e, 0xff, 0xff, 0x8f,
    0x0, 0x0, 0x0, 0x0, 0x8f, 0xff, 0xff, 0x34,
    0x0, 0xc0, 0xff, 0xff, 0xc4, 0x84, 0x84, 0xc4,
    0xff, 0xff, 0xb8, 0x0, 0x0, 0x18, 0xd1, 0xff,
    0xff, 0xff, 0xff, 0xff, 0xff, 0xcf, 0x15, 0x0,
    0x0, 0x0, 0x9, 0x75, 0xce, 0xf5, 0xf5, 0xce,
    0x75, 0x9, 0x0, 0x0,

    /* U+00DF "ß" */
    0x0, 0x0, 0x0, 0x1c, 0x81, 0xc1, 0xe8, 0xf9,
    0xf4, 0xe0, 0xaf, 0x65, 0x9, 0x0, 0x0, 0x0,
    0x0, 0x0, 0x0, 0x74, 0xfa, 0xff, 0xff, 0xff,
    0xff, 0xff, 0xff, 0xff, 0xff, 0xe6, 0x43, 0x0,
    0x0, 0x0, 0x0, 0x7c, 0xff, 0xff, 0xff, 0xff,
    0xff, 0xff, 0xff, 0xff, 0xff, 0xff, 0xff, 0xfa,
    0x41, 0x0, 0x0, 0x2a, 0xfd, 0xff, 0xff, 0xff,
    0xff, 0xff, 0xff, 0xff, 0xff, 0xff, 0xff, 0xff,
    0xff, 0xe3, 0x6, 0x0, 0x96, 0xff, 0xff, 0xff,
    0xff, 0xff, 0xa1, 0x5d, 0x5c, 0x9f, 0xfe, 0xff,
    0xff, 0xff, 0xff, 0x5c, 0x0, 0xd8, 0xff, 0xff,
    0xff, 0xff, 0x7d, 0x0, 0x0, 0x0, 0x0, 0x7b,
    0xff, 0xff, 0xff, 0xff, 0xa0, 0x0, 0xf5, 0xff,
    0xff, 0xff, 0xff, 0xe, 0x0, 0x0, 0x0, 0x0,
    0xd, 0xff, 0xff, 0xff, 0xff, 0xc3, 0x0, 0xff,
    0xff, 0xff, 0xff, 0xea, 0x0, 0x0, 0x0, 0x0,
    0x0, 0x0, 0xea, 0xff, 0xff, 0xff, 0xd2, 0x0,
    0xff, 0xff, 0xff, 0xff, 0xe0, 0x0, 0x0, 0x0,
    0x0, 0x0, 0x0, 0xf6, 0xff, 0xff, 0xff, 0xc0,
    0x0, 0xff, 0xff, 0xff, 0xff, 0xe0, 0x0, 0x0,
    0x0, 0x0, 0x0, 0x28, 0xff, 0xff, 0xff, 0xff,
    0xa1, 0x0, 0xff, 0xff, 0xff, 0xff, 0xe0, 0x0,
    0x0, 0x0, 0x0, 0x8, 0xb2, 0xff, 0xff, 0xff,
    0xff, 0x52, 0x0, 0xff, 0xff, 0xff, 0xff, 0xe0,
    0x0, 0x0, 0x5d, 0x9d, 0xdc, 0xff, 0xff, 0xff,
    0xff, 0xca, 0x6, 0x0, 0xff, 0xff, 0xff, 0xff,
    0xe0, 0x0, 0x0, 0xb0, 0xff, 0xff, 0xff, 0xff,
    0xff, 0xb9, 0x1b, 0x0, 0x0, 0xff, 0xff, 0xff,
    0xff, 0xe0, 0x0, 0x0, 0xb0, 0xff, 0xff, 0xff,
    0xff, 0xfc, 0x9b, 0x17, 0x0, 0x0, 0xff, 0xff,
    0xff, 0xff, 0xe0, 0x0, 0x0, 0xb0, 0xff, 0xff,
    0xff, 0xff, 0xff, 0xff, 0xe5, 0x24, 0x0, 0xff,
    0xff, 0xff, 0xff, 0xe0, 0x0, 0x0, 0x0, 0xa,
    0x3b, 0xbb, 0xff, 0xff, 0xff, 0xff, 0xc8, 0x0,
    0xff, 0xff, 0xff, 0xff, 0xe0, 0x0, 0x0, 0x0,
    0x0, 0x0, 0x3, 0xca, 0xff, 0xff, 0xff, 0xff,
    0x3d, 0xff, 0xff, 0xff, 0xff, 0xe0, 0x0, 0x0,
    0x0, 0x0, 0x0, 0x0, 0x5d, 0xff, 0xff, 0xff,
    0xff, 0x85, 0xff, 0xff, 0xff, 0xff, 0xe0, 0x0,
    0x0, 0x0, 0x0, 0x0, 0x0, 0x2e, 0xff, 0xff,
    0xff, 0xff, 0xae, 0xff, 0xff, 0xff, 0xff, 0xe0,
    0x0, 0x0, 0x0, 0x0, 0x0, 0x0, 0x25, 0xff,
    0xff, 0xff, 0xff, 0xbe, 0xff, 0xff, 0xff, 0xff,
    0xe0, 0x0, 0x0, 0x0, 0x0, 0x0, 0x0, 0x3f,
    0xff, 0xff, 0xff, 0xff, 0xb7, 0xff, 0xff, 0xff,
    0xff, 0xe0, 0x0, 0x0, 0x0, 0x0, 0x0, 0x0,
    0x8f, 0xff, 0xff, 0xff, 0xff, 0xa3, 0xff, 0xff,
    0xff, 0xff, 0xe0, 0x0, 0x0, 0x0, 0x0, 0x0,
    0x59, 0xfb, 0xff, 0xff, 0xff, 0xff, 0x6f, 0xff,
    0xff, 0xff, 0xff, 0xe0, 0x0, 0x21, 0x91, 0xa1,
    0xd7, 0xff, 0xff, 0xff, 0xff, 0xff, 0xfd, 0x25,
    0xff, 0xff, 0xff, 0xff, 0xe0, 0x0, 0x3c, 0xff,
    0xff, 0xff, 0xff, 0xff, 0xff, 0xff, 0xff, 0xa3,
    0x0, 0xff, 0xff, 0xff, 0xff, 0xe0, 0x0, 0x3c,
    0xff, 0xff, 0xff, 0xff, 0xff, 0xff, 0xff, 0xd3,
    0xf, 0x0, 0xff, 0xff, 0xff, 0xff, 0xe0, 0x0,
    0x3c, 0xff, 0xff, 0xff, 0xff, 0xff, 0xfe, 0xa3,
    0x10, 0x0, 0x0, 0xff, 0xff, 0xff, 0xff, 0xe0,
    0x0, 0x3c, 0xfe, 0xf3, 0xe2, 0xb9, 0x80, 0x24,
    0x0, 0x0, 0x0, 0x0,

    /* U+00E0 "à" */
    0x0, 0x0, 0x0, 0x6d, 0xff, 0xff, 0xff, 0xff,
    0xf5, 0x17, 0x0, 0x0, 0x0, 0x0, 0x0, 0x0,
    0x0, 0x0, 0x0, 0x0, 0x0, 0x1, 0xbb, 0xff,
    0xff, 0xff, 0xff, 0x8e, 0x0, 0x0, 0x0, 0x0,
    0x0, 0x0, 0x0, 0x0, 0x0, 0x0, 0x0, 0x0,
    0x1c, 0xf0, 0xff, 0xff, 0xff, 0xf6, 0x19, 0x0,
    0x0, 0x0, 0x0, 0x0, 0x0, 0x0, 0x0, 0x0,
    0x0, 0x0, 0x0, 0x5d, 0xff, 0xff, 0xff, 0xff,
    0x92, 0x0, 0x0, 0x0, 0x0, 0x0, 0x0, 0x0,
    0x0, 0x0, 0x0, 0x0, 0x0, 0x0, 0xad, 0xff,
    0xff, 0xff, 0xf8, 0x1b, 0x0, 0x0, 0x0, 0x0,
    0x0, 0x0, 0x0, 0x0, 0x0, 0x0, 0x0, 0x0,
    0x14, 0xe8, 0xff, 0xff, 0xff, 0x96, 0x0, 0x0,
    0x0, 0x0, 0x0, 0x0, 0x0, 0x0, 0x0, 0x0,
    0x0, 0x0, 0x0, 0x4e, 0xff, 0xff, 0xff, 0xf9,
    0x1e, 0x0, 0x0, 0x0, 0x0, 0x0, 0x0, 0x0,
    0x0, 0x0, 0x0, 0x0, 0x0, 0x0, 0x70, 0x94,
    0x94, 0x94, 0x48, 0x0, 0x0, 0x0, 0x0, 0x0,
    0x0, 0x0, 0x0, 0x0, 0x0, 0x0, 0x0, 0x0,
    0x0, 0x0, 0x0, 0x0, 0x0, 0x0, 0x0, 0x0,
    0x0, 0x0, 0x0, 0x0, 0x0, 0x0, 0x0, 0x0,
    0x0, 0x0, 0x0, 0x0, 0x0, 0x0, 0x0, 0x0,
    0x0, 0x0, 0x0, 0x0, 0x0, 0x0, 0x0, 0x0,
    0xa, 0x62, 0xac, 0xda, 0xf4, 0xfb, 0xed, 0xcf,
    0x94, 0x33, 0x0, 0x0, 0x0, 0x0, 0x0, 0x0,
    0x0, 0x5a, 0xeb, 0xff, 0xff, 0xff, 0xff, 0xff,
    0xff, 0xff, 0xff, 0xff, 0xa3, 0xb, 0x0, 0x0,
    0x0, 0x0, 0x7a, 0xff, 0xff, 0xff, 0xff, 0xff,
    0xff, 0xff, 0xff, 0xff, 0xff, 0xff, 0xff, 0xb9,
    0x4, 0x0, 0x0, 0x4b, 0xff, 0xff, 0xff, 0xff,
    0xff, 0xff, 0xff, 0xff, 0xff, 0xff, 0xff, 0xff,
    0xff, 0xff, 0x68, 0x0, 0x0, 0x58, 0xd1, 0xff,
    0xff, 0xff, 0xeb, 0x93, 0x69, 0x68, 0x90, 0xef,
    0xff, 0xff, 0xff, 0xff, 0xd5, 0x0, 0x0, 0x0,
    0x0, 0x36, 0x9a, 0xbb, 0x11, 0x0, 0x0, 0x0,
    0x0, 0x24, 0xf4, 0xff, 0xff, 0xff, 0xff, 0x16,
    0x0, 0x0, 0x0, 0x0, 0x0, 0x0, 0x0, 0x0,
    0x0, 0x0, 0x0, 0x0, 0xb9, 0xff, 0xff, 0xff,
    0xff, 0x31, 0x0, 0x0, 0x0, 0x0, 0x0, 0x1,
    0x18, 0x29, 0x29, 0x17, 0x0, 0x0, 0xa4, 0xff,
    0xff, 0xff, 0xff, 0x3c, 0x0, 0x0, 0x0, 0x45,
    0xb0, 0xef, 0xff, 0xff, 0xff, 0xff, 0xef, 0xaa,
    0xc8, 0xff, 0xff, 0xff, 0xff, 0x3c, 0x0, 0x3,
    0x9e, 0xff, 0xff, 0xff, 0xff, 0xff, 0xff, 0xff,
    0xff, 0xff, 0xff, 0xff, 0xff, 0xff, 0xff, 0x3c,
    0x0, 0x92, 0xff, 0xff, 0xff, 0xff, 0xff, 0xff,
    0xff, 0xff, 0xff, 0xff, 0xff, 0xff, 0xff, 0xff,
    0xff, 0x3c, 0x25, 0xfd, 0xff, 0xff, 0xff, 0xf7,
    0x78, 0x22, 0x7, 0x19, 0x37, 0x8b, 0xef, 0xff,
    0xff, 0xff, 0xff, 0x3c, 0x75, 0xff, 0xff, 0xff,
    0xff, 0x70, 0x0, 0x0, 0x0, 0x0, 0x0, 0x0,
    0xa4, 0xff, 0xff, 0xff, 0xff, 0x3c, 0x99, 0xff,
    0xff, 0xff, 0xff, 0x2d, 0x0, 0x0, 0x0, 0x0,
    0x0, 0x0, 0xae, 0xff, 0xff, 0xff, 0xff, 0x3c,
    0x99, 0xff, 0xff, 0xff, 0xff, 0x54, 0x0, 0x0,
    0x0, 0x0, 0x0, 0x5d, 0xfe, 0xff, 0xff, 0xff,
    0xff, 0x3c, 0x74, 0xff, 0xff, 0xff, 0xff, 0xe7,
    0x53, 0x10, 0x10, 0x42, 0xac, 0xff, 0xff, 0xff,
    0xff, 0xff, 0xff, 0x3c, 0x23, 0xfc, 0xff, 0xff,
    0xff, 0xff, 0xff, 0xff, 0xff, 0xff, 0xff, 0xff,
    0xff, 0xff, 0xff, 0xff, 0xff, 0x3c, 0x0, 0x8d,
    0xff, 0xff, 0xff, 0xff, 0xff, 0xff, 0xff, 0xff,
    0xff, 0xff, 0xfc, 0xff, 0xff, 0xff, 0xff, 0x3c,
    0x0, 0x3, 0x97, 0xff, 0xff, 0xff, 0xff, 0xff,
    0xff, 0xff, 0xff, 0xee, 0x63, 0xff, 0xff, 0xff,
    0xff, 0x3c, 0x0, 0x0, 0x0, 0x39, 0x9d, 0xd8,
    0xf3, 0xfa, 0xea, 0xc4, 0x7d, 0x12, 0x28, 0xff,
    0xff, 0xff, 0xff, 0x3c,

    /* U+00E1 "á" */
    0x0, 0x0, 0x0, 0x0, 0x0, 0x0, 0x0, 0x0,
    0x0, 0xc5, 0xff, 0xff, 0xff, 0xff, 0xb3, 0x0,
    0x0, 0x0, 0x0, 0x0, 0x0, 0x0, 0x0, 0x0,
    0x0, 0x0, 0x47, 0xff, 0xff, 0xff, 0xff, 0xec,
    0x18, 0x0, 0x0, 0x0, 0x0, 0x0, 0x0, 0x0,
    0x0, 0x0, 0x0, 0x0, 0xc8, 0xff, 0xff, 0xff,
    0xff, 0x54, 0x0, 0x0, 0x0, 0x0, 0x0, 0x0,
    0x0, 0x0, 0x0, 0x0, 0x0, 0x4b, 0xff, 0xff,
    0xff, 0xff, 0xa4, 0x0, 0x0, 0x0, 0x0, 0x0,
    0x0, 0x0, 0x0, 0x0, 0x0, 0x0, 0x0, 0xcb,
    0xff, 0xff, 0xff, 0xe4, 0x10, 0x0, 0x0, 0x0,
    0x0, 0x0, 0x0, 0x0, 0x0, 0x0, 0x0, 0x0,
    0x4f, 0xff, 0xff, 0xff, 0xfe, 0x46, 0x0, 0x0,
    0x0, 0x0, 0x0, 0x0, 0x0, 0x0, 0x0, 0x0,
    0x0, 0x1, 0xcf, 0xff, 0xff, 0xff, 0x95, 0x0,
    0x0, 0x0, 0x0, 0x0, 0x0, 0x0, 0x0, 0x0,
    0x0, 0x0, 0x0, 0x1f, 0x94, 0x94, 0x94, 0x8f,
    0xa, 0x0, 0x0, 0x0, 0x0, 0x0, 0x0, 0x0,
    0x0, 0x0, 0x0, 0x0, 0x0, 0x0, 0x0, 0x0,
    0x0, 0x0, 0x0, 0x0, 0x0, 0x0, 0x0, 0x0,
    0x0, 0x0, 0x0, 0x0, 0x0, 0x0, 0x0, 0x0,
    0x0, 0x0, 0x0, 0x0, 0x0, 0x0, 0x0, 0x0,
    0x0, 0x0, 0x0, 0x0, 0x0, 0x0, 0x0, 0x0,
    0xa, 0x62, 0xac, 0xda, 0xf4, 0xfb, 0xed, 0xcf,
    0x94, 0x33, 0x0, 0x0, 0x0, 0x0, 0x0, 0x0,
    0x0, 0x5a, 0xeb, 0xff, 0xff, 0xff, 0xff, 0xff,
    0xff, 0xff, 0xff, 0xff, 0xa3, 0xb, 0x0, 0x0,
    0x0, 0x0, 0x7a, 0xff, 0xff, 0xff, 0xff, 0xff,
    0xff, 0xff, 0xff, 0xff, 0xff, 0xff, 0xff, 0xb9,
    0x4, 0x0, 0x0, 0x4b, 0xff, 0xff, 0xff, 0xff,
    0xff, 0xff, 0xff, 0xff, 0xff, 0xff, 0xff, 0xff,
    0xff, 0xff, 0x68, 0x0, 0x0, 0x58, 0xd1, 0xff,
    0xff, 0xff, 0xeb, 0x93, 0x69, 0x68, 0x90, 0xef,
    0xff, 0xff, 0xff, 0xff, 0xd5, 0x0, 0x0, 0x0,
    0x0, 0x36, 0x9a, 0xbb, 0x11, 0x0, 0x0, 0x0,
    0x0, 0x24, 0xf4, 0xff, 0xff, 0xff, 0xff, 0x16,
    0x0, 0x0, 0x0, 0x0, 0x0, 0x0, 0x0, 0x0,
    0x0, 0x0, 0x0, 0x0, 0xb9, 0xff, 0xff, 0xff,
    0xff, 0x31, 0x0, 0x0, 0x0, 0x0, 0x0, 0x1,
    0x18, 0x29, 0x29, 0x17, 0x0, 0x0, 0xa4, 0xff,
    0xff, 0xff, 0xff, 0x3c, 0x0, 0x0, 0x0, 0x45,
    0xb0, 0xef, 0xff, 0xff, 0xff, 0xff, 0xef, 0xaa,
    0xc8, 0xff, 0xff, 0xff, 0xff, 0x3c, 0x0, 0x3,
    0x9e, 0xff, 0xff, 0xff, 0xff, 0xff, 0xff, 0xff,
    0xff, 0xff, 0xff, 0xff, 0xff, 0xff, 0xff, 0x3c,
    0x0, 0x92, 0xff, 0xff, 0xff, 0xff, 0xff, 0xff,
    0xff, 0xff, 0xff, 0xff, 0xff, 0xff, 0xff, 0xff,
    0xff, 0x3c, 0x25, 0xfd, 0xff, 0xff, 0xff, 0xf7,
    0x78, 0x22, 0x7, 0x19, 0x37, 0x8b, 0xef, 0xff,
    0xff, 0xff, 0xff, 0x3c, 0x75, 0xff, 0xff, 0xff,
    0xff, 0x70, 0x0, 0x0, 0x0, 0x0, 0x0, 0x0,
    0xa4, 0xff, 0xff, 0xff, 0xff, 0x3c, 0x99, 0xff,
    0xff, 0xff, 0xff, 0x2d, 0x0, 0x0, 0x0, 0x0,
    0x0, 0x0, 0xae, 0xff, 0xff, 0xff, 0xff, 0x3c,
    0x99, 0xff, 0xff, 0xff, 0xff, 0x54, 0x0, 0x0,
    0x0, 0x0, 0x0, 0x5d, 0xfe, 0xff, 0xff, 0xff,
    0xff, 0x3c, 0x74, 0xff, 0xff, 0xff, 0xff, 0xe7,
    0x53, 0x10, 0x10, 0x42, 0xac, 0xff, 0xff, 0xff,
    0xff, 0xff, 0xff, 0x3c, 0x23, 0xfc, 0xff, 0xff,
    0xff, 0xff, 0xff, 0xff, 0xff, 0xff, 0xff, 0xff,
    0xff, 0xff, 0xff, 0xff, 0xff, 0x3c, 0x0, 0x8d,
    0xff, 0xff, 0xff, 0xff, 0xff, 0xff, 0xff, 0xff,
    0xff, 0xff, 0xfc, 0xff, 0xff, 0xff, 0xff, 0x3c,
    0x0, 0x3, 0x97, 0xff, 0xff, 0xff, 0xff, 0xff,
    0xff, 0xff, 0xff, 0xee, 0x63, 0xff, 0xff, 0xff,
    0xff, 0x3c, 0x0, 0x0, 0x0, 0x39, 0x9d, 0xd8,
    0xf3, 0xfa, 0xea, 0xc4, 0x7d, 0x12, 0x28, 0xff,
    0xff, 0xff, 0xff, 0x3c,

    /* U+00E2 "â" */
    0x0, 0x0, 0x0, 0x0, 0x0, 0x6b, 0xff, 0xff,
    0xff, 0xff, 0xff, 0xff, 0xb2, 0x0, 0x0, 0x0,
    0x0, 0x0, 0x0, 0x0, 0x0, 0x0, 0x13, 0xed,
    0xff, 0xff, 0xff, 0xff, 0xff, 0xff, 0xff, 0x48,
    0x0, 0x0, 0x0, 0x0, 0x0, 0x0, 0x0, 0x0,
    0x97, 0xff, 0xff, 0xff, 0xfd, 0xf4, 0xff, 0xff,
    0xff, 0xd8, 0x5, 0x0, 0x0, 0x0, 0x0, 0x0,
    0x0, 0x2f, 0xfc, 0xff, 0xff, 0xff, 0x84, 0x59,
    0xff, 0xff, 0xff, 0xff, 0x74, 0x0, 0x0, 0x0,
    0x0, 0x0, 0x0, 0xc1, 0xff, 0xff, 0xff, 0xc7,
    0x4, 0x0, 0x9d, 0xff, 0xff, 0xff, 0xf1, 0x18,
    0x0, 0x0, 0x0, 0x0, 0x59, 0xff, 0xff, 0xff,
    0xf1, 0x22, 0x0, 0x0, 0xa, 0xd6, 0xff, 0xff,
    0xff, 0xa0, 0x0, 0x0, 0x0, 0xa, 0xe3, 0xff,
    0xff, 0xff, 0x5c, 0x0, 0x0, 0x0, 0x0, 0x2d,
    0xf7, 0xff, 0xff, 0xfe, 0x37, 0x0, 0x0, 0x2f,
    0x80, 0x80, 0x80, 0x69, 0x0, 0x0, 0x0, 0x0,
    0x0, 0x0, 0x4b, 0x80, 0x80, 0x80, 0x53, 0x0,
    0x0, 0x0, 0x0, 0x0, 0x0, 0x0, 0x0, 0x0,
    0x0, 0x0, 0x0, 0x0, 0x0, 0x0, 0x0, 0x0,
    0x0, 0x0, 0x0, 0x0, 0x0, 0x0, 0x0, 0x0,
    0x0, 0x0, 0x0, 0x0, 0x0, 0x0, 0x0, 0x0,
    0x0, 0x0, 0x0, 0x0, 0x0, 0x0, 0x0, 0x0,
    0xa, 0x62, 0xac, 0xda, 0xf4, 0xfb, 0xed, 0xcf,
    0x94, 0x33, 0x0, 0x0, 0x0, 0x0, 0x0, 0x0,
    0x0, 0x5a, 0xeb, 0xff, 0xff, 0xff, 0xff, 0xff,
    0xff, 0xff, 0xff, 0xff, 0xa3, 0xb, 0x0, 0x0,
    0x0, 0x0, 0x7a, 0xff, 0xff, 0xff, 0xff, 0xff,
    0xff, 0xff, 0xff, 0xff, 0xff, 0xff, 0xff, 0xb9,
    0x4, 0x0, 0x0, 0x4b, 0xff, 0xff, 0xff, 0xff,
    0xff, 0xff, 0xff, 0xff, 0xff, 0xff, 0xff, 0xff,
    0xff, 0xff, 0x68, 0x0, 0x0, 0x58, 0xd1, 0xff,
    0xff, 0xff, 0xeb, 0x93, 0x69, 0x68, 0x90, 0xef,
    0xff, 0xff, 0xff, 0xff, 0xd5, 0x0, 0x0, 0x0,
    0x0, 0x36, 0x9a, 0xbb, 0x11, 0x0, 0x0, 0x0,
    0x0, 0x24, 0xf4, 0xff, 0xff, 0xff, 0xff, 0x16,
    0x0, 0x0, 0x0, 0x0, 0x0, 0x0, 0x0, 0x0,
    0x0, 0x0, 0x0, 0x0, 0xb9, 0xff, 0xff, 0xff,
    0xff, 0x31, 0x0, 0x0, 0x0, 0x0, 0x0, 0x1,
    0x18, 0x29, 0x29, 0x17, 0x0, 0x0, 0xa4, 0xff,
    0xff, 0xff, 0xff, 0x3c, 0x0, 0x0, 0x0, 0x45,
    0xb0, 0xef, 0xff, 0xff, 0xff, 0xff, 0xef, 0xaa,
    0xc8, 0xff, 0xff, 0xff, 0xff, 0x3c, 0x0, 0x3,
    0x9e, 0xff, 0xff, 0xff, 0xff, 0xff, 0xff, 0xff,
    0xff, 0xff, 0xff, 0xff, 0xff, 0xff, 0xff, 0x3c,
    0x0, 0x92, 0xff, 0xff, 0xff, 0xff, 0xff, 0xff,
    0xff, 0xff, 0xff, 0xff, 0xff, 0xff, 0xff, 0xff,
    0xff, 0x3c, 0x25, 0xfd, 0xff, 0xff, 0xff, 0xf7,
    0x78, 0x22, 0x7, 0x19, 0x37, 0x8b, 0xef, 0xff,
    0xff, 0xff, 0xff, 0x3c, 0x75, 0xff, 0xff, 0xff,
    0xff, 0x70, 0x0, 0x0, 0x0, 0x0, 0x0, 0x0,
    0xa4, 0xff, 0xff, 0xff, 0xff, 0x3c, 0x99, 0xff,
    0xff, 0xff, 0xff, 0x2d, 0x0, 0x0, 0x0, 0x0,
    0x0, 0x0, 0xae, 0xff, 0xff, 0xff, 0xff, 0x3c,
    0x99, 0xff, 0xff, 0xff, 0xff, 0x54, 0x0, 0x0,
    0x0, 0x0, 0x0, 0x5d, 0xfe, 0xff, 0xff, 0xff,
    0xff, 0x3c, 0x74, 0xff, 0xff, 0xff, 0xff, 0xe7,
    0x53, 0x10, 0x10, 0x42, 0xac, 0xff, 0xff, 0xff,
    0xff, 0xff, 0xff, 0x3c, 0x23, 0xfc, 0xff, 0xff,
    0xff, 0xff, 0xff, 0xff, 0xff, 0xff, 0xff, 0xff,
    0xff, 0xff, 0xff, 0xff, 0xff, 0x3c, 0x0, 0x8d,
    0xff, 0xff, 0xff, 0xff, 0xff, 0xff, 0xff, 0xff,
    0xff, 0xff, 0xfc, 0xff, 0xff, 0xff, 0xff, 0x3c,
    0x0, 0x3, 0x97, 0xff, 0xff, 0xff, 0xff, 0xff,
    0xff, 0xff, 0xff, 0xee, 0x63, 0xff, 0xff, 0xff,
    0xff, 0x3c, 0x0, 0x0, 0x0, 0x39, 0x9d, 0xd8,
    0xf3, 0xfa, 0xea, 0xc4, 0x7d, 0x12, 0x28, 0xff,
    0xff, 0xff, 0xff, 0x3c,

    /* U+00E4 "ä" */
    0x0, 0x0, 0x54, 0xd7, 0xf3, 0xc0, 0x28, 0x0,
    0x0, 0x0, 0x0, 0xa, 0x98, 0xea, 0xe6, 0x8b,
    0x5, 0x0, 0x0, 0x2c, 0xfc, 0xff, 0xff, 0xff,
    0xd9, 0x5, 0x0, 0x0, 0x0, 0x8d, 0xff, 0xff,
    0xff, 0xff, 0x76, 0x0, 0x0, 0x7a, 0xff, 0xff,
    0xff, 0xff, 0xff, 0x30, 0x0, 0x0, 0x0, 0xde,
    0xff, 0xff, 0xff, 0xff, 0xc8, 0x0, 0x0, 0x7e,
    0xff, 0xff, 0xff, 0xff, 0xff, 0x35, 0x0, 0x0,
    0x0, 0xe2, 0xff, 0xff, 0xff, 0xff, 0xcd, 0x0,
    0x0, 0x37, 0xff, 0xff, 0xff, 0xff, 0xe4, 0x8,
    0x0, 0x0, 0x0, 0x9a, 0xff, 0xff, 0xff, 0xff,
    0x84, 0x0, 0x0, 0x0, 0x67, 0xe6, 0xfd, 0xd0,
    0x35, 0x0, 0x0, 0x0, 0x0, 0x11, 0xaa, 0xf6,
    0xf3, 0x9d, 0x9, 0x0, 0x0, 0x0, 0x0, 0x0,
    0x3, 0x0, 0x0, 0x0, 0x0, 0x0, 0x0, 0x0,
    0x0, 0x2, 0x1, 0x0, 0x0, 0x0, 0x0, 0x0,
    0x0, 0x0, 0x0, 0x0, 0x0, 0x0, 0x0, 0x0,
    0x0, 0x0, 0x0, 0x0, 0x0, 0x0, 0x0, 0x0,
    0x0, 0x0, 0x0, 0x0, 0xa, 0x62, 0xac, 0xda,
    0xf4, 0xfb, 0xed, 0xcf, 0x94, 0x33, 0x0, 0x0,
    0x0, 0x0, 0x0, 0x0, 0x0, 0x5a, 0xeb, 0xff,
    0xff, 0xff, 0xff, 0xff, 0xff, 0xff, 0xff, 0xff,
    0xa3, 0xb, 0x0, 0x0, 0x0, 0x0, 0x7a, 0xff,
    0xff, 0xff, 0xff, 0xff, 0xff, 0xff, 0xff, 0xff,
    0xff, 0xff, 0xff, 0xb9, 0x4, 0x0, 0x0, 0x4b,
    0xff, 0xff, 0xff, 0xff, 0xff, 0xff, 0xff, 0xff,
    0xff, 0xff, 0xff, 0xff, 0xff, 0xff, 0x68, 0x0,
    0x0, 0x58, 0xd1, 0xff, 0xff, 0xff, 0xeb, 0x93,
    0x69, 0x68, 0x90, 0xef, 0xff, 0xff, 0xff, 0xff,
    0xd5, 0x0, 0x0, 0x0, 0x0, 0x36, 0x9a, 0xbb,
    0x11, 0x0, 0x0, 0x0, 0x0, 0x24, 0xf4, 0xff,
    0xff, 0xff, 0xff, 0x16, 0x0, 0x0, 0x0, 0x0,
    0x0, 0x0, 0x0, 0x0, 0x0, 0x0, 0x0, 0x0,
    0xb9, 0xff, 0xff, 0xff, 0xff, 0x31, 0x0, 0x0,
    0x0, 0x0, 0x0, 0x1, 0x18, 0x29, 0x29, 0x17,
    0x0, 0x0, 0xa4, 0xff, 0xff, 0xff, 0xff, 0x3c,
    0x0, 0x0, 0x0, 0x45, 0xb0, 0xef, 0xff, 0xff,
    0xff, 0xff, 0xef, 0xaa, 0xc8, 0xff, 0xff, 0xff,
    0xff, 0x3c, 0x0, 0x3, 0x9e, 0xff, 0xff, 0xff,
    0xff, 0xff, 0xff, 0xff, 0xff, 0xff, 0xff, 0xff,
    0xff, 0xff, 0xff, 0x3c, 0x0, 0x92, 0xff, 0xff,
    0xff, 0xff, 0xff, 0xff, 0xff, 0xff, 0xff, 0xff,
    0xff, 0xff, 0xff, 0xff, 0xff, 0x3c, 0x25, 0xfd,
    0xff, 0xff, 0xff, 0xf7, 0x78, 0x22, 0x7, 0x19,
    0x37, 0x8b, 0xef, 0xff, 0xff, 0xff, 0xff, 0x3c,
    0x75, 0xff, 0xff, 0xff, 0xff, 0x70, 0x0, 0x0,
    0x0, 0x0, 0x0, 0x0, 0xa4, 0xff, 0xff, 0xff,
    0xff, 0x3c, 0x99, 0xff, 0xff, 0xff, 0xff, 0x2d,
    0x0, 0x0, 0x0, 0x0, 0x0, 0x0, 0xae, 0xff,
    0xff, 0xff, 0xff, 0x3c, 0x99, 0xff, 0xff, 0xff,
    0xff, 0x54, 0x0, 0x0, 0x0, 0x0, 0x0, 0x5d,
    0xfe, 0xff, 0xff, 0xff, 0xff, 0x3c, 0x74, 0xff,
    0xff, 0xff, 0xff, 0xe7, 0x53, 0x10, 0x10, 0x42,
    0xac, 0xff, 0xff, 0xff, 0xff, 0xff, 0xff, 0x3c,
    0x23, 0xfc, 0xff, 0xff, 0xff, 0xff, 0xff, 0xff,
    0xff, 0xff, 0xff, 0xff, 0xff, 0xff, 0xff, 0xff,
    0xff, 0x3c, 0x0, 0x8d, 0xff, 0xff, 0xff, 0xff,
    0xff, 0xff, 0xff, 0xff, 0xff, 0xff, 0xfc, 0xff,
    0xff, 0xff, 0xff, 0x3c, 0x0, 0x3, 0x97, 0xff,
    0xff, 0xff, 0xff, 0xff, 0xff, 0xff, 0xff, 0xee,
    0x63, 0xff, 0xff, 0xff, 0xff, 0x3c, 0x0, 0x0,
    0x0, 0x39, 0x9d, 0xd8, 0xf3, 0xfa, 0xea, 0xc4,
    0x7d, 0x12, 0x28, 0xff, 0xff, 0xff, 0xff, 0x3c,

    /* U+00E6 "æ" */
    0x0, 0x0, 0x0, 0x3a, 0xb8, 0xf2, 0xf3, 0xc0,
    0x4c, 0x0, 0x3, 0x6d, 0xce, 0xf4, 0xef, 0xc1,
    0x54, 0x0, 0x0, 0x0, 0x0, 0x0, 0x57, 0xfc,
    0xff, 0xff, 0xff, 0xff, 0xff, 0x85, 0xab, 0xff,
    0xff, 0xff, 0xff, 0xff, 0xff, 0x87, 0x0, 0x0,
    0x0, 0x20, 0xf5, 0xff, 0xff, 0xff, 0xff, 0xff,
    0xff, 0xff, 0xff, 0xff, 0xff, 0xff, 0xff, 0xff,
    0xff, 0xff, 0x48, 0x0, 0x0, 0x9c, 0xff, 0xff,
    0xff, 0xff, 0xff, 0xff, 0xff, 0xff, 0xff, 0xff,
    0xff, 0xff, 0xff, 0xff, 0xff, 0xff, 0xc1, 0x0,
    0x2, 0xd8, 0xff, 0xff, 0xee, 0x4d, 0x33, 0xcb,
    0xff, 0xff, 0xff, 0xff, 0xce, 0x3b, 0x43, 0xe3,
    0xff, 0xff, 0xff, 0x15, 0x0, 0x1, 0x3f, 0x9a,
    0x63, 0x0, 0x0, 0x50, 0xff, 0xff, 0xff, 0xff,
    0x28, 0x0, 0x0, 0x58, 0xff, 0xff, 0xff, 0x51,
    0x0, 0x0, 0x0, 0x0, 0x0, 0x0, 0x0, 0x2f,
    0xff, 0xff, 0xff, 0xe9, 0x0, 0x0, 0x0, 0xf,
    0xff, 0xff, 0xff, 0x79, 0x0, 0x0, 0x0, 0x2a,
    0x4f, 0x3f, 0x14, 0x28, 0xff, 0xff, 0xff, 0xcd,
    0x0, 0x0, 0x0, 0x0, 0xed, 0xff, 0xff, 0x97,
    0x0, 0x11, 0xbb, 0xff, 0xff, 0xff, 0xfb, 0xc4,
    0xff, 0xff, 0xff, 0xea, 0xa4, 0xa4, 0xa4, 0xa4,
    0xf5, 0xff, 0xff, 0xad, 0x0, 0xaf, 0xff, 0xff,
    0xff, 0xff, 0xff, 0xff, 0xff, 0xff, 0xff, 0xff,
    0xff, 0xff, 0xff, 0xff, 0xff, 0xff, 0xff, 0xb6,
    0x2b, 0xff, 0xff, 0xff, 0xff, 0xff, 0xff, 0xff,
    0xff, 0xff, 0xff, 0xff, 0xff, 0xff, 0xff, 0xff,
    0xff, 0xff, 0xff, 0xbf, 0x77, 0xff, 0xff, 0xff,
    0xc4, 0x1c, 0x11, 0x68, 0xff, 0xff, 0xff, 0xce,
    0x0, 0x0, 0x0, 0x0, 0x0, 0x0, 0x0, 0x0,
    0xa2, 0xff, 0xff, 0xff, 0x4a, 0x0, 0x0, 0x28,
    0xff, 0xff, 0xff, 0xdb, 0x0, 0x0, 0x0, 0x0,
    0x0, 0x0, 0x0, 0x0, 0xb3, 0xff, 0xff, 0xff,
    0x2d, 0x0, 0x0, 0x28, 0xff, 0xff, 0xff, 0xf7,
    0x3, 0x0, 0x0, 0x1, 0x0, 0x0, 0x0, 0x0,
    0xaf, 0xff, 0xff, 0xff, 0x41, 0x0, 0x0, 0x33,
    0xff, 0xff, 0xff, 0xff, 0x3a, 0x0, 0x0, 0x6b,
    0xd5, 0x86, 0x37, 0x1, 0x98, 0xff, 0xff, 0xff,
    0xa9, 0x2, 0x13, 0xc1, 0xff, 0xff, 0xff, 0xff,
    0xbe, 0xa, 0x18, 0xe0, 0xff, 0xff, 0xf0, 0xc,
    0x64, 0xff, 0xff, 0xff, 0xff, 0xf3, 0xfa, 0xff,
    0xff, 0xff, 0xff, 0xff, 0xff, 0xf5, 0xfa, 0xff,
    0xff, 0xff, 0x8d, 0x0, 0x12, 0xf3, 0xff, 0xff,
    0xff, 0xff, 0xff, 0xff, 0xff, 0xb2, 0xf5, 0xff,
    0xff, 0xff, 0xff, 0xff, 0xff, 0xea, 0x16, 0x0,
    0x0, 0x5d, 0xfd, 0xff, 0xff, 0xff, 0xff, 0xff,
    0xd2, 0x13, 0x64, 0xfe, 0xff, 0xff, 0xff, 0xff,
    0xfc, 0x4e, 0x0, 0x0, 0x0, 0x0, 0x40, 0xba,
    0xf1, 0xf5, 0xd3, 0x7c, 0xc, 0x0, 0x0, 0x4a,
    0xc2, 0xf2, 0xf3, 0xbe, 0x41, 0x0, 0x0, 0x0,

    /* U+00E7 "ç" */
    0x0, 0x0, 0x0, 0x0, 0x0, 0x23, 0x7d, 0xc2,
    0xe4, 0xf9, 0xf5, 0xdb, 0xa8, 0x53, 0x2, 0x0,
    0x0, 0x0, 0x0, 0x0, 0x0, 0x7, 0x91, 0xfa,
    0xff, 0xff, 0xff, 0xff, 0xff, 0xff, 0xff, 0xff,
    0xd0, 0x27, 0x0, 0x0, 0x0, 0x0, 0xd, 0xbf,
    0xff, 0xff, 0xff, 0xff, 0xff, 0xff, 0xff, 0xff,
    0xff, 0xff, 0xff, 0xea, 0x24, 0x0, 0x0, 0x0,
    0xa5, 0xff, 0xff, 0xff, 0xff, 0xff, 0xff, 0xff,
    0xff, 0xff, 0xff, 0xff, 0xff, 0xff, 0xc7, 0x1,
    0x0, 0x4d, 0xff, 0xff, 0xff, 0xff, 0xff, 0xd5,
    0x78, 0x5a, 0x70, 0xb9, 0xfe, 0xff, 0xff, 0xff,
    0xfe, 0x3a, 0x0, 0xc4, 0xff, 0xff, 0xff, 0xff,
    0xaa, 0x5, 0x0, 0x0, 0x0, 0x0, 0x44, 0xf6,
    0xd6, 0x7b, 0x1f, 0x0, 0x1c, 0xff, 0xff, 0xff,
    0xff, 0xec, 0xf, 0x0, 0x0, 0x0, 0x0, 0x0,
    0x0, 0x18, 0x0, 0x0, 0x0, 0x0, 0x5a, 0xff,
    0xff, 0xff, 0xff, 0x98, 0x0, 0x0, 0x0, 0x0,
    0x0, 0x0, 0x0, 0x0, 0x0, 0x0, 0x0, 0x0,
    0x7d, 0xff, 0xff, 0xff, 0xff, 0x63, 0x0, 0x0,
    0x0, 0x0, 0x0, 0x0, 0x0, 0x0, 0x0, 0x0,
    0x0, 0x0, 0x8f, 0xff, 0xff, 0xff, 0xff, 0x4d,
    0x0, 0x0, 0x0, 0x0, 0x0, 0x0, 0x0, 0x0,
    0x0, 0x0, 0x0, 0x0, 0x8e, 0xff, 0xff, 0xff,
    0xff, 0x4e, 0x0, 0x0, 0x0, 0x0, 0x0, 0x0,
    0x0, 0x0, 0x0, 0x0, 0x0, 0x0, 0x7b, 0xff,
    0xff, 0xff, 0xff, 0x66, 0x0, 0x0, 0x0, 0x0,
    0x0, 0x0, 0x0, 0x0, 0x0, 0x0, 0x0, 0x0,
    0x54, 0xff, 0xff, 0xff, 0xff, 0x9e, 0x0, 0x0,
    0x0, 0x0, 0x0, 0x0, 0x0, 0x0, 0x0, 0x0,
    0x0, 0x0, 0x16, 0xff, 0xff, 0xff, 0xff, 0xf0,
    0x12, 0x0, 0x0, 0x0, 0x0, 0x0, 0x0, 0x15,
    0x0, 0x0, 0x0, 0x0, 0x0, 0xba, 0xff, 0xff,
    0xff, 0xff, 0xb0, 0x5, 0x0, 0x0, 0x0, 0x0,
    0x3d, 0xf5, 0xd2, 0x76, 0x1c, 0x0, 0x0, 0x42,
    0xff, 0xff, 0xff, 0xff, 0xff, 0xd6, 0x76, 0x56,
    0x69, 0xae, 0xfc, 0xff, 0xff, 0xff, 0xfd, 0x3a,
    0x0, 0x0, 0x98, 0xff, 0xff, 0xff, 0xff, 0xff,
    0xff, 0xff, 0xff, 0xff, 0xff, 0xff, 0xff, 0xff,
    0xc9, 0x1, 0x0, 0x0, 0x8, 0xb4, 0xff, 0xff,
    0xff, 0xff, 0xff, 0xff, 0xff, 0xff, 0xff, 0xff,
    0xff, 0xeb, 0x26, 0x0, 0x0, 0x0, 0x0, 0x4,
    0x87, 0xf8, 0xff, 0xff, 0xff, 0xff, 0xff, 0xff,
    0xff, 0xff, 0xd2, 0x29, 0x0, 0x0, 0x0, 0x0,
    0x0, 0x0, 0x0, 0x1e, 0x7a, 0xc1, 0xe4, 0xf9,
    0xf7, 0xde, 0xab, 0x56, 0x3, 0x0, 0x0, 0x0,
    0x0, 0x0, 0x0, 0x0, 0x0, 0x0, 0x0, 0x43,
    0x84, 0x46, 0xc, 0x0, 0x0, 0x0, 0x0, 0x0,
    0x0, 0x0, 0x0, 0x0, 0x0, 0x0, 0x0, 0x0,
    0x0, 0x8c, 0xff, 0xff, 0xfb, 0x9b, 0x0, 0x0,
    0x0, 0x0, 0x0, 0x0, 0x0, 0x0, 0x0, 0x0,
    0x0, 0x0, 0x0, 0xbe, 0xff, 0xff, 0xff, 0x7d,
    0x0, 0x0, 0x0, 0x0, 0x0, 0x0, 0x0, 0x0,
    0x0, 0x0, 0x0, 0x0, 0x0, 0xee, 0xff, 0xff,
    0xff, 0x31, 0x0, 0x0, 0x0, 0x0, 0x0, 0x0,
    0x0, 0x0, 0x0, 0x0, 0x0, 0x0, 0x21, 0xff,
    0xff, 0xff, 0xe5, 0x0, 0x0, 0x0, 0x0, 0x0,
    0x0, 0x0, 0x0, 0x0, 0x0, 0x0, 0x0, 0x0,
    0x52, 0xff, 0xff, 0xff, 0x9a, 0x0, 0x0, 0x0,
    0x0, 0x0, 0x0, 0x0, 0x0, 0x0, 0x0, 0x0,
    0x0, 0x0, 0x83, 0xff, 0xff, 0xff, 0x4f, 0x0,
    0x0, 0x0, 0x0, 0x0, 0x0, 0x0, 0x0, 0x0,
    0x0, 0x0, 0x0, 0x0, 0xb5, 0xff, 0xff, 0xf8,
    0xb, 0x0, 0x0, 0x0, 0x0, 0x0, 0x0, 0x0,
    0x0, 0x0, 0x0, 0x0, 0x0, 0x0, 0x44, 0x8c,
    0xca, 0xb4, 0x0, 0x0, 0x0, 0x0, 0x0, 0x0,
    0x0, 0x0, 0x0, 0x0, 0x0, 0x0, 0x0, 0x0,
    0x0, 0x0, 0x0, 0x1, 0x0, 0x0, 0x0, 0x0,
    0x0, 0x0, 0x0, 0x0,

    /* U+00E8 "è" */
    0x0, 0x0, 0x0, 0x6d, 0xff, 0xff, 0xff, 0xff,
    0xf5, 0x17, 0x0, 0x0, 0x0, 0x0, 0x0, 0x0,
    0x0, 0x0, 0x0, 0x0, 0x0, 0x1, 0xbb, 0xff,
    0xff, 0xff, 0xff, 0x8e, 0x0, 0x0, 0x0, 0x0,
    0x0, 0x0, 0x0, 0x0, 0x0, 0x0, 0x0, 0x0,
    0x1c, 0xf0, 0xff, 0xff, 0xff, 0xf6, 0x19, 0x0,
    0x0, 0x0, 0x0, 0x0, 0x0, 0x0, 0x0, 0x0,
    0x0, 0x0, 0x0, 0x5d, 0xff, 0xff, 0xff, 0xff,
    0x92, 0x0, 0x0, 0x0, 0x0, 0x0, 0x0, 0x0,
    0x0, 0x0, 0x0, 0x0, 0x0, 0x0, 0xad, 0xff,
    0xff, 0xff, 0xf8, 0x1b, 0x0, 0x0, 0x0, 0x0,
    0x0, 0x0, 0x0, 0x0, 0x0, 0x0, 0x0, 0x0,
    0x14, 0xe8, 0xff, 0xff, 0xff, 0x96, 0x0, 0x0,
    0x0, 0x0, 0x0, 0x0, 0x0, 0x0, 0x0, 0x0,
    0x0, 0x0, 0x0, 0x4e, 0xff, 0xff, 0xff, 0xf9,
    0x1e, 0x0, 0x0, 0x0, 0x0, 0x0, 0x0, 0x0,
    0x0, 0x0, 0x0, 0x0, 0x0, 0x0, 0x70, 0x94,
    0x94, 0x94, 0x48, 0x0, 0x0, 0x0, 0x0, 0x0,
    0x0, 0x0, 0x0, 0x0, 0x0, 0x0, 0x0, 0x0,
    0x0, 0x0, 0x0, 0x0, 0x0, 0x0, 0x0, 0x0,
    0x0, 0x0, 0x0, 0x0, 0x0, 0x0, 0x0, 0x0,
    0x0, 0x0, 0x0, 0x0, 0x0, 0x0, 0x0, 0x0,
    0x0, 0x0, 0x0, 0x0, 0x0, 0x0, 0x0, 0x0,
    0x0, 0x3e, 0x95, 0xd5, 0xee, 0xf8, 0xe4, 0xb8,
    0x6d, 0xc, 0x0, 0x0, 0x0, 0x0, 0x0, 0x0,
    0x0, 0x14, 0xb2, 0xff, 0xff, 0xff, 0xff, 0xff,
    0xff, 0xff, 0xff, 0xe9, 0x52, 0x0, 0x0, 0x0,
    0x0, 0x0, 0x1c, 0xd9, 0xff, 0xff, 0xff, 0xff,
    0xff, 0xff, 0xff, 0xff, 0xff, 0xff, 0xfe, 0x6b,
    0x0, 0x0, 0x0, 0x2, 0xc2, 0xff, 0xff, 0xff,
    0xff, 0xff, 0xff, 0xff, 0xff, 0xff, 0xff, 0xff,
    0xff, 0xfb, 0x3b, 0x0, 0x0, 0x63, 0xff, 0xff,
    0xff, 0xff, 0xf3, 0x82, 0x41, 0x3c, 0x6d, 0xde,
    0xff, 0xff, 0xff, 0xff, 0xc5, 0x0, 0x0, 0xd3,
    0xff, 0xff, 0xff, 0xfe, 0x40, 0x0, 0x0, 0x0,
    0x0, 0x10, 0xd8, 0xff, 0xff, 0xff, 0xff, 0x30,
    0x23, 0xff, 0xff, 0xff, 0xff, 0xa5, 0x0, 0x0,
    0x0, 0x0, 0x0, 0x0, 0x53, 0xff, 0xff, 0xff,
    0xff, 0x72, 0x5d, 0xff, 0xff, 0xff, 0xff, 0x4c,
    0x0, 0x0, 0x0, 0x0, 0x0, 0x0, 0x9, 0xfc,
    0xff, 0xff, 0xff, 0xa2, 0x7d, 0xff, 0xff, 0xff,
    0xff, 0xad, 0xa4, 0xa4, 0xa4, 0xa4, 0xa4, 0xa4,
    0xa4, 0xf7, 0xff, 0xff, 0xff, 0xb5, 0x8f, 0xff,
    0xff, 0xff, 0xff, 0xff, 0xff, 0xff, 0xff, 0xff,
    0xff, 0xff, 0xff, 0xff, 0xff, 0xff, 0xff, 0xc1,
    0x90, 0xff, 0xff, 0xff, 0xff, 0xff, 0xff, 0xff,
    0xff, 0xff, 0xff, 0xff, 0xff, 0xff, 0xff, 0xff,
    0xff, 0xb9, 0x7f, 0xff, 0xff, 0xff, 0xff, 0x33,
    0x0, 0x0, 0x0, 0x0, 0x0, 0x0, 0x0, 0x0,
    0x0, 0x0, 0x0, 0x0, 0x60, 0xff, 0xff, 0xff,
    0xff, 0x69, 0x0, 0x0, 0x0, 0x0, 0x0, 0x0,
    0x0, 0x0, 0x0, 0x0, 0x0, 0x0, 0x26, 0xff,
    0xff, 0xff, 0xff, 0xc9, 0x0, 0x0, 0x0, 0x0,
    0x0, 0x0, 0x0, 0x23, 0x1, 0x0, 0x0, 0x0,
    0x0, 0xd7, 0xff, 0xff, 0xff, 0xff, 0x7d, 0x0,
    0x0, 0x0, 0x0, 0x0, 0x3a, 0xf8, 0xe1, 0x84,
    0x25, 0x0, 0x0, 0x68, 0xff, 0xff, 0xff, 0xff,
    0xff, 0xbf, 0x6b, 0x54, 0x66, 0xa5, 0xfa, 0xff,
    0xff, 0xff, 0xff, 0x3b, 0x0, 0x4, 0xc7, 0xff,
    0xff, 0xff, 0xff, 0xff, 0xff, 0xff, 0xff, 0xff,
    0xff, 0xff, 0xff, 0xff, 0xc7, 0x1, 0x0, 0x0,
    0x1f, 0xdd, 0xff, 0xff, 0xff, 0xff, 0xff, 0xff,
    0xff, 0xff, 0xff, 0xff, 0xff, 0xe7, 0x23, 0x0,
    0x0, 0x0, 0x0, 0x17, 0xb4, 0xff, 0xff, 0xff,
    0xff, 0xff, 0xff, 0xff, 0xff, 0xff, 0xc0, 0x21,
    0x0, 0x0, 0x0, 0x0, 0x0, 0x0, 0x0, 0x3a,
    0x8f, 0xcf, 0xea, 0xfb, 0xf2, 0xd2, 0x97, 0x3f,
    0x0, 0x0, 0x0, 0x0,

    /* U+00E9 "é" */
    0x0, 0x0, 0x0, 0x0, 0x0, 0x0, 0x0, 0x0,
    0x0, 0xc5, 0xff, 0xff, 0xff, 0xff, 0xb3, 0x0,
    0x0, 0x0, 0x0, 0x0, 0x0, 0x0, 0x0, 0x0,
    0x0, 0x0, 0x47, 0xff, 0xff, 0xff, 0xff, 0xec,
    0x18, 0x0, 0x0, 0x0, 0x0, 0x0, 0x0, 0x0,
    0x0, 0x0, 0x0, 0x0, 0xc8, 0xff, 0xff, 0xff,
    0xff, 0x54, 0x0, 0x0, 0x0, 0x0, 0x0, 0x0,
    0x0, 0x0, 0x0, 0x0, 0x0, 0x4b, 0xff, 0xff,
    0xff, 0xff, 0xa4, 0x0, 0x0, 0x0, 0x0, 0x0,
    0x0, 0x0, 0x0, 0x0, 0x0, 0x0, 0x0, 0xcb,
    0xff, 0xff, 0xff, 0xe4, 0x10, 0x0, 0x0, 0x0,
    0x0, 0x0, 0x0, 0x0, 0x0, 0x0, 0x0, 0x0,
    0x4f, 0xff, 0xff, 0xff, 0xfe, 0x46, 0x0, 0x0,
    0x0, 0x0, 0x0, 0x0, 0x0, 0x0, 0x0, 0x0,
    0x0, 0x1, 0xcf, 0xff, 0xff, 0xff, 0x95, 0x0,
    0x0, 0x0, 0x0, 0x0, 0x0, 0x0, 0x0, 0x0,
    0x0, 0x0, 0x0, 0x1f, 0x94, 0x94, 0x94, 0x8f,
    0xa, 0x0, 0x0, 0x0, 0x0, 0x0, 0x0, 0x0,
    0x0, 0x0, 0x0, 0x0, 0x0, 0x0, 0x0, 0x0,
    0x0, 0x0, 0x0, 0x0, 0x0, 0x0, 0x0, 0x0,
    0x0, 0x0, 0x0, 0x0, 0x0, 0x0, 0x0, 0x0,
    0x0, 0x0, 0x0, 0x0, 0x0, 0x0, 0x0, 0x0,
    0x0, 0x0, 0x0, 0x0, 0x0, 0x0, 0x0, 0x0,
    0x0, 0x3e, 0x95, 0xd5, 0xee, 0xf8, 0xe4, 0xb8,
    0x6d, 0xc, 0x0, 0x0, 0x0, 0x0, 0x0, 0x0,
    0x0, 0x14, 0xb2, 0xff, 0xff, 0xff, 0xff, 0xff,
    0xff, 0xff, 0xff, 0xe9, 0x52, 0x0, 0x0, 0x0,
    0x0, 0x0, 0x1c, 0xd9, 0xff, 0xff, 0xff, 0xff,
    0xff, 0xff, 0xff, 0xff, 0xff, 0xff, 0xfe, 0x6b,
    0x0, 0x0, 0x0, 0x2, 0xc2, 0xff, 0xff, 0xff,
    0xff, 0xff, 0xff, 0xff, 0xff, 0xff, 0xff, 0xff,
    0xff, 0xfb, 0x3b, 0x0, 0x0, 0x63, 0xff, 0xff,
    0xff, 0xff, 0xf3, 0x82, 0x41, 0x3c, 0x6d, 0xde,
    0xff, 0xff, 0xff, 0xff, 0xc5, 0x0, 0x0, 0xd3,
    0xff, 0xff, 0xff, 0xfe, 0x40, 0x0, 0x0, 0x0,
    0x0, 0x10, 0xd8, 0xff, 0xff, 0xff, 0xff, 0x30,
    0x23, 0xff, 0xff, 0xff, 0xff, 0xa5, 0x0, 0x0,
    0x0, 0x0, 0x0, 0x0, 0x53, 0xff, 0xff, 0xff,
    0xff, 0x72, 0x5d, 0xff, 0xff, 0xff, 0xff, 0x4c,
    0x0, 0x0, 0x0, 0x0, 0x0, 0x0, 0x9, 0xfc,
    0xff, 0xff, 0xff, 0xa2, 0x7d, 0xff, 0xff, 0xff,
    0xff, 0xad, 0xa4, 0xa4, 0xa4, 0xa4, 0xa4, 0xa4,
    0xa4, 0xf7, 0xff, 0xff, 0xff, 0xb5, 0x8f, 0xff,
    0xff, 0xff, 0xff, 0xff, 0xff, 0xff, 0xff, 0xff,
    0xff, 0xff, 0xff, 0xff, 0xff, 0xff, 0xff, 0xc1,
    0x90, 0xff, 0xff, 0xff, 0xff, 0xff, 0xff, 0xff,
    0xff, 0xff, 0xff, 0xff, 0xff, 0xff, 0xff, 0xff,
    0xff, 0xb9, 0x7f, 0xff, 0xff, 0xff, 0xff, 0x33,
    0x0, 0x0, 0x0, 0x0, 0x0, 0x0, 0x0, 0x0,
    0x0, 0x0, 0x0, 0x0, 0x60, 0xff, 0xff, 0xff,
    0xff, 0x69, 0x0, 0x0, 0x0, 0x0, 0x0, 0x0,
    0x0, 0x0, 0x0, 0x0, 0x0, 0x0, 0x26, 0xff,
    0xff, 0xff, 0xff, 0xc9, 0x0, 0x0, 0x0, 0x0,
    0x0, 0x0, 0x0, 0x23, 0x1, 0x0, 0x0, 0x0,
    0x0, 0xd7, 0xff, 0xff, 0xff, 0xff, 0x7d, 0x0,
    0x0, 0x0, 0x0, 0x0, 0x3a, 0xf8, 0xe1, 0x84,
    0x25, 0x0, 0x0, 0x68, 0xff, 0xff, 0xff, 0xff,
    0xff, 0xbf, 0x6b, 0x54, 0x66, 0xa5, 0xfa, 0xff,
    0xff, 0xff, 0xff, 0x3b, 0x0, 0x4, 0xc7, 0xff,
    0xff, 0xff, 0xff, 0xff, 0xff, 0xff, 0xff, 0xff,
    0xff, 0xff, 0xff, 0xff, 0xc7, 0x1, 0x0, 0x0,
    0x1f, 0xdd, 0xff, 0xff, 0xff, 0xff, 0xff, 0xff,
    0xff, 0xff, 0xff, 0xff, 0xff, 0xe7, 0x23, 0x0,
    0x0, 0x0, 0x0, 0x17, 0xb4, 0xff, 0xff, 0xff,
    0xff, 0xff, 0xff, 0xff, 0xff, 0xff, 0xc0, 0x21,
    0x0, 0x0, 0x0, 0x0, 0x0, 0x0, 0x0, 0x3a,
    0x8f, 0xcf, 0xea, 0xfb, 0xf2, 0xd2, 0x97, 0x3f,
    0x0, 0x0, 0x0, 0x0,

    /* U+00EA "ê" */
    0x0, 0x0, 0x0, 0x0, 0x0, 0x6b, 0xff, 0xff,
    0xff, 0xff, 0xff, 0xff, 0xb2, 0x0, 0x0, 0x0,
    0x0, 0x0, 0x0, 0x0, 0x0, 0x0, 0x13, 0xed,
    0xff, 0xff, 0xff, 0xff, 0xff, 0xff, 0xff, 0x48,
    0x0, 0x0, 0x0, 0x0, 0x0, 0x0, 0x0, 0x0,
    0x97, 0xff, 0xff, 0xff, 0xfd, 0xf4, 0xff, 0xff,
    0xff, 0xd8, 0x5, 0x0, 0x0, 0x0, 0x0, 0x0,
    0x0, 0x2f, 0xfc, 0xff, 0xff, 0xff, 0x84, 0x59,
    0xff, 0xff, 0xff, 0xff, 0x74, 0x0, 0x0, 0x0,
    0x0, 0x0, 0x0, 0xc1, 0xff, 0xff, 0xff, 0xc7,
    0x4, 0x0, 0x9d, 0xff, 0xff, 0xff, 0xf1, 0x18,
    0x0, 0x0, 0x0, 0x0, 0x59, 0xff, 0xff, 0xff,
    0xf1, 0x22, 0x0, 0x0, 0xa, 0xd6, 0xff, 0xff,
    0xff, 0xa0, 0x0, 0x0, 0x0, 0xa, 0xe3, 0xff,
    0xff, 0xff, 0x5c, 0x0, 0x0, 0x0, 0x0, 0x2d,
    0xf7, 0xff, 0xff, 0xfe, 0x37, 0x0, 0x0, 0x2f,
    0x80, 0x80, 0x80, 0x69, 0x0, 0x0, 0x0, 0x0,
    0x0, 0x0, 0x4b, 0x80, 0x80, 0x80, 0x53, 0x0,
    0x0, 0x0, 0x0, 0x0, 0x0, 0x0, 0x0, 0x0,
    0x0, 0x0, 0x0, 0x0, 0x0, 0x0, 0x0, 0x0,
    0x0, 0x0, 0x0, 0x0, 0x0, 0x0, 0x0, 0x0,
    0x0, 0x0, 0x0, 0x0, 0x0, 0x0, 0x0, 0x0,
    0x0, 0x0, 0x0, 0x0, 0x0, 0x0, 0x0, 0x0,
    0x0, 0x3e, 0x95, 0xd5, 0xee, 0xf8, 0xe4, 0xb8,
    0x6d, 0xc, 0x0, 0x0, 0x0, 0x0, 0x0, 0x0,
    0x0, 0x14, 0xb2, 0xff, 0xff, 0xff, 0xff, 0xff,
    0xff, 0xff, 0xff, 0xe9, 0x52, 0x0, 0x0, 0x0,
    0x0, 0x0, 0x1c, 0xd9, 0xff, 0xff, 0xff, 0xff,
    0xff, 0xff, 0xff, 0xff, 0xff, 0xff, 0xfe, 0x6b,
    0x0, 0x0, 0x0, 0x2, 0xc2, 0xff, 0xff, 0xff,
    0xff, 0xff, 0xff, 0xff, 0xff, 0xff, 0xff, 0xff,
    0xff, 0xfb, 0x3b, 0x0, 0x0, 0x63, 0xff, 0xff,
    0xff, 0xff, 0xf3, 0x82, 0x41, 0x3c, 0x6d, 0xde,
    0xff, 0xff, 0xff, 0xff, 0xc5, 0x0, 0x0, 0xd3,
    0xff, 0xff, 0xff, 0xfe, 0x40, 0x0, 0x0, 0x0,
    0x0, 0x10, 0xd8, 0xff, 0xff, 0xff, 0xff, 0x30,
    0x23, 0xff, 0xff, 0xff, 0xff, 0xa5, 0x0, 0x0,
    0x0, 0x0, 0x0, 0x0, 0x53, 0xff, 0xff, 0xff,
    0xff, 0x72, 0x5d, 0xff, 0xff, 0xff, 0xff, 0x4c,
    0x0, 0x0, 0x0, 0x0, 0x0, 0x0, 0x9, 0xfc,
    0xff, 0xff, 0xff, 0xa2, 0x7d, 0xff, 0xff, 0xff,
    0xff, 0xad, 0xa4, 0xa4, 0xa4, 0xa4, 0xa4, 0xa4,
    0xa4, 0xf7, 0xff, 0xff, 0xff, 0xb5, 0x8f, 0xff,
    0xff, 0xff, 0xff, 0xff, 0xff, 0xff, 0xff, 0xff,
    0xff, 0xff, 0xff, 0xff, 0xff, 0xff, 0xff, 0xc1,
    0x90, 0xff, 0xff, 0xff, 0xff, 0xff, 0xff, 0xff,
    0xff, 0xff, 0xff, 0xff, 0xff, 0xff, 0xff, 0xff,
    0xff, 0xb9, 0x7f, 0xff, 0xff, 0xff, 0xff, 0x33,
    0x0, 0x0, 0x0, 0x0, 0x0, 0x0, 0x0, 0x0,
    0x0, 0x0, 0x0, 0x0, 0x60, 0xff, 0xff, 0xff,
    0xff, 0x69, 0x0, 0x0, 0x0, 0x0, 0x0, 0x0,
    0x0, 0x0, 0x0, 0x0, 0x0, 0x0, 0x26, 0xff,
    0xff, 0xff, 0xff, 0xc9, 0x0, 0x0, 0x0, 0x0,
    0x0, 0x0, 0x0, 0x23, 0x1, 0x0, 0x0, 0x0,
    0x0, 0xd7, 0xff, 0xff, 0xff, 0xff, 0x7d, 0x0,
    0x0, 0x0, 0x0, 0x0, 0x3a, 0xf8, 0xe1, 0x84,
    0x25, 0x0, 0x0, 0x68, 0xff, 0xff, 0xff, 0xff,
    0xff, 0xbf, 0x6b, 0x54, 0x66, 0xa5, 0xfa, 0xff,
    0xff, 0xff, 0xff, 0x3b, 0x0, 0x4, 0xc7, 0xff,
    0xff, 0xff, 0xff, 0xff, 0xff, 0xff, 0xff, 0xff,
    0xff, 0xff, 0xff, 0xff, 0xc7, 0x1, 0x0, 0x0,
    0x1f, 0xdd, 0xff, 0xff, 0xff, 0xff, 0xff, 0xff,
    0xff, 0xff, 0xff, 0xff, 0xff, 0xe7, 0x23, 0x0,
    0x0, 0x0, 0x0, 0x17, 0xb4, 0xff, 0xff, 0xff,
    0xff, 0xff, 0xff, 0xff, 0xff, 0xff, 0xc0, 0x21,
    0x0, 0x0, 0x0, 0x0, 0x0, 0x0, 0x0, 0x3a,
    0x8f, 0xcf, 0xea, 0xfb, 0xf2, 0xd2, 0x97, 0x3f,
    0x0, 0x0, 0x0, 0x0,

    /* U+00EB "ë" */
    0x0, 0x0, 0x54, 0xd7, 0xf3, 0xc0, 0x28, 0x0,
    0x0, 0x0, 0x0, 0xa, 0x98, 0xea, 0xe6, 0x8b,
    0x5, 0x0, 0x0, 0x2c, 0xfc, 0xff, 0xff, 0xff,
    0xd9, 0x5, 0x0, 0x0, 0x0, 0x8d, 0xff, 0xff,
    0xff, 0xff, 0x76, 0x0, 0x0, 0x7a, 0xff, 0xff,
    0xff, 0xff, 0xff, 0x30, 0x0, 0x0, 0x0, 0xde,
    0xff, 0xff, 0xff, 0xff, 0xc8, 0x0, 0x0, 0x7e,
    0xff, 0xff, 0xff, 0xff, 0xff, 0x35, 0x0, 0x0,
    0x0, 0xe2, 0xff, 0xff, 0xff, 0xff, 0xcd, 0x0,
    0x0, 0x37, 0xff, 0xff, 0xff, 0xff, 0xe4, 0x8,
    0x0, 0x0, 0x0, 0x9a, 0xff, 0xff, 0xff, 0xff,
    0x84, 0x0, 0x0, 0x0, 0x67, 0xe6, 0xfd, 0xd0,
    0x35, 0x0, 0x0, 0x0, 0x0, 0x11, 0xaa, 0xf6,
    0xf3, 0x9d, 0x9, 0x0, 0x0, 0x0, 0x0, 0x0,
    0x3, 0x0, 0x0, 0x0, 0x0, 0x0, 0x0, 0x0,
    0x0, 0x2, 0x1, 0x0, 0x0, 0x0, 0x0, 0x0,
    0x0, 0x0, 0x0, 0x0, 0x0, 0x0, 0x0, 0x0,
    0x0, 0x0, 0x0, 0x0, 0x0, 0x0, 0x0, 0x0,
    0x0, 0x0, 0x0, 0x0, 0x0, 0x3e, 0x95, 0xd5,
    0xee, 0xf8, 0xe4, 0xb8, 0x6d, 0xc, 0x0, 0x0,
    0x0, 0x0, 0x0, 0x0, 0x0, 0x14, 0xb2, 0xff,
    0xff, 0xff, 0xff, 0xff, 0xff, 0xff, 0xff, 0xe9,
    0x52, 0x0, 0x0, 0x0, 0x0, 0x0, 0x1c, 0xd9,
    0xff, 0xff, 0xff, 0xff, 0xff, 0xff, 0xff, 0xff,
    0xff, 0xff, 0xfe, 0x6b, 0x0, 0x0, 0x0, 0x2,
    0xc2, 0xff, 0xff, 0xff, 0xff, 0xff, 0xff, 0xff,
    0xff, 0xff, 0xff, 0xff, 0xff, 0xfb, 0x3b, 0x0,
    0x0, 0x63, 0xff, 0xff, 0xff, 0xff, 0xf3, 0x82,
    0x41, 0x3c, 0x6d, 0xde, 0xff, 0xff, 0xff, 0xff,
    0xc5, 0x0, 0x0, 0xd3, 0xff, 0xff, 0xff, 0xfe,
    0x40, 0x0, 0x0, 0x0, 0x0, 0x10, 0xd8, 0xff,
    0xff, 0xff, 0xff, 0x30, 0x23, 0xff, 0xff, 0xff,
    0xff, 0xa5, 0x0, 0x0, 0x0, 0x0, 0x0, 0x0,
    0x53, 0xff, 0xff, 0xff, 0xff, 0x72, 0x5d, 0xff,
    0xff, 0xff, 0xff, 0x4c, 0x0, 0x0, 0x0, 0x0,
    0x0, 0x0, 0x9, 0xfc, 0xff, 0xff, 0xff, 0xa2,
    0x7d, 0xff, 0xff, 0xff, 0xff, 0xad, 0xa4, 0xa4,
    0xa4, 0xa4, 0xa4, 0xa4, 0xa4, 0xf7, 0xff, 0xff,
    0xff, 0xb5, 0x8f, 0xff, 0xff, 0xff, 0xff, 0xff,
    0xff, 0xff, 0xff, 0xff, 0xff, 0xff, 0xff, 0xff,
    0xff, 0xff, 0xff, 0xc1, 0x90, 0xff, 0xff, 0xff,
    0xff, 0xff, 0xff, 0xff, 0xff, 0xff, 0xff, 0xff,
    0xff, 0xff, 0xff, 0xff, 0xff, 0xb9, 0x7f, 0xff,
    0xff, 0xff, 0xff, 0x33, 0x0, 0x0, 0x0, 0x0,
    0x0, 0x0, 0x0, 0x0, 0x0, 0x0, 0x0, 0x0,
    0x60, 0xff, 0xff, 0xff, 0xff, 0x69, 0x0, 0x0,
    0x0, 0x0, 0x0, 0x0, 0x0, 0x0, 0x0, 0x0,
    0x0, 0x0, 0x26, 0xff, 0xff, 0xff, 0xff, 0xc9,
    0x0, 0x0, 0x0, 0x0, 0x0, 0x0, 0x0, 0x23,
    0x1, 0x0, 0x0, 0x0, 0x0, 0xd7, 0xff, 0xff,
    0xff, 0xff, 0x7d, 0x0, 0x0, 0x0, 0x0, 0x0,
    0x3a, 0xf8, 0xe1, 0x84, 0x25, 0x0, 0x0, 0x68,
    0xff, 0xff, 0xff, 0xff, 0xff, 0xbf, 0x6b, 0x54,
    0x66, 0xa5, 0xfa, 0xff, 0xff, 0xff, 0xff, 0x3b,
    0x0, 0x4, 0xc7, 0xff, 0xff, 0xff, 0xff, 0xff,
    0xff, 0xff, 0xff, 0xff, 0xff, 0xff, 0xff, 0xff,
    0xc7, 0x1, 0x0, 0x0, 0x1f, 0xdd, 0xff, 0xff,
    0xff, 0xff, 0xff, 0xff, 0xff, 0xff, 0xff, 0xff,
    0xff, 0xe7, 0x23, 0x0, 0x0, 0x0, 0x0, 0x17,
    0xb4, 0xff, 0xff, 0xff, 0xff, 0xff, 0xff, 0xff,
    0xff, 0xff, 0xc0, 0x21, 0x0, 0x0, 0x0, 0x0,
    0x0, 0x0, 0x0, 0x3a, 0x8f, 0xcf, 0xea, 0xfb,
    0xf2, 0xd2, 0x97, 0x3f, 0x0, 0x0, 0x0, 0x0,

    /* U+00ED "í" */
    0x0, 0x0, 0x0, 0x0, 0x0, 0x0, 0x0, 0x7b,
    0x94, 0x94, 0x94, 0x94, 0x64, 0x0, 0x0, 0x0,
    0x0, 0x0, 0x0, 0x0, 0x3b, 0xff, 0xff, 0xff,
    0xff, 0xf8, 0x2a, 0x0, 0x0, 0x0, 0x0, 0x0,
    0x0, 0x0, 0xbd, 0xff, 0xff, 0xff, 0xff, 0x73,
    0x0, 0x0, 0x0, 0x0, 0x0, 0x0, 0x0, 0x3e,
    0xff, 0xff, 0xff, 0xff, 0xc2, 0x2, 0x0, 0x0,
    0x0, 0x0, 0x0, 0x0, 0x0, 0xbf, 0xff, 0xff,
    0xff, 0xf3, 0x21, 0x0, 0x0, 0x0, 0x0, 0x0,
    0x0, 0x0, 0x41, 0xff, 0xff, 0xff, 0xff, 0x65,
    0x0, 0x0, 0x0, 0x0, 0x0, 0x0, 0x0, 0x0,
    0xc2, 0xff, 0xff, 0xff, 0xb6, 0x0, 0x0, 0x0,
    0x0, 0x0, 0x0, 0x0, 0x0, 0x43, 0xff, 0xff,
    0xff, 0xed, 0x19, 0x0, 0x0, 0x0, 0x0, 0x0,
    0x0, 0x0, 0x0, 0x0, 0x0, 0x0, 0x0, 0x0,
    0x0, 0x0, 0x0, 0x0, 0x0, 0x0, 0x0, 0x0,
    0x0, 0x0, 0x0, 0x0, 0x0, 0x0, 0x0, 0x0,
    0x0, 0x0, 0x0, 0x0, 0x5c, 0xff, 0xff, 0xff,
    0xff, 0xff, 0xff, 0xff, 0xff, 0x90, 0x0, 0x0,
    0x0, 0x0, 0x5c, 0xff, 0xff, 0xff, 0xff, 0xff,
    0xff, 0xff, 0xff, 0x90, 0x0, 0x0, 0x0, 0x0,
    0x5c, 0xff, 0xff, 0xff, 0xff, 0xff, 0xff, 0xff,
    0xff, 0x90, 0x0, 0x0, 0x0, 0x0, 0x5c, 0xff,
    0xff, 0xff, 0xff, 0xff, 0xff, 0xff, 0xff, 0x90,
    0x0, 0x0, 0x0, 0x0, 0x2f, 0x84, 0x84, 0x84,
    0xa6, 0xff, 0xff, 0xff, 0xff, 0x90, 0x0, 0x0,
    0x0, 0x0, 0x0, 0x0, 0x0, 0x0, 0x48, 0xff,
    0xff, 0xff, 0xff, 0x90, 0x0, 0x0, 0x0, 0x0,
    0x0, 0x0, 0x0, 0x0, 0x48, 0xff, 0xff, 0xff,
    0xff, 0x90, 0x0, 0x0, 0x0, 0x0, 0x0, 0x0,
    0x0, 0x0, 0x48, 0xff, 0xff, 0xff, 0xff, 0x90,
    0x0, 0x0, 0x0, 0x0, 0x0, 0x0, 0x0, 0x0,
    0x48, 0xff, 0xff, 0xff, 0xff, 0x90, 0x0, 0x0,
    0x0, 0x0, 0x0, 0x0, 0x0, 0x0, 0x48, 0xff,
    0xff, 0xff, 0xff, 0x90, 0x0, 0x0, 0x0, 0x0,
    0x0, 0x0, 0x0, 0x0, 0x48, 0xff, 0xff, 0xff,
    0xff, 0x90, 0x0, 0x0, 0x0, 0x0, 0x0, 0x0,
    0x0, 0x0, 0x48, 0xff, 0xff, 0xff, 0xff, 0x90,
    0x0, 0x0, 0x0, 0x0, 0x0, 0x0, 0x0, 0x0,
    0x48, 0xff, 0xff, 0xff, 0xff, 0x90, 0x0, 0x0,
    0x0, 0x0, 0x0, 0x0, 0x0, 0x0, 0x48, 0xff,
    0xff, 0xff, 0xff, 0x90, 0x0, 0x0, 0x0, 0x0,
    0x0, 0x0, 0x0, 0x0, 0x48, 0xff, 0xff, 0xff,
    0xff, 0x90, 0x0, 0x0, 0x0, 0x0, 0x2f, 0x84,
    0x84, 0x84, 0xa6, 0xff, 0xff, 0xff, 0xff, 0xc9,
    0x84, 0x84, 0x84, 0x2f, 0x5c, 0xff, 0xff, 0xff,
    0xff, 0xff, 0xff, 0xff, 0xff, 0xff, 0xff, 0xff,
    0xff, 0x5c, 0x5c, 0xff, 0xff, 0xff, 0xff, 0xff,
    0xff, 0xff, 0xff, 0xff, 0xff, 0xff, 0xff, 0x5c,
    0x5c, 0xff, 0xff, 0xff, 0xff, 0xff, 0xff, 0xff,
    0xff, 0xff, 0xff, 0xff, 0xff, 0x5c, 0x5c, 0xff,
    0xff, 0xff, 0xff, 0xff, 0xff, 0xff, 0xff, 0xff,
    0xff, 0xff, 0xff, 0x5c,

    /* U+00EE "î" */
    0x0, 0x0, 0x0, 0x0, 0x0, 0x73, 0x80, 0x80,
    0x80, 0x80, 0x80, 0x73, 0x0, 0x0, 0x0, 0x0,
    0x0, 0x0, 0x0, 0x0, 0x0, 0x5a, 0xff, 0xff,
    0xff, 0xff, 0xff, 0xff, 0xff, 0x59, 0x0, 0x0,
    0x0, 0x0, 0x0, 0x0, 0x0, 0xb, 0xe4, 0xff,
    0xff, 0xff, 0xff, 0xff, 0xff, 0xff, 0xe3, 0xb,
    0x0, 0x0, 0x0, 0x0, 0x0, 0x0, 0x86, 0xff,
    0xff, 0xff, 0xfd, 0x91, 0xff, 0xff, 0xff, 0xff,
    0x85, 0x0, 0x0, 0x0, 0x0, 0x0, 0x23, 0xf8,
    0xff, 0xff, 0xff, 0x84, 0x0, 0x9f, 0xff, 0xff,
    0xff, 0xf8, 0x22, 0x0, 0x0, 0x0, 0x0, 0xb2,
    0xff, 0xff, 0xff, 0xc7, 0x4, 0x0, 0xb, 0xd7,
    0xff, 0xff, 0xff, 0xb1, 0x0, 0x0, 0x0, 0x47,
    0xff, 0xff, 0xff, 0xf1, 0x22, 0x0, 0x0, 0x0,
    0x2f, 0xf7, 0xff, 0xff, 0xff, 0x47, 0x0, 0x5,
    0xd7, 0xff, 0xff, 0xff, 0x5c, 0x0, 0x0, 0x0,
    0x0, 0x0, 0x6a, 0xff, 0xff, 0xff, 0xd7, 0x5,
    0x0, 0x0, 0x0, 0x0, 0x0, 0x0, 0x0, 0x0,
    0x0, 0x0, 0x0, 0x0, 0x0, 0x0, 0x0, 0x0,
    0x0, 0x0, 0x0, 0x0, 0x0, 0x0, 0x0, 0x0,
    0x0, 0x0, 0x0, 0x0, 0x0, 0x0, 0x0, 0x0,
    0x0, 0x0, 0x0, 0x0, 0x5c, 0xff, 0xff, 0xff,
    0xff, 0xff, 0xff, 0xff, 0xff, 0x90, 0x0, 0x0,
    0x0, 0x0, 0x0, 0x0, 0x0, 0x5c, 0xff, 0xff,
    0xff, 0xff, 0xff, 0xff, 0xff, 0xff, 0x90, 0x0,
    0x0, 0x0, 0x0, 0x0, 0x0, 0x0, 0x5c, 0xff,
    0xff, 0xff, 0xff, 0xff, 0xff, 0xff, 0xff, 0x90,
    0x0, 0x0, 0x0, 0x0, 0x0, 0x0, 0x0, 0x5c,
    0xff, 0xff, 0xff, 0xff, 0xff, 0xff, 0xff, 0xff,
    0x90, 0x0, 0x0, 0x0, 0x0, 0x0, 0x0, 0x0,
    0x2f, 0x84, 0x84, 0x84, 0xa6, 0xff, 0xff, 0xff,
    0xff, 0x90, 0x0, 0x0, 0x0, 0x0, 0x0, 0x0,
    0x0, 0x0, 0x0, 0x0, 0x0, 0x48, 0xff, 0xff,
    0xff, 0xff, 0x90, 0x0, 0x0, 0x0, 0x0, 0x0,
    0x0, 0x0, 0x0, 0x0, 0x0, 0x0, 0x48, 0xff,
    0xff, 0xff, 0xff, 0x90, 0x0, 0x0, 0x0, 0x0,
    0x0, 0x0, 0x0, 0x0, 0x0, 0x0, 0x0, 0x48,
    0xff, 0xff, 0xff, 0xff, 0x90, 0x0, 0x0, 0x0,
    0x0, 0x0, 0x0, 0x0, 0x0, 0x0, 0x0, 0x0,
    0x48, 0xff, 0xff, 0xff, 0xff, 0x90, 0x0, 0x0,
    0x0, 0x0, 0x0, 0x0, 0x0, 0x0, 0x0, 0x0,
    0x0, 0x48, 0xff, 0xff, 0xff, 0xff, 0x90, 0x0,
    0x0, 0x0, 0x0, 0x0, 0x0, 0x0, 0x0, 0x0,
    0x0, 0x0, 0x48, 0xff, 0xff, 0xff, 0xff, 0x90,
    0x0, 0x0, 0x0, 0x0, 0x0, 0x0, 0x0, 0x0,
    0x0, 0x0, 0x0, 0x48, 0xff, 0xff, 0xff, 0xff,
    0x90, 0x0, 0x0, 0x0, 0x0, 0x0, 0x0, 0x0,
    0x0, 0x0, 0x0, 0x0, 0x48, 0xff, 0xff, 0xff,
    0xff, 0x90, 0x0, 0x0, 0x0, 0x0, 0x0, 0x0,
    0x0, 0x0, 0x0, 0x0, 0x0, 0x48, 0xff, 0xff,
    0xff, 0xff, 0x90, 0x0, 0x0, 0x0, 0x0, 0x0,
    0x0, 0x0, 0x0, 0x0, 0x0, 0x0, 0x48, 0xff,
    0xff, 0xff, 0xff, 0x90, 0x0, 0x0, 0x0, 0x0,
    0x0, 0x0, 0x0, 0x2f, 0x84, 0x84, 0x84, 0xa6,
    0xff, 0xff, 0xff, 0xff, 0xc9, 0x84, 0x84, 0x84,
    0x2f, 0x0, 0x0, 0x0, 0x5c, 0xff, 0xff, 0xff,
    0xff, 0xff, 0xff, 0xff, 0xff, 0xff, 0xff, 0xff,
    0xff, 0x5c, 0x0, 0x0, 0x0, 0x5c, 0xff, 0xff,
    0xff, 0xff, 0xff, 0xff, 0xff, 0xff, 0xff, 0xff,
    0xff, 0xff, 0x5c, 0x0, 0x0, 0x0, 0x5c, 0xff,
    0xff, 0xff, 0xff, 0xff, 0xff, 0xff, 0xff, 0xff,
    0xff, 0xff, 0xff, 0x5c, 0x0, 0x0, 0x0, 0x5c,
    0xff, 0xff, 0xff, 0xff, 0xff, 0xff, 0xff, 0xff,
    0xff, 0xff, 0xff, 0xff, 0x5c, 0x0,

    /* U+00EF "ï" */
    0x0, 0x16, 0xad, 0xf0, 0xdf, 0x70, 0x0, 0x0,
    0x0, 0x0, 0x0, 0x4c, 0xd4, 0xf3, 0xc3, 0x2c,
    0x0, 0x0, 0xb6, 0xff, 0xff, 0xff, 0xff, 0x4e,
    0x0, 0x0, 0x0, 0x23, 0xf9, 0xff, 0xff, 0xff,
    0xde, 0x7, 0xa, 0xfe, 0xff, 0xff, 0xff, 0xff,
    0xa0, 0x0, 0x0, 0x0, 0x6e, 0xff, 0xff, 0xff,
    0xff, 0xff, 0x38, 0xe, 0xff, 0xff, 0xff, 0xff,
    0xff, 0xa5, 0x0, 0x0, 0x0, 0x72, 0xff, 0xff,
    0xff, 0xff, 0xff, 0x3d, 0x0, 0xc5, 0xff, 0xff,
    0xff, 0xff, 0x5c, 0x0, 0x0, 0x0, 0x2d, 0xfd,
    0xff, 0xff, 0xff, 0xe8, 0xc, 0x0, 0x21, 0xbe,
    0xfa, 0xed, 0x83, 0x1, 0x0, 0x0, 0x0, 0x0,
    0x5e, 0xe3, 0xfd, 0xd2, 0x3a, 0x0, 0x0, 0x0,
    0x0, 0x3, 0x0, 0x0, 0x0, 0x0, 0x0, 0x0,
    0x0, 0x0, 0x0, 0x3, 0x0, 0x0, 0x0, 0x0,
    0x0, 0x0, 0x0, 0x0, 0x0, 0x0, 0x0, 0x0,
    0x0, 0x0, 0x0, 0x0, 0x0, 0x0, 0x0, 0x0,
    0x0, 0x0, 0x5c, 0xff, 0xff, 0xff, 0xff, 0xff,
    0xff, 0xff, 0xff, 0x90, 0x0, 0x0, 0x0, 0x0,
    0x0, 0x0, 0x0, 0x5c, 0xff, 0xff, 0xff, 0xff,
    0xff, 0xff, 0xff, 0xff, 0x90, 0x0, 0x0, 0x0,
    0x0, 0x0, 0x0, 0x0, 0x5c, 0xff, 0xff, 0xff,
    0xff, 0xff, 0xff, 0xff, 0xff, 0x90, 0x0, 0x0,
    0x0, 0x0, 0x0, 0x0, 0x0, 0x5c, 0xff, 0xff,
    0xff, 0xff, 0xff, 0xff, 0xff, 0xff, 0x90, 0x0,
    0x0, 0x0, 0x0, 0x0, 0x0, 0x0, 0x2f, 0x84,
    0x84, 0x84, 0xa6, 0xff, 0xff, 0xff, 0xff, 0x90,
    0x0, 0x0, 0x0, 0x0, 0x0, 0x0, 0x0, 0x0,
    0x0, 0x0, 0x0, 0x48, 0xff, 0xff, 0xff, 0xff,
    0x90, 0x0, 0x0, 0x0, 0x0, 0x0, 0x0, 0x0,
    0x0, 0x0, 0x0, 0x0, 0x48, 0xff, 0xff, 0xff,
    0xff, 0x90, 0x0, 0x0, 0x0, 0x0, 0x0, 0x0,
    0x0, 0x0, 0x0, 0x0, 0x0, 0x48, 0xff, 0xff,
    0xff, 0xff, 0x90, 0x0, 0x0, 0x0, 0x0, 0x0,
    0x0, 0x0, 0x0, 0x0, 0x0, 0x0, 0x48, 0xff,
    0xff, 0xff, 0xff, 0x90, 0x0, 0x0, 0x0, 0x0,
    0x0, 0x0, 0x0, 0x0, 0x0, 0x0, 0x0, 0x48,
    0xff, 0xff, 0xff, 0xff, 0x90, 0x0, 0x0, 0x0,
    0x0, 0x0, 0x0, 0x0, 0x0, 0x0, 0x0, 0x0,
    0x48, 0xff, 0xff, 0xff, 0xff, 0x90, 0x0, 0x0,
    0x0, 0x0, 0x0, 0x0, 0x0, 0x0, 0x0, 0x0,
    0x0, 0x48, 0xff, 0xff, 0xff, 0xff, 0x90, 0x0,
    0x0, 0x0, 0x0, 0x0, 0x0, 0x0, 0x0, 0x0,
    0x0, 0x0, 0x48, 0xff, 0xff, 0xff, 0xff, 0x90,
    0x0, 0x0, 0x0, 0x0, 0x0, 0x0, 0x0, 0x0,
    0x0, 0x0, 0x0, 0x48, 0xff, 0xff, 0xff, 0xff,
    0x90, 0x0, 0x0, 0x0, 0x0, 0x0, 0x0, 0x0,
    0x0, 0x0, 0x0, 0x0, 0x48, 0xff, 0xff, 0xff,
    0xff, 0x90, 0x0, 0x0, 0x0, 0x0, 0x0, 0x0,
    0x0, 0x2f, 0x84, 0x84, 0x84, 0xa6, 0xff, 0xff,
    0xff, 0xff, 0xc9, 0x84, 0x84, 0x84, 0x2f, 0x0,
    0x0, 0x0, 0x5c, 0xff, 0xff, 0xff, 0xff, 0xff,
    0xff, 0xff, 0xff, 0xff, 0xff, 0xff, 0xff, 0x5c,
    0x0, 0x0, 0x0, 0x5c, 0xff, 0xff, 0xff, 0xff,
    0xff, 0xff, 0xff, 0xff, 0xff, 0xff, 0xff, 0xff,
    0x5c, 0x0, 0x0, 0x0, 0x5c, 0xff, 0xff, 0xff,
    0xff, 0xff, 0xff, 0xff, 0xff, 0xff, 0xff, 0xff,
    0xff, 0x5c, 0x0, 0x0, 0x0, 0x5c, 0xff, 0xff,
    0xff, 0xff, 0xff, 0xff, 0xff, 0xff, 0xff, 0xff,
    0xff, 0xff, 0x5c, 0x0,

    /* U+00F1 "ñ" */
    0x0, 0x31, 0xa2, 0xe0, 0xf8, 0xe8, 0xc5, 0x7d,
    0x28, 0x0, 0x0, 0x0, 0x0, 0x0, 0x0, 0x0,
    0x15, 0x51, 0x61, 0xfd, 0xff, 0xff, 0xff, 0xff,
    0xff, 0xff, 0xff, 0xd3, 0x7d, 0x37, 0x13, 0xa,
    0x32, 0x86, 0xf0, 0x98, 0xa4, 0xff, 0xff, 0xff,
    0xff, 0xff, 0xff, 0xff, 0xff, 0xff, 0xff, 0xff,
    0xff, 0xff, 0xff, 0xff, 0xff, 0x98, 0xa4, 0xff,
    0xff, 0xff, 0xed, 0xf8, 0xff, 0xff, 0xff, 0xff,
    0xff, 0xff, 0xff, 0xff, 0xff, 0xff, 0xff, 0x98,
    0xa4, 0xda, 0x65, 0x14, 0x0, 0x1, 0x1d, 0x65,
    0xba, 0xfb, 0xff, 0xff, 0xff, 0xff, 0xff, 0xff,
    0xf2, 0x46, 0x41, 0x6, 0x0, 0x0, 0x0, 0x0,
    0x0, 0x0, 0x0, 0x13, 0x64, 0xa8, 0xcb, 0xd8,
    0xc0, 0x80, 0x17, 0x0, 0x0, 0x0, 0x0, 0x0,
    0x0, 0x0, 0x0, 0x0, 0x0, 0x0, 0x0, 0x0,
    0x0, 0x0, 0x0, 0x0, 0x0, 0x0, 0x0, 0x0,
    0x0, 0x0, 0x0, 0x0, 0x0, 0x0, 0x0, 0x0,
    0x0, 0x0, 0x0, 0x0, 0x0, 0x0, 0x0, 0x0,
    0x0, 0xff, 0xff, 0xff, 0xff, 0xb8, 0x5, 0x5c,
    0xaf, 0xe1, 0xf5, 0xf8, 0xe5, 0xb2, 0x55, 0x1,
    0x0, 0x0, 0x0, 0xff, 0xff, 0xff, 0xff, 0xd0,
    0xcf, 0xff, 0xff, 0xff, 0xff, 0xff, 0xff, 0xff,
    0xff, 0xb1, 0x5, 0x0, 0x0, 0xff, 0xff, 0xff,
    0xff, 0xff, 0xff, 0xff, 0xff, 0xff, 0xff, 0xff,
    0xff, 0xff, 0xff, 0xff, 0x84, 0x0, 0x0, 0xff,
    0xff, 0xff, 0xff, 0xff, 0xff, 0xff, 0xff, 0xfe,
    0xff, 0xff, 0xff, 0xff, 0xff, 0xff, 0xf0, 0x9,
    0x0, 0xff, 0xff, 0xff, 0xff, 0xff, 0xff, 0xc9,
    0x43, 0x8, 0x16, 0x87, 0xff, 0xff, 0xff, 0xff,
    0xff, 0x3e, 0x0, 0xff, 0xff, 0xff, 0xff, 0xff,
    0xb5, 0x7, 0x0, 0x0, 0x0, 0x0, 0xc8, 0xff,
    0xff, 0xff, 0xff, 0x66, 0x0, 0xff, 0xff, 0xff,
    0xff, 0xef, 0x10, 0x0, 0x0, 0x0, 0x0, 0x0,
    0x84, 0xff, 0xff, 0xff, 0xff, 0x75, 0x0, 0xff,
    0xff, 0xff, 0xff, 0xe0, 0x0, 0x0, 0x0, 0x0,
    0x0, 0x0, 0x6b, 0xff, 0xff, 0xff, 0xff, 0x7c,
    0x0, 0xff, 0xff, 0xff, 0xff, 0xe0, 0x0, 0x0,
    0x0, 0x0, 0x0, 0x0, 0x68, 0xff, 0xff, 0xff,
    0xff, 0x7c, 0x0, 0xff, 0xff, 0xff, 0xff, 0xe0,
    0x0, 0x0, 0x0, 0x0, 0x0, 0x0, 0x68, 0xff,
    0xff, 0xff, 0xff, 0x7c, 0x0, 0xff, 0xff, 0xff,
    0xff, 0xe0, 0x0, 0x0, 0x0, 0x0, 0x0, 0x0,
    0x68, 0xff, 0xff, 0xff, 0xff, 0x7c, 0x0, 0xff,
    0xff, 0xff, 0xff, 0xe0, 0x0, 0x0, 0x0, 0x0,
    0x0, 0x0, 0x68, 0xff, 0xff, 0xff, 0xff, 0x7c,
    0x0, 0xff, 0xff, 0xff, 0xff, 0xe0, 0x0, 0x0,
    0x0, 0x0, 0x0, 0x0, 0x68, 0xff, 0xff, 0xff,
    0xff, 0x7c, 0x0, 0xff, 0xff, 0xff, 0xff, 0xe0,
    0x0, 0x0, 0x0, 0x0, 0x0, 0x0, 0x68, 0xff,
    0xff, 0xff, 0xff, 0x7c, 0x0, 0xff, 0xff, 0xff,
    0xff, 0xe0, 0x0, 0x0, 0x0, 0x0, 0x0, 0x0,
    0x68, 0xff, 0xff, 0xff, 0xff, 0x7c, 0x0, 0xff,
    0xff, 0xff, 0xff, 0xe0, 0x0, 0x0, 0x0, 0x0,
    0x0, 0x0, 0x68, 0xff, 0xff, 0xff, 0xff, 0x7c,
    0x0, 0xff, 0xff, 0xff, 0xff, 0xe0, 0x0, 0x0,
    0x0, 0x0, 0x0, 0x0, 0x68, 0xff, 0xff, 0xff,
    0xff, 0x7c, 0x0, 0xff, 0xff, 0xff, 0xff, 0xe0,
    0x0, 0x0, 0x0, 0x0, 0x0, 0x0, 0x68, 0xff,
    0xff, 0xff, 0xff, 0x7c, 0x0, 0xff, 0xff, 0xff,
    0xff, 0xe0, 0x0, 0x0, 0x0, 0x0, 0x0, 0x0,
    0x68, 0xff, 0xff, 0xff, 0xff, 0x7c, 0x0, 0xff,
    0xff, 0xff, 0xff, 0xe0, 0x0, 0x0, 0x0, 0x0,
    0x0, 0x0, 0x68, 0xff, 0xff, 0xff, 0xff, 0x7c,

    /* U+00F3 "ó" */
    0x0, 0x0, 0x0, 0x0, 0x0, 0x0, 0x0, 0x0,
    0x9, 0xe7, 0xff, 0xff, 0xff, 0xff, 0x87, 0x0,
    0x0, 0x0, 0x0, 0x0, 0x0, 0x0, 0x0, 0x0,
    0x0, 0x0, 0x72, 0xff, 0xff, 0xff, 0xff, 0xd2,
    0x6, 0x0, 0x0, 0x0, 0x0, 0x0, 0x0, 0x0,
    0x0, 0x0, 0x0, 0xa, 0xe8, 0xff, 0xff, 0xff,
    0xfa, 0x2f, 0x0, 0x0, 0x0, 0x0, 0x0, 0x0,
    0x0, 0x0, 0x0, 0x0, 0x0, 0x75, 0xff, 0xff,
    0xff, 0xff, 0x7a, 0x0, 0x0, 0x0, 0x0, 0x0,
    0x0, 0x0, 0x0, 0x0, 0x0, 0x0, 0xb, 0xea,
    0xff, 0xff, 0xff, 0xc7, 0x3, 0x0, 0x0, 0x0,
    0x0, 0x0, 0x0, 0x0, 0x0, 0x0, 0x0, 0x0,
    0x77, 0xff, 0xff, 0xff, 0xf5, 0x26, 0x0, 0x0,
    0x0, 0x0, 0x0, 0x0, 0x0, 0x0, 0x0, 0x0,
    0x0, 0xc, 0xeb, 0xff, 0xff, 0xff, 0x6c, 0x0,
    0x0, 0x0, 0x0, 0x0, 0x0, 0x0, 0x0, 0x0,
    0x0, 0x0, 0x0, 0x36, 0x94, 0x94, 0x94, 0x81,
    0x1, 0x0, 0x0, 0x0, 0x0, 0x0, 0x0, 0x0,
    0x0, 0x0, 0x0, 0x0, 0x0, 0x0, 0x0, 0x0,
    0x0, 0x0, 0x0, 0x0, 0x0, 0x0, 0x0, 0x0,
    0x0, 0x0, 0x0, 0x0, 0x0, 0x0, 0x0, 0x0,
    0x0, 0x0, 0x0, 0x0, 0x0, 0x0, 0x0, 0x0,
    0x0, 0x0, 0x0, 0x0, 0x0, 0x0, 0x0, 0x0,
    0x0, 0x3f, 0x9b, 0xd9, 0xf3, 0xf3, 0xd9, 0x9b,
    0x3f, 0x0, 0x0, 0x0, 0x0, 0x0, 0x0, 0x0,
    0x0, 0x10, 0xab, 0xff, 0xff, 0xff, 0xff, 0xff,
    0xff, 0xff, 0xff, 0xab, 0xf, 0x0, 0x0, 0x0,
    0x0, 0x0, 0x10, 0xcc, 0xff, 0xff, 0xff, 0xff,
    0xff, 0xff, 0xff, 0xff, 0xff, 0xff, 0xcb, 0x10,
    0x0, 0x0, 0x0, 0x0, 0xac, 0xff, 0xff, 0xff,
    0xff, 0xff, 0xff, 0xff, 0xff, 0xff, 0xff, 0xff,
    0xff, 0xab, 0x0, 0x0, 0x0, 0x4e, 0xff, 0xff,
    0xff, 0xff, 0xff, 0xc1, 0x66, 0x66, 0xc1, 0xff,
    0xff, 0xff, 0xff, 0xff, 0x4d, 0x0, 0x0, 0xc2,
    0xff, 0xff, 0xff, 0xff, 0x9c, 0x1, 0x0, 0x0,
    0x1, 0x9c, 0xff, 0xff, 0xff, 0xff, 0xc1, 0x0,
    0x1b, 0xff, 0xff, 0xff, 0xff, 0xe3, 0x9, 0x0,
    0x0, 0x0, 0x0, 0x9, 0xe4, 0xff, 0xff, 0xff,
    0xff, 0x1a, 0x57, 0xff, 0xff, 0xff, 0xff, 0x81,
    0x0, 0x0, 0x0, 0x0, 0x0, 0x0, 0x82, 0xff,
    0xff, 0xff, 0xff, 0x56, 0x7d, 0xff, 0xff, 0xff,
    0xff, 0x42, 0x0, 0x0, 0x0, 0x0, 0x0, 0x0,
    0x44, 0xff, 0xff, 0xff, 0xff, 0x7b, 0x8f, 0xff,
    0xff, 0xff, 0xff, 0x27, 0x0, 0x0, 0x0, 0x0,
    0x0, 0x0, 0x28, 0xff, 0xff, 0xff, 0xff, 0x8e,
    0x8f, 0xff, 0xff, 0xff, 0xff, 0x26, 0x0, 0x0,
    0x0, 0x0, 0x0, 0x0, 0x27, 0xff, 0xff, 0xff,
    0xff, 0x8e, 0x7e, 0xff, 0xff, 0xff, 0xff, 0x40,
    0x0, 0x0, 0x0, 0x0, 0x0, 0x0, 0x41, 0xff,
    0xff, 0xff, 0xff, 0x7c, 0x59, 0xff, 0xff, 0xff,
    0xff, 0x7c, 0x0, 0x0, 0x0, 0x0, 0x0, 0x0,
    0x7d, 0xff, 0xff, 0xff, 0xff, 0x58, 0x1d, 0xff,
    0xff, 0xff, 0xff, 0xde, 0x6, 0x0, 0x0, 0x0,
    0x0, 0x6, 0xdf, 0xff, 0xff, 0xff, 0xff, 0x1c,
    0x0, 0xc6, 0xff, 0xff, 0xff, 0xff, 0x8f, 0x0,
    0x0, 0x0, 0x0, 0x8f, 0xff, 0xff, 0xff, 0xff,
    0xc4, 0x0, 0x0, 0x53, 0xff, 0xff, 0xff, 0xff,
    0xff, 0xb4, 0x58, 0x59, 0xb5, 0xff, 0xff, 0xff,
    0xff, 0xff, 0x51, 0x0, 0x0, 0x0, 0xb2, 0xff,
    0xff, 0xff, 0xff, 0xff, 0xff, 0xff, 0xff, 0xff,
    0xff, 0xff, 0xff, 0xb1, 0x0, 0x0, 0x0, 0x0,
    0x13, 0xd0, 0xff, 0xff, 0xff, 0xff, 0xff, 0xff,
    0xff, 0xff, 0xff, 0xff, 0xd0, 0x13, 0x0, 0x0,
    0x0, 0x0, 0x0, 0x12, 0xb0, 0xff, 0xff, 0xff,
    0xff, 0xff, 0xff, 0xff, 0xff, 0xb0, 0x11, 0x0,
    0x0, 0x0, 0x0, 0x0, 0x0, 0x0, 0x0, 0x41,
    0x9d, 0xda, 0xf4, 0xf4, 0xda, 0x9d, 0x41, 0x0,
    0x0, 0x0, 0x0, 0x0,

    /* U+00F4 "ô" */
    0x0, 0x0, 0x0, 0x0, 0x0, 0x94, 0xff, 0xff,
    0xff, 0xff, 0xff, 0xff, 0x86, 0x0, 0x0, 0x0,
    0x0, 0x0, 0x0, 0x0, 0x0, 0x0, 0x2d, 0xfc,
    0xff, 0xff, 0xff, 0xff, 0xff, 0xff, 0xf8, 0x24,
    0x0, 0x0, 0x0, 0x0, 0x0, 0x0, 0x0, 0x0,
    0xbf, 0xff, 0xff, 0xff, 0xf4, 0xfd, 0xff, 0xff,
    0xff, 0xb3, 0x0, 0x0, 0x0, 0x0, 0x0, 0x0,
    0x0, 0x57, 0xff, 0xff, 0xff, 0xff, 0x5c, 0x81,
    0xff, 0xff, 0xff, 0xff, 0x49, 0x0, 0x0, 0x0,
    0x0, 0x0, 0xa, 0xe2, 0xff, 0xff, 0xff, 0xa4,
    0x0, 0x3, 0xc1, 0xff, 0xff, 0xff, 0xd9, 0x6,
    0x0, 0x0, 0x0, 0x0, 0x84, 0xff, 0xff, 0xff,
    0xde, 0xe, 0x0, 0x0, 0x1c, 0xec, 0xff, 0xff,
    0xff, 0x76, 0x0, 0x0, 0x0, 0x21, 0xf7, 0xff,
    0xff, 0xfb, 0x38, 0x0, 0x0, 0x0, 0x0, 0x4d,
    0xff, 0xff, 0xff, 0xf3, 0x19, 0x0, 0x0, 0x45,
    0x80, 0x80, 0x80, 0x55, 0x0, 0x0, 0x0, 0x0,
    0x0, 0x0, 0x5f, 0x80, 0x80, 0x80, 0x3f, 0x0,
    0x0, 0x0, 0x0, 0x0, 0x0, 0x0, 0x0, 0x0,
    0x0, 0x0, 0x0, 0x0, 0x0, 0x0, 0x0, 0x0,
    0x0, 0x0, 0x0, 0x0, 0x0, 0x0, 0x0, 0x0,
    0x0, 0x0, 0x0, 0x0, 0x0, 0x0, 0x0, 0x0,
    0x0, 0x0, 0x0, 0x0, 0x0, 0x0, 0x0, 0x0,
    0x0, 0x3f, 0x9b, 0xd9, 0xf3, 0xf3, 0xd9, 0x9b,
    0x3f, 0x0, 0x0, 0x0, 0x0, 0x0, 0x0, 0x0,
    0x0, 0x10, 0xab, 0xff, 0xff, 0xff, 0xff, 0xff,
    0xff, 0xff, 0xff, 0xab, 0xf, 0x0, 0x0, 0x0,
    0x0, 0x0, 0x10, 0xcc, 0xff, 0xff, 0xff, 0xff,
    0xff, 0xff, 0xff, 0xff, 0xff, 0xff, 0xcb, 0x10,
    0x0, 0x0, 0x0, 0x0, 0xac, 0xff, 0xff, 0xff,
    0xff, 0xff, 0xff, 0xff, 0xff, 0xff, 0xff, 0xff,
    0xff, 0xab, 0x0, 0x0, 0x0, 0x4e, 0xff, 0xff,
    0xff, 0xff, 0xff, 0xc1, 0x66, 0x66, 0xc1, 0xff,
    0xff, 0xff, 0xff, 0xff, 0x4d, 0x0, 0x0, 0xc2,
    0xff, 0xff, 0xff, 0xff, 0x9c, 0x1, 0x0, 0x0,
    0x1, 0x9c, 0xff, 0xff, 0xff, 0xff, 0xc1, 0x0,
    0x1b, 0xff, 0xff, 0xff, 0xff, 0xe3, 0x9, 0x0,
    0x0, 0x0, 0x0, 0x9, 0xe4, 0xff, 0xff, 0xff,
    0xff, 0x1a, 0x57, 0xff, 0xff, 0xff, 0xff, 0x81,
    0x0, 0x0, 0x0, 0x0, 0x0, 0x0, 0x82, 0xff,
    0xff, 0xff, 0xff, 0x56, 0x7d, 0xff, 0xff, 0xff,
    0xff, 0x42, 0x0, 0x0, 0x0, 0x0, 0x0, 0x0,
    0x44, 0xff, 0xff, 0xff, 0xff, 0x7b, 0x8f, 0xff,
    0xff, 0xff, 0xff, 0x27, 0x0, 0x0, 0x0, 0x0,
    0x0, 0x0, 0x28, 0xff, 0xff, 0xff, 0xff, 0x8e,
    0x8f, 0xff, 0xff, 0xff, 0xff, 0x26, 0x0, 0x0,
    0x0, 0x0, 0x0, 0x0, 0x27, 0xff, 0xff, 0xff,
    0xff, 0x8e, 0x7e, 0xff, 0xff, 0xff, 0xff, 0x40,
    0x0, 0x0, 0x0, 0x0, 0x0, 0x0, 0x41, 0xff,
    0xff, 0xff, 0xff, 0x7c, 0x59, 0xff, 0xff, 0xff,
    0xff, 0x7c, 0x0, 0x0, 0x0, 0x0, 0x0, 0x0,
    0x7d, 0xff, 0xff, 0xff, 0xff, 0x58, 0x1d, 0xff,
    0xff, 0xff, 0xff, 0xde, 0x6, 0x0, 0x0, 0x0,
    0x0, 0x6, 0xdf, 0xff, 0xff, 0xff, 0xff, 0x1c,
    0x0, 0xc6, 0xff, 0xff, 0xff, 0xff, 0x8f, 0x0,
    0x0, 0x0, 0x0, 0x8f, 0xff, 0xff, 0xff, 0xff,
    0xc4, 0x0, 0x0, 0x53, 0xff, 0xff, 0xff, 0xff,
    0xff, 0xb4, 0x58, 0x59, 0xb5, 0xff, 0xff, 0xff,
    0xff, 0xff, 0x51, 0x0, 0x0, 0x0, 0xb2, 0xff,
    0xff, 0xff, 0xff, 0xff, 0xff, 0xff, 0xff, 0xff,
    0xff, 0xff, 0xff, 0xb1, 0x0, 0x0, 0x0, 0x0,
    0x13, 0xd0, 0xff, 0xff, 0xff, 0xff, 0xff, 0xff,
    0xff, 0xff, 0xff, 0xff, 0xd0, 0x13, 0x0, 0x0,
    0x0, 0x0, 0x0, 0x12, 0xb0, 0xff, 0xff, 0xff,
    0xff, 0xff, 0xff, 0xff, 0xff, 0xb0, 0x11, 0x0,
    0x0, 0x0, 0x0, 0x0, 0x0, 0x0, 0x0, 0x41,
    0x9d, 0xda, 0xf4, 0xf4, 0xda, 0x9d, 0x41, 0x0,
    0x0, 0x0, 0x0, 0x0,

    /* U+00F6 "ö" */
    0x0, 0x0, 0x72, 0xe0, 0xef, 0xad, 0x16, 0x0,
    0x0, 0x0, 0x0, 0x16, 0xad, 0xf0, 0xdf, 0x70,
    0x0, 0x0, 0x0, 0x51, 0xff, 0xff, 0xff, 0xff,
    0xb6, 0x0, 0x0, 0x0, 0x0, 0xb6, 0xff, 0xff,
    0xff, 0xff, 0x4e, 0x0, 0x0, 0xa2, 0xff, 0xff,
    0xff, 0xff, 0xfe, 0xa, 0x0, 0x0, 0xa, 0xfe,
    0xff, 0xff, 0xff, 0xff, 0xa0, 0x0, 0x0, 0xa6,
    0xff, 0xff, 0xff, 0xff, 0xff, 0xe, 0x0, 0x0,
    0xe, 0xff, 0xff, 0xff, 0xff, 0xff, 0xa5, 0x0,
    0x0, 0x5e, 0xff, 0xff, 0xff, 0xff, 0xc4, 0x0,
    0x0, 0x0, 0x0, 0xc5, 0xff, 0xff, 0xff, 0xff,
    0x5c, 0x0, 0x0, 0x1, 0x86, 0xee, 0xf9, 0xbe,
    0x21, 0x0, 0x0, 0x0, 0x0, 0x21, 0xbe, 0xfa,
    0xed, 0x83, 0x1, 0x0, 0x0, 0x0, 0x0, 0x0,
    0x3, 0x0, 0x0, 0x0, 0x0, 0x0, 0x0, 0x0,
    0x0, 0x3, 0x0, 0x0, 0x0, 0x0, 0x0, 0x0,
    0x0, 0x0, 0x0, 0x0, 0x0, 0x0, 0x0, 0x0,
    0x0, 0x0, 0x0, 0x0, 0x0, 0x0, 0x0, 0x0,
    0x0, 0x0, 0x0, 0x0, 0x0, 0x3f, 0x9b, 0xd9,
    0xf3, 0xf3, 0xd9, 0x9b, 0x3f, 0x0, 0x0, 0x0,
    0x0, 0x0, 0x0, 0x0, 0x0, 0x10, 0xab, 0xff,
    0xff, 0xff, 0xff, 0xff, 0xff, 0xff, 0xff, 0xab,
    0xf, 0x0, 0x0, 0x0, 0x0, 0x0, 0x10, 0xcc,
    0xff, 0xff, 0xff, 0xff, 0xff, 0xff, 0xff, 0xff,
    0xff, 0xff, 0xcb, 0x10, 0x0, 0x0, 0x0, 0x0,
    0xac, 0xff, 0xff, 0xff, 0xff, 0xff, 0xff, 0xff,
    0xff, 0xff, 0xff, 0xff, 0xff, 0xab, 0x0, 0x0,
    0x0, 0x4e, 0xff, 0xff, 0xff, 0xff, 0xff, 0xc1,
    0x66, 0x66, 0xc1, 0xff, 0xff, 0xff, 0xff, 0xff,
    0x4d, 0x0, 0x0, 0xc2, 0xff, 0xff, 0xff, 0xff,
    0x9c, 0x1, 0x0, 0x0, 0x1, 0x9c, 0xff, 0xff,
    0xff, 0xff, 0xc1, 0x0, 0x1b, 0xff, 0xff, 0xff,
    0xff, 0xe3, 0x9, 0x0, 0x0, 0x0, 0x0, 0x9,
    0xe4, 0xff, 0xff, 0xff, 0xff, 0x1a, 0x57, 0xff,
    0xff, 0xff, 0xff, 0x81, 0x0, 0x0, 0x0, 0x0,
    0x0, 0x0, 0x82, 0xff, 0xff, 0xff, 0xff, 0x56,
    0x7d, 0xff, 0xff, 0xff, 0xff, 0x42, 0x0, 0x0,
    0x0, 0x0, 0x0, 0x0, 0x44, 0xff, 0xff, 0xff,
    0xff, 0x7b, 0x8f, 0xff, 0xff, 0xff, 0xff, 0x27,
    0x0, 0x0, 0x0, 0x0, 0x0, 0x0, 0x28, 0xff,
    0xff, 0xff, 0xff, 0x8e, 0x8f, 0xff, 0xff, 0xff,
    0xff, 0x26, 0x0, 0x0, 0x0, 0x0, 0x0, 0x0,
    0x27, 0xff, 0xff, 0xff, 0xff, 0x8e, 0x7e, 0xff,
    0xff, 0xff, 0xff, 0x40, 0x0, 0x0, 0x0, 0x0,
    0x0, 0x0, 0x41, 0xff, 0xff, 0xff, 0xff, 0x7c,
    0x59, 0xff, 0xff, 0xff, 0xff, 0x7c, 0x0, 0x0,
    0x0, 0x0, 0x0, 0x0, 0x7d, 0xff, 0xff, 0xff,
    0xff, 0x58, 0x1d, 0xff, 0xff, 0xff, 0xff, 0xde,
    0x6, 0x0, 0x0, 0x0, 0x0, 0x6, 0xdf, 0xff,
    0xff, 0xff, 0xff, 0x1c, 0x0, 0xc6, 0xff, 0xff,
    0xff, 0xff, 0x8f, 0x0, 0x0, 0x0, 0x0, 0x8f,
    0xff, 0xff, 0xff, 0xff, 0xc4, 0x0, 0x0, 0x53,
    0xff, 0xff, 0xff, 0xff, 0xff, 0xb4, 0x58, 0x59,
    0xb5, 0xff, 0xff, 0xff, 0xff, 0xff, 0x51, 0x0,
    0x0, 0x0, 0xb2, 0xff, 0xff, 0xff, 0xff, 0xff,
    0xff, 0xff, 0xff, 0xff, 0xff, 0xff, 0xff, 0xb1,
    0x0, 0x0, 0x0, 0x0, 0x13, 0xd0, 0xff, 0xff,
    0xff, 0xff, 0xff, 0xff, 0xff, 0xff, 0xff, 0xff,
    0xd0, 0x13, 0x0, 0x0, 0x0, 0x0, 0x0, 0x12,
    0xb0, 0xff, 0xff, 0xff, 0xff, 0xff, 0xff, 0xff,
    0xff, 0xb0, 0x11, 0x0, 0x0, 0x0, 0x0, 0x0,
    0x0, 0x0, 0x0, 0x41, 0x9d, 0xda, 0xf4, 0xf4,
    0xda, 0x9d, 0x41, 0x0, 0x0, 0x0, 0x0, 0x0,

    /* U+00F9 "ù" */
    0x0, 0x0, 0x0, 0x95, 0xff, 0xff, 0xff, 0xff,
    0xde, 0x5, 0x0, 0x0, 0x0, 0x0, 0x0, 0x0,
    0x0, 0x0, 0x0, 0x0, 0x0, 0xa, 0xda, 0xff,
    0xff, 0xff, 0xff, 0x66, 0x0, 0x0, 0x0, 0x0,
    0x0, 0x0, 0x0, 0x0, 0x0, 0x0, 0x0, 0x0,
    0x38, 0xfc, 0xff, 0xff, 0xff, 0xe1, 0x6, 0x0,
    0x0, 0x0, 0x0, 0x0, 0x0, 0x0, 0x0, 0x0,
    0x0, 0x0, 0x0, 0x85, 0xff, 0xff, 0xff, 0xff,
    0x6a, 0x0, 0x0, 0x0, 0x0, 0x0, 0x0, 0x0,
    0x0, 0x0, 0x0, 0x0, 0x0, 0x5, 0xcf, 0xff,
    0xff, 0xff, 0xe4, 0x7, 0x0, 0x0, 0x0, 0x0,
    0x0, 0x0, 0x0, 0x0, 0x0, 0x0, 0x0, 0x0,
    0x2d, 0xf8, 0xff, 0xff, 0xff, 0x6e, 0x0, 0x0,
    0x0, 0x0, 0x0, 0x0, 0x0, 0x0, 0x0, 0x0,
    0x0, 0x0, 0x0, 0x76, 0xff, 0xff, 0xff, 0xe6,
    0x9, 0x0, 0x0, 0x0, 0x0, 0x0, 0x0, 0x0,
    0x0, 0x0, 0x0, 0x0, 0x0, 0x2, 0x85, 0x94,
    0x94, 0x94, 0x31, 0x0, 0x0, 0x0, 0x0, 0x0,
    0x0, 0x0, 0x0, 0x0, 0x0, 0x0, 0x0, 0x0,
    0x0, 0x0, 0x0, 0x0, 0x0, 0x0, 0x0, 0x0,
    0x0, 0x0, 0x0, 0x0, 0x0, 0x0, 0x0, 0x0,
    0x0, 0x0, 0x0, 0x0, 0x0, 0x0, 0x0, 0x0,
    0x0, 0x0, 0x0, 0x0, 0x68, 0xff, 0xff, 0xff,
    0xff, 0x7c, 0x0, 0x0, 0x0, 0x0, 0x0, 0x0,
    0x50, 0xff, 0xff, 0xff, 0xff, 0x68, 0x68, 0xff,
    0xff, 0xff, 0xff, 0x7c, 0x0, 0x0, 0x0, 0x0,
    0x0, 0x0, 0x50, 0xff, 0xff, 0xff, 0xff, 0x68,
    0x68, 0xff, 0xff, 0xff, 0xff, 0x7c, 0x0, 0x0,
    0x0, 0x0, 0x0, 0x0, 0x50, 0xff, 0xff, 0xff,
    0xff, 0x68, 0x68, 0xff, 0xff, 0xff, 0xff, 0x7c,
    0x0, 0x0, 0x0, 0x0, 0x0, 0x0, 0x50, 0xff,
    0xff, 0xff, 0xff, 0x68, 0x68, 0xff, 0xff, 0xff,
    0xff, 0x7c, 0x0, 0x0, 0x0, 0x0, 0x0, 0x0,
    0x50, 0xff, 0xff, 0xff, 0xff, 0x68, 0x68, 0xff,
    0xff, 0xff, 0xff, 0x7c, 0x0, 0x0, 0x0, 0x0,
    0x0, 0x0, 0x50, 0xff, 0xff, 0xff, 0xff, 0x68,
    0x68, 0xff, 0xff, 0xff, 0xff, 0x7c, 0x0, 0x0,
    0x0, 0x0, 0x0, 0x0, 0x50, 0xff, 0xff, 0xff,
    0xff, 0x68, 0x68, 0xff, 0xff, 0xff, 0xff, 0x7c,
    0x0, 0x0, 0x0, 0x0, 0x0, 0x0, 0x50, 0xff,
    0xff, 0xff, 0xff, 0x68, 0x68, 0xff, 0xff, 0xff,
    0xff, 0x7c, 0x0, 0x0, 0x0, 0x0, 0x0, 0x0,
    0x50, 0xff, 0xff, 0xff, 0xff, 0x68, 0x68, 0xff,
    0xff, 0xff, 0xff, 0x7c, 0x0, 0x0, 0x0, 0x0,
    0x0, 0x0, 0x50, 0xff, 0xff, 0xff, 0xff, 0x68,
    0x68, 0xff, 0xff, 0xff, 0xff, 0x7c, 0x0, 0x0,
    0x0, 0x0, 0x0, 0x0, 0x50, 0xff, 0xff, 0xff,
    0xff, 0x68, 0x68, 0xff, 0xff, 0xff, 0xff, 0x7c,
    0x0, 0x0, 0x0, 0x0, 0x0, 0x0, 0x50, 0xff,
    0xff, 0xff, 0xff, 0x68, 0x63, 0xff, 0xff, 0xff,
    0xff, 0x85, 0x0, 0x0, 0x0, 0x0, 0x0, 0x0,
    0x5a, 0xff, 0xff, 0xff, 0xff, 0x63, 0x4f, 0xff,
    0xff, 0xff, 0xff, 0xbc, 0x0, 0x0, 0x0, 0x0,
    0x0, 0x0, 0x95, 0xff, 0xff, 0xff, 0xff, 0x4e,
    0x20, 0xff, 0xff, 0xff, 0xff, 0xff, 0x5c, 0x0,
    0x0, 0x0, 0x0, 0x45, 0xf8, 0xff, 0xff, 0xff,
    0xff, 0x20, 0x0, 0xcc, 0xff, 0xff, 0xff, 0xff,
    0xff, 0xbe, 0x7d, 0x7a, 0xb4, 0xff, 0xff, 0xff,
    0xff, 0xff, 0xce, 0x0, 0x0, 0x45, 0xff, 0xff,
    0xff, 0xff, 0xff, 0xff, 0xff, 0xff, 0xff, 0xff,
    0xff, 0xff, 0xff, 0xff, 0x49, 0x0, 0x0, 0x0,
    0x77, 0xff, 0xff, 0xff, 0xff, 0xff, 0xff, 0xff,
    0xff, 0xff, 0xff, 0xff, 0xff, 0x80, 0x0, 0x0,
    0x0, 0x0, 0x0, 0x58, 0xed, 0xff, 0xff, 0xff,
    0xff, 0xff, 0xff, 0xff, 0xff, 0xf2, 0x63, 0x0,
    0x0, 0x0, 0x0, 0x0, 0x0, 0x0, 0xb, 0x67,
    0xb0, 0xe2, 0xf6, 0xf8, 0xe6, 0xb8, 0x71, 0xf,
    0x0, 0x0, 0x0, 0x0,

    /* U+00FA "ú" */
    0x0, 0x0, 0x0, 0x0, 0x0, 0x0, 0x0, 0x0,
    0x9, 0xe7, 0xff, 0xff, 0xff, 0xff, 0x87, 0x0,
    0x0, 0x0, 0x0, 0x0, 0x0, 0x0, 0x0, 0x0,
    0x0, 0x0, 0x72, 0xff, 0xff, 0xff, 0xff, 0xd2,
    0x6, 0x0, 0x0, 0x0, 0x0, 0x0, 0x0, 0x0,
    0x0, 0x0, 0x0, 0xa, 0xe8, 0xff, 0xff, 0xff,
    0xfa, 0x2f, 0x0, 0x0, 0x0, 0x0, 0x0, 0x0,
    0x0, 0x0, 0x0, 0x0, 0x0, 0x75, 0xff, 0xff,
    0xff, 0xff, 0x7a, 0x0, 0x0, 0x0, 0x0, 0x0,
    0x0, 0x0, 0x0, 0x0, 0x0, 0x0, 0xb, 0xea,
    0xff, 0xff, 0xff, 0xc7, 0x3, 0x0, 0x0, 0x0,
    0x0, 0x0, 0x0, 0x0, 0x0, 0x0, 0x0, 0x0,
    0x77, 0xff, 0xff, 0xff, 0xf5, 0x26, 0x0, 0x0,
    0x0, 0x0, 0x0, 0x0, 0x0, 0x0, 0x0, 0x0,
    0x0, 0xc, 0xeb, 0xff, 0xff, 0xff, 0x6c, 0x0,
    0x0, 0x0, 0x0, 0x0, 0x0, 0x0, 0x0, 0x0,
    0x0, 0x0, 0x0, 0x36, 0x94, 0x94, 0x94, 0x81,
    0x1, 0x0, 0x0, 0x0, 0x0, 0x0, 0x0, 0x0,
    0x0, 0x0, 0x0, 0x0, 0x0, 0x0, 0x0, 0x0,
    0x0, 0x0, 0x0, 0x0, 0x0, 0x0, 0x0, 0x0,
    0x0, 0x0, 0x0, 0x0, 0x0, 0x0, 0x0, 0x0,
    0x0, 0x0, 0x0, 0x0, 0x0, 0x0, 0x0, 0x0,
    0x0, 0x0, 0x0, 0x0, 0x68, 0xff, 0xff, 0xff,
    0xff, 0x7c, 0x0, 0x0, 0x0, 0x0, 0x0, 0x0,
    0x50, 0xff, 0xff, 0xff, 0xff, 0x68, 0x68, 0xff,
    0xff, 0xff, 0xff, 0x7c, 0x0, 0x0, 0x0, 0x0,
    0x0, 0x0, 0x50, 0xff, 0xff, 0xff, 0xff, 0x68,
    0x68, 0xff, 0xff, 0xff, 0xff, 0x7c, 0x0, 0x0,
    0x0, 0x0, 0x0, 0x0, 0x50, 0xff, 0xff, 0xff,
    0xff, 0x68, 0x68, 0xff, 0xff, 0xff, 0xff, 0x7c,
    0x0, 0x0, 0x0, 0x0, 0x0, 0x0, 0x50, 0xff,
    0xff, 0xff, 0xff, 0x68, 0x68, 0xff, 0xff, 0xff,
    0xff, 0x7c, 0x0, 0x0, 0x0, 0x0, 0x0, 0x0,
    0x50, 0xff, 0xff, 0xff, 0xff, 0x68, 0x68, 0xff,
    0xff, 0xff, 0xff, 0x7c, 0x0, 0x0, 0x0, 0x0,
    0x0, 0x0, 0x50, 0xff, 0xff, 0xff, 0xff, 0x68,
    0x68, 0xff, 0xff, 0xff, 0xff, 0x7c, 0x0, 0x0,
    0x0, 0x0, 0x0, 0x0, 0x50, 0xff, 0xff, 0xff,
    0xff, 0x68, 0x68, 0xff, 0xff, 0xff, 0xff, 0x7c,
    0x0, 0x0, 0x0, 0x0, 0x0, 0x0, 0x50, 0xff,
    0xff, 0xff, 0xff, 0x68, 0x68, 0xff, 0xff, 0xff,
    0xff, 0x7c, 0x0, 0x0, 0x0, 0x0, 0x0, 0x0,
    0x50, 0xff, 0xff, 0xff, 0xff, 0x68, 0x68, 0xff,
    0xff, 0xff, 0xff, 0x7c, 0x0, 0x0, 0x0, 0x0,
    0x0, 0x0, 0x50, 0xff, 0xff, 0xff, 0xff, 0x68,
    0x68, 0xff, 0xff, 0xff, 0xff, 0x7c, 0x0, 0x0,
    0x0, 0x0, 0x0, 0x0, 0x50, 0xff, 0xff, 0xff,
    0xff, 0x68, 0x68, 0xff, 0xff, 0xff, 0xff, 0x7c,
    0x0, 0x0, 0x0, 0x0, 0x0, 0x0, 0x50, 0xff,
    0xff, 0xff, 0xff, 0x68, 0x63, 0xff, 0xff, 0xff,
    0xff, 0x85, 0x0, 0x0, 0x0, 0x0, 0x0, 0x0,
    0x5a, 0xff, 0xff, 0xff, 0xff, 0x63, 0x4f, 0xff,
    0xff, 0xff, 0xff, 0xbc, 0x0, 0x0, 0x0, 0x0,
    0x0, 0x0, 0x95, 0xff, 0xff, 0xff, 0xff, 0x4e,
    0x20, 0xff, 0xff, 0xff, 0xff, 0xff, 0x5c, 0x0,
    0x0, 0x0, 0x0, 0x45, 0xf8, 0xff, 0xff, 0xff,
    0xff, 0x20, 0x0, 0xcc, 0xff, 0xff, 0xff, 0xff,
    0xff, 0xbe, 0x7d, 0x7a, 0xb4, 0xff, 0xff, 0xff,
    0xff, 0xff, 0xce, 0x0, 0x0, 0x45, 0xff, 0xff,
    0xff, 0xff, 0xff, 0xff, 0xff, 0xff, 0xff, 0xff,
    0xff, 0xff, 0xff, 0xff, 0x49, 0x0, 0x0, 0x0,
    0x77, 0xff, 0xff, 0xff, 0xff, 0xff, 0xff, 0xff,
    0xff, 0xff, 0xff, 0xff, 0xff, 0x80, 0x0, 0x0,
    0x0, 0x0, 0x0, 0x58, 0xed, 0xff, 0xff, 0xff,
    0xff, 0xff, 0xff, 0xff, 0xff, 0xf2, 0x63, 0x0,
    0x0, 0x0, 0x0, 0x0, 0x0, 0x0, 0xb, 0x67,
    0xb0, 0xe2, 0xf6, 0xf8, 0xe6, 0xb8, 0x71, 0xf,
    0x0, 0x0, 0x0, 0x0,

    /* U+00FB "û" */
    0x0, 0x0, 0x0, 0x0, 0x0, 0x94, 0xff, 0xff,
    0xff, 0xff, 0xff, 0xff, 0x86, 0x0, 0x0, 0x0,
    0x0, 0x0, 0x0, 0x0, 0x0, 0x0, 0x2d, 0xfc,
    0xff, 0xff, 0xff, 0xff, 0xff, 0xff, 0xf8, 0x24,
    0x0, 0x0, 0x0, 0x0, 0x0, 0x0, 0x0, 0x0,
    0xbf, 0xff, 0xff, 0xff, 0xf4, 0xfd, 0xff, 0xff,
    0xff, 0xb3, 0x0, 0x0, 0x0, 0x0, 0x0, 0x0,
    0x0, 0x57, 0xff, 0xff, 0xff, 0xff, 0x5c, 0x81,
    0xff, 0xff, 0xff, 0xff, 0x49, 0x0, 0x0, 0x0,
    0x0, 0x0, 0xa, 0xe2, 0xff, 0xff, 0xff, 0xa4,
    0x0, 0x3, 0xc1, 0xff, 0xff, 0xff, 0xd9, 0x6,
    0x0, 0x0, 0x0, 0x0, 0x84, 0xff, 0xff, 0xff,
    0xde, 0xe, 0x0, 0x0, 0x1c, 0xec, 0xff, 0xff,
    0xff, 0x76, 0x0, 0x0, 0x0, 0x21, 0xf7, 0xff,
    0xff, 0xfb, 0x38, 0x0, 0x0, 0x0, 0x0, 0x4d,
    0xff, 0xff, 0xff, 0xf3, 0x19, 0x0, 0x0, 0x45,
    0x80, 0x80, 0x80, 0x55, 0x0, 0x0, 0x0, 0x0,
    0x0, 0x0, 0x5f, 0x80, 0x80, 0x80, 0x3f, 0x0,
    0x0, 0x0, 0x0, 0x0, 0x0, 0x0, 0x0, 0x0,
    0x0, 0x0, 0x0, 0x0, 0x0, 0x0, 0x0, 0x0,
    0x0, 0x0, 0x0, 0x0, 0x0, 0x0, 0x0, 0x0,
    0x0, 0x0, 0x0, 0x0, 0x0, 0x0, 0x0, 0x0,
    0x0, 0x0, 0x0, 0x0, 0x68, 0xff, 0xff, 0xff,
    0xff, 0x7c, 0x0, 0x0, 0x0, 0x0, 0x0, 0x0,
    0x50, 0xff, 0xff, 0xff, 0xff, 0x68, 0x68, 0xff,
    0xff, 0xff, 0xff, 0x7c, 0x0, 0x0, 0x0, 0x0,
    0x0, 0x0, 0x50, 0xff, 0xff, 0xff, 0xff, 0x68,
    0x68, 0xff, 0xff, 0xff, 0xff, 0x7c, 0x0, 0x0,
    0x0, 0x0, 0x0, 0x0, 0x50, 0xff, 0xff, 0xff,
    0xff, 0x68, 0x68, 0xff, 0xff, 0xff, 0xff, 0x7c,
    0x0, 0x0, 0x0, 0x0, 0x0, 0x0, 0x50, 0xff,
    0xff, 0xff, 0xff, 0x68, 0x68, 0xff, 0xff, 0xff,
    0xff, 0x7c, 0x0, 0x0, 0x0, 0x0, 0x0, 0x0,
    0x50, 0xff, 0xff, 0xff, 0xff, 0x68, 0x68, 0xff,
    0xff, 0xff, 0xff, 0x7c, 0x0, 0x0, 0x0, 0x0,
    0x0, 0x0, 0x50, 0xff, 0xff, 0xff, 0xff, 0x68,
    0x68, 0xff, 0xff, 0xff, 0xff, 0x7c, 0x0, 0x0,
    0x0, 0x0, 0x0, 0x0, 0x50, 0xff, 0xff, 0xff,
    0xff, 0x68, 0x68, 0xff, 0xff, 0xff, 0xff, 0x7c,
    0x0, 0x0, 0x0, 0x0, 0x0, 0x0, 0x50, 0xff,
    0xff, 0xff, 0xff, 0x68, 0x68, 0xff, 0xff, 0xff,
    0xff, 0x7c, 0x0, 0x0, 0x0, 0x0, 0x0, 0x0,
    0x50, 0xff, 0xff, 0xff, 0xff, 0x68, 0x68, 0xff,
    0xff, 0xff, 0xff, 0x7c, 0x0, 0x0, 0x0, 0x0,
    0x0, 0x0, 0x50, 0xff, 0xff, 0xff, 0xff, 0x68,
    0x68, 0xff, 0xff, 0xff, 0xff, 0x7c, 0x0, 0x0,
    0x0, 0x0, 0x0, 0x0, 0x50, 0xff, 0xff, 0xff,
    0xff, 0x68, 0x68, 0xff, 0xff, 0xff, 0xff, 0x7c,
    0x0, 0x0, 0x0, 0x0, 0x0, 0x0, 0x50, 0xff,
    0xff, 0xff, 0xff, 0x68, 0x63, 0xff, 0xff, 0xff,
    0xff, 0x85, 0x0, 0x0, 0x0, 0x0, 0x0, 0x0,
    0x5a, 0xff, 0xff, 0xff, 0xff, 0x63, 0x4f, 0xff,
    0xff, 0xff, 0xff, 0xbc, 0x0, 0x0, 0x0, 0x0,
    0x0, 0x0, 0x95, 0xff, 0xff, 0xff, 0xff, 0x4e,
    0x20, 0xff, 0xff, 0xff, 0xff, 0xff, 0x5c, 0x0,
    0x0, 0x0, 0x0, 0x45, 0xf8, 0xff, 0xff, 0xff,
    0xff, 0x20, 0x0, 0xcc, 0xff, 0xff, 0xff, 0xff,
    0xff, 0xbe, 0x7d, 0x7a, 0xb4, 0xff, 0xff, 0xff,
    0xff, 0xff, 0xce, 0x0, 0x0, 0x45, 0xff, 0xff,
    0xff, 0xff, 0xff, 0xff, 0xff, 0xff, 0xff, 0xff,
    0xff, 0xff, 0xff, 0xff, 0x49, 0x0, 0x0, 0x0,
    0x77, 0xff, 0xff, 0xff, 0xff, 0xff, 0xff, 0xff,
    0xff, 0xff, 0xff, 0xff, 0xff, 0x80, 0x0, 0x0,
    0x0, 0x0, 0x0, 0x58, 0xed, 0xff, 0xff, 0xff,
    0xff, 0xff, 0xff, 0xff, 0xff, 0xf2, 0x63, 0x0,
    0x0, 0x0, 0x0, 0x0, 0x0, 0x0, 0xb, 0x67,
    0xb0, 0xe2, 0xf6, 0xf8, 0xe6, 0xb8, 0x71, 0xf,
    0x0, 0x0, 0x0, 0x0,

    /* U+00FC "ü" */
    0x0, 0x0, 0x72, 0xe0, 0xef, 0xad, 0x16, 0x0,
    0x0, 0x0, 0x0, 0x16, 0xad, 0xf0, 0xdf, 0x70,
    0x0, 0x0, 0x0, 0x51, 0xff, 0xff, 0xff, 0xff,
    0xb6, 0x0, 0x0, 0x0, 0x0, 0xb6, 0xff, 0xff,
    0xff, 0xff, 0x4e, 0x0, 0x0, 0xa2, 0xff, 0xff,
    0xff, 0xff, 0xfe, 0xa, 0x0, 0x0, 0xa, 0xfe,
    0xff, 0xff, 0xff, 0xff, 0xa0, 0x0, 0x0, 0xa6,
    0xff, 0xff, 0xff, 0xff, 0xff, 0xe, 0x0, 0x0,
    0xe, 0xff, 0xff, 0xff, 0xff, 0xff, 0xa5, 0x0,
    0x0, 0x5e, 0xff, 0xff, 0xff, 0xff, 0xc4, 0x0,
    0x0, 0x0, 0x0, 0xc5, 0xff, 0xff, 0xff, 0xff,
    0x5c, 0x0, 0x0, 0x1, 0x86, 0xee, 0xf9, 0xbe,
    0x21, 0x0, 0x0, 0x0, 0x0, 0x21, 0xbe, 0xfa,
    0xed, 0x83, 0x1, 0x0, 0x0, 0x0, 0x0, 0x0,
    0x3, 0x0, 0x0, 0x0, 0x0, 0x0, 0x0, 0x0,
    0x0, 0x3, 0x0, 0x0, 0x0, 0x0, 0x0, 0x0,
    0x0, 0x0, 0x0, 0x0, 0x0, 0x0, 0x0, 0x0,
    0x0, 0x0, 0x0, 0x0, 0x0, 0x0, 0x0, 0x0,
    0x68, 0xff, 0xff, 0xff, 0xff, 0x7c, 0x0, 0x0,
    0x0, 0x0, 0x0, 0x0, 0x50, 0xff, 0xff, 0xff,
    0xff, 0x68, 0x68, 0xff, 0xff, 0xff, 0xff, 0x7c,
    0x0, 0x0, 0x0, 0x0, 0x0, 0x0, 0x50, 0xff,
    0xff, 0xff, 0xff, 0x68, 0x68, 0xff, 0xff, 0xff,
    0xff, 0x7c, 0x0, 0x0, 0x0, 0x0, 0x0, 0x0,
    0x50, 0xff, 0xff, 0xff, 0xff, 0x68, 0x68, 0xff,
    0xff, 0xff, 0xff, 0x7c, 0x0, 0x0, 0x0, 0x0,
    0x0, 0x0, 0x50, 0xff, 0xff, 0xff, 0xff, 0x68,
    0x68, 0xff, 0xff, 0xff, 0xff, 0x7c, 0x0, 0x0,
    0x0, 0x0, 0x0, 0x0, 0x50, 0xff, 0xff, 0xff,
    0xff, 0x68, 0x68, 0xff, 0xff, 0xff, 0xff, 0x7c,
    0x0, 0x0, 0x0, 0x0, 0x0, 0x0, 0x50, 0xff,
    0xff, 0xff, 0xff, 0x68, 0x68, 0xff, 0xff, 0xff,
    0xff, 0x7c, 0x0, 0x0, 0x0, 0x0, 0x0, 0x0,
    0x50, 0xff, 0xff, 0xff, 0xff, 0x68, 0x68, 0xff,
    0xff, 0xff, 0xff, 0x7c, 0x0, 0x0, 0x0, 0x0,
    0x0, 0x0, 0x50, 0xff, 0xff, 0xff, 0xff, 0x68,
    0x68, 0xff, 0xff, 0xff, 0xff, 0x7c, 0x0, 0x0,
    0x0, 0x0, 0x0, 0x0, 0x50, 0xff, 0xff, 0xff,
    0xff, 0x68, 0x68, 0xff, 0xff, 0xff, 0xff, 0x7c,
    0x0, 0x0, 0x0, 0x0, 0x0, 0x0, 0x50, 0xff,
    0xff, 0xff, 0xff, 0x68, 0x68, 0xff, 0xff, 0xff,
    0xff, 0x7c, 0x0, 0x0, 0x0, 0x0, 0x0, 0x0,
    0x50, 0xff, 0xff, 0xff, 0xff, 0x68, 0x68, 0xff,
    0xff, 0xff, 0xff, 0x7c, 0x0, 0x0, 0x0, 0x0,
    0x0, 0x0, 0x50, 0xff, 0xff, 0xff, 0xff, 0x68,
    0x63, 0xff, 0xff, 0xff, 0xff, 0x85, 0x0, 0x0,
    0x0, 0x0, 0x0, 0x0, 0x5a, 0xff, 0xff, 0xff,
    0xff, 0x63, 0x4f, 0xff, 0xff, 0xff, 0xff, 0xbc,
    0x0, 0x0, 0x0, 0x0, 0x0, 0x0, 0x95, 0xff,
    0xff, 0xff, 0xff, 0x4e, 0x20, 0xff, 0xff, 0xff,
    0xff, 0xff, 0x5c, 0x0, 0x0, 0x0, 0x0, 0x45,
    0xf8, 0xff, 0xff, 0xff, 0xff, 0x20, 0x0, 0xcc,
    0xff, 0xff, 0xff, 0xff, 0xff, 0xbe, 0x7d, 0x7a,
    0xb4, 0xff, 0xff, 0xff, 0xff, 0xff, 0xce, 0x0,
    0x0, 0x45, 0xff, 0xff, 0xff, 0xff, 0xff, 0xff,
    0xff, 0xff, 0xff, 0xff, 0xff, 0xff, 0xff, 0xff,
    0x49, 0x0, 0x0, 0x0, 0x77, 0xff, 0xff, 0xff,
    0xff, 0xff, 0xff, 0xff, 0xff, 0xff, 0xff, 0xff,
    0xff, 0x80, 0x0, 0x0, 0x0, 0x0, 0x0, 0x58,
    0xed, 0xff, 0xff, 0xff, 0xff, 0xff, 0xff, 0xff,
    0xff, 0xf2, 0x63, 0x0, 0x0, 0x0, 0x0, 0x0,
    0x0, 0x0, 0xb, 0x67, 0xb0, 0xe2, 0xf6, 0xf8,
    0xe6, 0xb8, 0x71, 0xf, 0x0, 0x0, 0x0, 0x0,

    /* U+00FF "ÿ" */
    0x0, 0x0, 0x72, 0xe0, 0xef, 0xad, 0x16, 0x0,
    0x0, 0x0, 0x0, 0x16, 0xad, 0xf0, 0xdf, 0x70,
    0x0, 0x0, 0x0, 0x51, 0xff, 0xff, 0xff, 0xff,
    0xb6, 0x0, 0x0, 0x0, 0x0, 0xb6, 0xff, 0xff,
    0xff, 0xff, 0x4e, 0x0, 0x0, 0xa2, 0xff, 0xff,
    0xff, 0xff, 0xfe, 0xa, 0x0, 0x0, 0xa, 0xfe,
    0xff, 0xff, 0xff, 0xff, 0xa0, 0x0, 0x0, 0xa6,
    0xff, 0xff, 0xff, 0xff, 0xff, 0xe, 0x0, 0x0,
    0xe, 0xff, 0xff, 0xff, 0xff, 0xff, 0xa5, 0x0,
    0x0, 0x5e, 0xff, 0xff, 0xff, 0xff, 0xc4, 0x0,
    0x0, 0x0, 0x0, 0xc5, 0xff, 0xff, 0xff, 0xff,
    0x5c, 0x0, 0x0, 0x1, 0x86, 0xee, 0xf9, 0xbe,
    0x21, 0x0, 0x0, 0x0, 0x0, 0x21, 0xbe, 0xfa,
    0xed, 0x83, 0x1, 0x0, 0x0, 0x0, 0x0, 0x0,
    0x3, 0x0, 0x0, 0x0, 0x0, 0x0, 0x0, 0x0,
    0x0, 0x3, 0x0, 0x0, 0x0, 0x0, 0x0, 0x0,
    0x0, 0x0, 0x0, 0x0, 0x0, 0x0, 0x0, 0x0,
    0x0, 0x0, 0x0, 0x0, 0x0, 0x0, 0x0, 0x0,
    0xd8, 0xff, 0xff, 0xff, 0xff, 0x60, 0x0, 0x0,
    0x0, 0x0, 0x0, 0x0, 0x2, 0xed, 0xff, 0xff,
    0xff, 0xd9, 0x87, 0xff, 0xff, 0xff, 0xff, 0xa9,
    0x0, 0x0, 0x0, 0x0, 0x0, 0x0, 0x39, 0xff,
    0xff, 0xff, 0xff, 0x8d, 0x36, 0xff, 0xff, 0xff,
    0xff, 0xef, 0x3, 0x0, 0x0, 0x0, 0x0, 0x0,
    0x82, 0xff, 0xff, 0xff, 0xff, 0x40, 0x1, 0xe4,
    0xff, 0xff, 0xff, 0xff, 0x3c, 0x0, 0x0, 0x0,
    0x0, 0x0, 0xcb, 0xff, 0xff, 0xff, 0xef, 0x4,
    0x0, 0x94, 0xff, 0xff, 0xff, 0xff, 0x86, 0x0,
    0x0, 0x0, 0x0, 0x16, 0xfe, 0xff, 0xff, 0xff,
    0xa7, 0x0, 0x0, 0x43, 0xff, 0xff, 0xff, 0xff,
    0xcf, 0x0, 0x0, 0x0, 0x0, 0x5d, 0xff, 0xff,
    0xff, 0xff, 0x5b, 0x0, 0x0, 0x4, 0xed, 0xff,
    0xff, 0xff, 0xff, 0x1a, 0x0, 0x0, 0x0, 0xa6,
    0xff, 0xff, 0xff, 0xfc, 0x12, 0x0, 0x0, 0x0,
    0xa1, 0xff, 0xff, 0xff, 0xff, 0x62, 0x0, 0x0,
    0x2, 0xec, 0xff, 0xff, 0xff, 0xc2, 0x0, 0x0,
    0x0, 0x0, 0x50, 0xff, 0xff, 0xff, 0xff, 0xac,
    0x0, 0x0, 0x38, 0xff, 0xff, 0xff, 0xff, 0x76,
    0x0, 0x0, 0x0, 0x0, 0x9, 0xf5, 0xff, 0xff,
    0xff, 0xf1, 0x4, 0x0, 0x81, 0xff, 0xff, 0xff,
    0xff, 0x29, 0x0, 0x0, 0x0, 0x0, 0x0, 0xaf,
    0xff, 0xff, 0xff, 0xff, 0x3f, 0x0, 0xc9, 0xff,
    0xff, 0xff, 0xdd, 0x0, 0x0, 0x0, 0x0, 0x0,
    0x0, 0x5e, 0xff, 0xff, 0xff, 0xff, 0x88, 0x14,
    0xfd, 0xff, 0xff, 0xff, 0x90, 0x0, 0x0, 0x0,
    0x0, 0x0, 0x0, 0x11, 0xfb, 0xff, 0xff, 0xff,
    0xd2, 0x5b, 0xff, 0xff, 0xff, 0xff, 0x44, 0x0,
    0x0, 0x0, 0x0, 0x0, 0x0, 0x0, 0xbc, 0xff,
    0xff, 0xff, 0xff, 0xc0, 0xff, 0xff, 0xff, 0xf1,
    0x5, 0x0, 0x0, 0x0, 0x0, 0x0, 0x0, 0x0,
    0x6b, 0xff, 0xff, 0xff, 0xff, 0xff, 0xff, 0xff,
    0xff, 0xab, 0x0, 0x0, 0x0, 0x0, 0x0, 0x0,
    0x0, 0x0, 0x1b, 0xfe, 0xff, 0xff, 0xff, 0xff,
    0xff, 0xff, 0xff, 0x5f, 0x0, 0x0, 0x0, 0x0,
    0x0, 0x0, 0x0, 0x0, 0x0, 0xc9, 0xff, 0xff,
    0xff, 0xff, 0xff, 0xff, 0xfd, 0x15, 0x0, 0x0,
    0x0, 0x0, 0x0, 0x0, 0x0, 0x0, 0x0, 0x78,
    0xff, 0xff, 0xff, 0xff, 0xff, 0xff, 0xc6, 0x0,
    0x0, 0x0, 0x0, 0x0, 0x0, 0x0, 0x0, 0x0,
    0x0, 0x27, 0xff, 0xff, 0xff, 0xff, 0xff, 0xff,
    0x79, 0x0, 0x0, 0x0, 0x0, 0x0, 0x0, 0x0,
    0x0, 0x0, 0x0, 0x0, 0xd7, 0xff, 0xff, 0xff,
    0xff, 0xff, 0x2d, 0x0, 0x0, 0x0, 0x0, 0x0,
    0x0, 0x0, 0x0, 0x0, 0x0, 0x0, 0x86, 0xff,
    0xff, 0xff, 0xff, 0xe0, 0x0, 0x0, 0x0, 0x0,
    0x0, 0x0, 0x0, 0x0, 0x0, 0x0, 0x0, 0x0,
    0x82, 0xff, 0xff, 0xff, 0xff, 0x94, 0x0, 0x0,
    0x0, 0x0, 0x0, 0x0, 0x0, 0x0, 0x0, 0x0,
    0x0, 0x0, 0xd1, 0xff, 0xff, 0xff, 0xff, 0x48,
    0x0, 0x0, 0x0, 0x0, 0x0, 0x0, 0x0, 0x0,
    0x0, 0x0, 0x0, 0x20, 0xff, 0xff, 0xff, 0xff,
    0xf4, 0x7, 0x0, 0x0, 0x0, 0x0, 0x0, 0x0,
    0x0, 0x0, 0x0, 0x0, 0x0, 0x6f, 0xff, 0xff,
    0xff, 0xff, 0xaf, 0x0, 0x0, 0x0, 0x0, 0x0,
    0x0, 0x0, 0x0, 0x0, 0x0, 0x0, 0x0, 0xbe,
    0xff, 0xff, 0xff, 0xff, 0x62, 0x0, 0x0, 0x0,
    0x0, 0x0, 0x0, 0x0, 0x0, 0x0, 0x0, 0x0,
    0x11, 0xfb, 0xff, 0xff, 0xff, 0xfe, 0x17, 0x0,
    0x0, 0x0, 0x0, 0x0, 0x0, 0x0, 0x0, 0x0,
    0x0, 0x0, 0x5c, 0xff, 0xff, 0xff, 0xff, 0xca,
    0x0, 0x0, 0x0, 0x0, 0x0, 0x0, 0x0, 0x0,

    /* U+0153 "œ" */
    0x0, 0x0, 0x0, 0x2d, 0xb6, 0xf2, 0xe4, 0x96,
    0x13, 0x0, 0x0, 0x44, 0xbb, 0xed, 0xf2, 0xc6,
    0x58, 0x0, 0x0, 0x0, 0x0, 0x0, 0x2e, 0xf1,
    0xff, 0xff, 0xff, 0xff, 0xd3, 0x10, 0x5e, 0xfd,
    0xff, 0xff, 0xff, 0xff, 0xff, 0x88, 0x0, 0x0,
    0x0, 0x0, 0xce, 0xff, 0xff, 0xff, 0xff, 0xff,
    0xff, 0xa7, 0xf1, 0xff, 0xff, 0xff, 0xff, 0xff,
    0xff, 0xff, 0x46, 0x0, 0x0, 0x44, 0xff, 0xff,
    0xff, 0xf7, 0xca, 0xfe, 0xff, 0xff, 0xff, 0xff,
    0xff, 0xff, 0xff, 0xff, 0xff, 0xff, 0xbe, 0x0,
    0x0, 0x98, 0xff, 0xff, 0xff, 0x40, 0x0, 0x6d,
    0xff, 0xff, 0xff, 0xff, 0xdd, 0x5a, 0x62, 0xee,
    0xff, 0xff, 0xfe, 0x13, 0x0, 0xd4, 0xff, 0xff,
    0xcb, 0x0, 0x0, 0x6, 0xf2, 0xff, 0xff, 0xff,
    0x31, 0x0, 0x0, 0x62, 0xff, 0xff, 0xff, 0x4f,
    0x2, 0xfa, 0xff, 0xff, 0x90, 0x0, 0x0, 0x0,
    0xbd, 0xff, 0xff, 0xeb, 0x0, 0x0, 0x0, 0x12,
    0xff, 0xff, 0xff, 0x79, 0x1b, 0xff, 0xff, 0xff,
    0x6d, 0x0, 0x0, 0x0, 0x9a, 0xff, 0xff, 0xce,
    0x0, 0x0, 0x0, 0x0, 0xee, 0xff, 0xff, 0x96,
    0x2c, 0xff, 0xff, 0xff, 0x5a, 0x0, 0x0, 0x0,
    0x87, 0xff, 0xff, 0xeb, 0xa4, 0xa4, 0xa4, 0xa4,
    0xf5, 0xff, 0xff, 0xad, 0x35, 0xff, 0xff, 0xff,
    0x52, 0x0, 0x0, 0x0, 0x80, 0xff, 0xff, 0xff,
    0xff, 0xff, 0xff, 0xff, 0xff, 0xff, 0xff, 0xb6,
    0x39, 0xff, 0xff, 0xff, 0x52, 0x0, 0x0, 0x0,
    0x7e, 0xff, 0xff, 0xff, 0xff, 0xff, 0xff, 0xff,
    0xff, 0xff, 0xff, 0xbf, 0x32, 0xff, 0xff, 0xff,
    0x58, 0x0, 0x0, 0x0, 0x86, 0xff, 0xff, 0xce,
    0x0, 0x0, 0x0, 0x0, 0x0, 0x0, 0x0, 0x0,
    0x27, 0xff, 0xff, 0xff, 0x6a, 0x0, 0x0, 0x0,
    0x98, 0xff, 0xff, 0xdb, 0x0, 0x0, 0x0, 0x0,
    0x0, 0x0, 0x0, 0x0, 0xc, 0xff, 0xff, 0xff,
    0x8a, 0x0, 0x0, 0x0, 0xb9, 0xff, 0xff, 0xf7,
    0x3, 0x0, 0x0, 0x1, 0x0, 0x0, 0x0, 0x0,
    0x0, 0xeb, 0xff, 0xff, 0xc2, 0x0, 0x0, 0x2,
    0xed, 0xff, 0xff, 0xff, 0x3a, 0x0, 0x0, 0x6b,
    0xd5, 0x86, 0x37, 0x1, 0x0, 0xb4, 0xff, 0xff,
    0xfd, 0x2c, 0x0, 0x59, 0xff, 0xff, 0xff, 0xff,
    0xbe, 0xa, 0x18, 0xe0, 0xff, 0xff, 0xf0, 0xb,
    0x0, 0x6b, 0xff, 0xff, 0xff, 0xe9, 0xa9, 0xf6,
    0xff, 0xff, 0xff, 0xff, 0xff, 0xf5, 0xfa, 0xff,
    0xff, 0xff, 0x8c, 0x0, 0x0, 0x10, 0xf0, 0xff,
    0xff, 0xff, 0xff, 0xff, 0xff, 0xb2, 0xf5, 0xff,
    0xff, 0xff, 0xff, 0xff, 0xff, 0xea, 0x16, 0x0,
    0x0, 0x0, 0x5d, 0xfe, 0xff, 0xff, 0xff, 0xff,
    0xdb, 0x13, 0x64, 0xfe, 0xff, 0xff, 0xff, 0xff,
    0xfc, 0x4d, 0x0, 0x0, 0x0, 0x0, 0x0, 0x4f,
    0xcb, 0xf6, 0xe6, 0x99, 0x17, 0x0, 0x0, 0x4a,
    0xc2, 0xf2, 0xf4, 0xbf, 0x41, 0x0, 0x0, 0x0
};

/*---------------------
 *  GLYPH DESCRIPTION
 *--------------------*/

static const lv_font_fmt_txt_glyph_dsc_t glyph_dsc[] = {
    {.bitmap_index = 0, .adv_w = 0, .box_w = 0, .box_h = 0, .ofs_x = 0, .ofs_y = 0} /* id = 0 reserved */,
    {.bitmap_index = 0, .adv_w = 320, .box_w = 0, .box_h = 0, .ofs_x = 0, .ofs_y = 0},
    {.bitmap_index = 0, .adv_w = 320, .box_w = 22, .box_h = 28, .ofs_x = -1, .ofs_y = 0},
    {.bitmap_index = 616, .adv_w = 320, .box_w = 4, .box_h = 11, .ofs_x = 8, .ofs_y = 17},
    {.bitmap_index = 660, .adv_w = 320, .box_w = 18, .box_h = 18, .ofs_x = 1, .ofs_y = 5},
    {.bitmap_index = 984, .adv_w = 320, .box_w = 7, .box_h = 13, .ofs_x = 6, .ofs_y = -6},
    {.bitmap_index = 1075, .adv_w = 320, .box_w = 14, .box_h = 5, .ofs_x = 3, .ofs_y = 12},
    {.bitmap_index = 1145, .adv_w = 320, .box_w = 6, .box_h = 7, .ofs_x = 7, .ofs_y = 0},
    {.bitmap_index = 1187, .adv_w = 320, .box_w = 16, .box_h = 28, .ofs_x = 2, .ofs_y = 0},
    {.bitmap_index = 1635, .adv_w = 320, .box_w = 11, .box_h = 29, .ofs_x = 3, .ofs_y = 0},
    {.bitmap_index = 1954, .adv_w = 320, .box_w = 17, .box_h = 28, .ofs_x = 1, .ofs_y = 0},
    {.bitmap_index = 2430, .adv_w = 320, .box_w = 18, .box_h = 28, .ofs_x = 1, .ofs_y = 0},
    {.bitmap_index = 2934, .adv_w = 320, .box_w = 20, .box_h = 28, .ofs_x = 0, .ofs_y = 0},
    {.bitmap_index = 3494, .adv_w = 320, .box_w = 18, .box_h = 28, .ofs_x = 1, .ofs_y = 0},
    {.bitmap_index = 3998, .adv_w = 320, .box_w = 18, .box_h = 28, .ofs_x = 1, .ofs_y = 0},
    {.bitmap_index = 4502, .adv_w = 320, .box_w = 18, .box_h = 28, .ofs_x = 1, .ofs_y = 0},
    {.bitmap_index = 5006, .adv_w = 320, .box_w = 18, .box_h = 28, .ofs_x = 1, .ofs_y = 0},
    {.bitmap_index = 5510, .adv_w = 320, .box_w = 18, .box_h = 28, .ofs_x = 1, .ofs_y = 0},
    {.bitmap_index = 6014, .adv_w = 320, .box_w = 6, .box_h = 19, .ofs_x = 7, .ofs_y = 4},
    {.bitmap_index = 6128, .adv_w = 320, .box_w = 20, .box_h = 28, .ofs_x = 0, .ofs_y = 0},
    {.bitmap_index = 6688, .adv_w = 320, .box_w = 17, .box_h = 28, .ofs_x = 2, .ofs_y = 0},
    {.bitmap_index = 7164, .adv_w = 320, .box_w = 18, .box_h = 28, .ofs_x = 1, .ofs_y = 0},
    {.bitmap_index = 7668, .adv_w = 320, .box_w = 17, .box_h = 28, .ofs_x = 2, .ofs_y = 0},
    {.bitmap_index = 8144, .adv_w = 320, .box_w = 16, .box_h = 28, .ofs_x = 2, .ofs_y = 0},
    {.bitmap_index = 8592, .adv_w = 320, .box_w = 17, .box_h = 28, .ofs_x = 2, .ofs_y = 0},
    {.bitmap_index = 9068, .adv_w = 320, .box_w = 18, .box_h = 28, .ofs_x = 1, .ofs_y = 0},
    {.bitmap_index = 9572, .adv_w = 320, .box_w = 16, .box_h = 28, .ofs_x = 2, .ofs_y = 0},
    {.bitmap_index = 10020, .adv_w = 320, .box_w = 14, .box_h = 28, .ofs_x = 3, .ofs_y = 0},
    {.bitmap_index = 10412, .adv_w = 320, .box_w = 17, .box_h = 28, .ofs_x = 2, .ofs_y = 0},
    {.bitmap_index = 10888, .adv_w = 320, .box_w = 18, .box_h = 28, .ofs_x = 2, .ofs_y = 0},
    {.bitmap_index = 11392, .adv_w = 320, .box_w = 17, .box_h = 28, .ofs_x = 2, .ofs_y = 0},
    {.bitmap_index = 11868, .adv_w = 320, .box_w = 18, .box_h = 28, .ofs_x = 1, .ofs_y = 0},
    {.bitmap_index = 12372, .adv_w = 320, .box_w = 16, .box_h = 28, .ofs_x = 2, .ofs_y = 0},
    {.bitmap_index = 12820, .adv_w = 320, .box_w = 18, .box_h = 28, .ofs_x = 1, .ofs_y = 0},
    {.bitmap_index = 13324, .adv_w = 320, .box_w = 17, .box_h = 28, .ofs_x = 2, .ofs_y = 0},
    {.bitmap_index = 13800, .adv_w = 320, .box_w = 18, .box_h = 33, .ofs_x = 1, .ofs_y = -5},
    {.bitmap_index = 14394, .adv_w = 320, .box_w = 18, .box_h = 28, .ofs_x = 2, .ofs_y = 0},
    {.bitmap_index = 14898, .adv_w = 320, .box_w = 18, .box_h = 28, .ofs_x = 1, .ofs_y = 0},
    {.bitmap_index = 15402, .adv_w = 320, .box_w = 18, .box_h = 28, .ofs_x = 1, .ofs_y = 0},
    {.bitmap_index = 15906, .adv_w = 320, .box_w = 18, .box_h = 28, .ofs_x = 1, .ofs_y = 0},
    {.bitmap_index = 16410, .adv_w = 320, .box_w = 20, .box_h = 28, .ofs_x = 0, .ofs_y = 0},
    {.bitmap_index = 16970, .adv_w = 320, .box_w = 20, .box_h = 28, .ofs_x = 0, .ofs_y = 0},
    {.bitmap_index = 17530, .adv_w = 320, .box_w = 18, .box_h = 28, .ofs_x = 1, .ofs_y = 0},
    {.bitmap_index = 18034, .adv_w = 320, .box_w = 20, .box_h = 28, .ofs_x = 0, .ofs_y = 0},
    {.bitmap_index = 18594, .adv_w = 320, .box_w = 19, .box_h = 28, .ofs_x = 0, .ofs_y = 0},
    {.bitmap_index = 19126, .adv_w = 320, .box_w = 18, .box_h = 20, .ofs_x = 1, .ofs_y = 0},
    {.bitmap_index = 19486, .adv_w = 320, .box_w = 17, .box_h = 28, .ofs_x = 2, .ofs_y = 0},
    {.bitmap_index = 19962, .adv_w = 320, .box_w = 18, .box_h = 20, .ofs_x = 1, .ofs_y = 0},
    {.bitmap_index = 20322, .adv_w = 320, .box_w = 17, .box_h = 28, .ofs_x = 1, .ofs_y = 0},
    {.bitmap_index = 20798, .adv_w = 320, .box_w = 18, .box_h = 20, .ofs_x = 1, .ofs_y = 0},
    {.bitmap_index = 21158, .adv_w = 320, .box_w = 18, .box_h = 28, .ofs_x = 1, .ofs_y = 0},
    {.bitmap_index = 21662, .adv_w = 320, .box_w = 18, .box_h = 28, .ofs_x = 1, .ofs_y = -8},
    {.bitmap_index = 22166, .adv_w = 320, .box_w = 17, .box_h = 28, .ofs_x = 2, .ofs_y = 0},
    {.bitmap_index = 22642, .adv_w = 320, .box_w = 14, .box_h = 28, .ofs_x = 3, .ofs_y = 0},
    {.bitmap_index = 23034, .adv_w = 320, .box_w = 13, .box_h = 36, .ofs_x = 3, .ofs_y = -8},
    {.bitmap_index = 23502, .adv_w = 320, .box_w = 17, .box_h = 28, .ofs_x = 2, .ofs_y = 0},
    {.bitmap_index = 23978, .adv_w = 320, .box_w = 10, .box_h = 28, .ofs_x = 4, .ofs_y = 0},
    {.bitmap_index = 24258, .adv_w = 320, .box_w = 20, .box_h = 20, .ofs_x = 0, .ofs_y = 0},
    {.bitmap_index = 24658, .adv_w = 320, .box_w = 17, .box_h = 20, .ofs_x = 2, .ofs_y = 0},
    {.bitmap_index = 24998, .adv_w = 320, .box_w = 18, .box_h = 20, .ofs_x = 1, .ofs_y = 0},
    {.bitmap_index = 25358, .adv_w = 320, .box_w = 17, .box_h = 28, .ofs_x = 2, .ofs_y = -8},
    {.bitmap_index = 25834, .adv_w = 320, .box_w = 17, .box_h = 28, .ofs_x = 1, .ofs_y = -8},
    {.bitmap_index = 26310, .adv_w = 320, .box_w = 17, .box_h = 20, .ofs_x = 2, .ofs_y = 0},
    {.bitmap_index = 26650, .adv_w = 320, .box_w = 16, .box_h = 20, .ofs_x = 2, .ofs_y = 0},
    {.bitmap_index = 26970, .adv_w = 320, .box_w = 16, .box_h = 25, .ofs_x = 2, .ofs_y = 0},
    {.bitmap_index = 27370, .adv_w = 320, .box_w = 18, .box_h = 20, .ofs_x = 1, .ofs_y = 0},
    {.bitmap_index = 27730, .adv_w = 320, .box_w = 20, .box_h = 20, .ofs_x = 0, .ofs_y = 0},
    {.bitmap_index = 28130, .adv_w = 320, .box_w = 20, .box_h = 20, .ofs_x = 0, .ofs_y = 0},
    {.bitmap_index = 28530, .adv_w = 320, .box_w = 18, .box_h = 20, .ofs_x = 1, .ofs_y = 0},
    {.bitmap_index = 28890, .adv_w = 320, .box_w = 18, .box_h = 28, .ofs_x = 1, .ofs_y = -8},
    {.bitmap_index = 29394, .adv_w = 320, .box_w = 18, .box_h = 20, .ofs_x = 1, .ofs_y = 0},
    {.bitmap_index = 29754, .adv_w = 320, .box_w = 12, .box_h = 13, .ofs_x = 4, .ofs_y = 17},
    {.bitmap_index = 29910, .adv_w = 320, .box_w = 17, .box_h = 28, .ofs_x = 2, .ofs_y = 0},
    {.bitmap_index = 30386, .adv_w = 320, .box_w = 18, .box_h = 30, .ofs_x = 1, .ofs_y = 0},
    {.bitmap_index = 30926, .adv_w = 320, .box_w = 18, .box_h = 30, .ofs_x = 1, .ofs_y = 0},
    {.bitmap_index = 31466, .adv_w = 320, .box_w = 18, .box_h = 30, .ofs_x = 1, .ofs_y = 0},
    {.bitmap_index = 32006, .adv_w = 320, .box_w = 18, .box_h = 28, .ofs_x = 1, .ofs_y = 0},
    {.bitmap_index = 32510, .adv_w = 320, .box_w = 20, .box_h = 20, .ofs_x = 0, .ofs_y = 0},
    {.bitmap_index = 32910, .adv_w = 320, .box_w = 18, .box_h = 30, .ofs_x = 1, .ofs_y = -10},
    {.bitmap_index = 33450, .adv_w = 320, .box_w = 18, .box_h = 30, .ofs_x = 1, .ofs_y = 0},
    {.bitmap_index = 33990, .adv_w = 320, .box_w = 18, .box_h = 30, .ofs_x = 1, .ofs_y = 0},
    {.bitmap_index = 34530, .adv_w = 320, .box_w = 18, .box_h = 30, .ofs_x = 1, .ofs_y = 0},
    {.bitmap_index = 35070, .adv_w = 320, .box_w = 18, .box_h = 28, .ofs_x = 1, .ofs_y = 0},
    {.bitmap_index = 35574, .adv_w = 320, .box_w = 14, .box_h = 30, .ofs_x = 3, .ofs_y = 0},
    {.bitmap_index = 35994, .adv_w = 320, .box_w = 17, .box_h = 30, .ofs_x = 1, .ofs_y = 0},
    {.bitmap_index = 36504, .adv_w = 320, .box_w = 17, .box_h = 28, .ofs_x = 1, .ofs_y = 0},
    {.bitmap_index = 36980, .adv_w = 320, .box_w = 18, .box_h = 28, .ofs_x = 1, .ofs_y = 0},
    {.bitmap_index = 37484, .adv_w = 320, .box_w = 18, .box_h = 30, .ofs_x = 1, .ofs_y = 0},
    {.bitmap_index = 38024, .adv_w = 320, .box_w = 18, .box_h = 30, .ofs_x = 1, .ofs_y = 0},
    {.bitmap_index = 38564, .adv_w = 320, .box_w = 18, .box_h = 28, .ofs_x = 1, .ofs_y = 0},
    {.bitmap_index = 39068, .adv_w = 320, .box_w = 18, .box_h = 30, .ofs_x = 1, .ofs_y = 0},
    {.bitmap_index = 39608, .adv_w = 320, .box_w = 18, .box_h = 30, .ofs_x = 1, .ofs_y = 0},
    {.bitmap_index = 40148, .adv_w = 320, .box_w = 18, .box_h = 30, .ofs_x = 1, .ofs_y = 0},
    {.bitmap_index = 40688, .adv_w = 320, .box_w = 18, .box_h = 28, .ofs_x = 1, .ofs_y = 0},
    {.bitmap_index = 41192, .adv_w = 320, .box_w = 18, .box_h = 36, .ofs_x = 1, .ofs_y = -8},
    {.bitmap_index = 41840, .adv_w = 320, .box_w = 20, .box_h = 20, .ofs_x = 0, .ofs_y = 0}
};

/*---------------------
 *  CHARACTER MAPPING
 *--------------------*/

static const uint8_t glyph_id_ofs_list_0[] = {
    0, 0, 0, 0, 0, 1, 0, 2,
    0, 0, 0, 3, 4, 5, 6, 0,
    7, 8, 9, 10, 11, 12, 13, 14,
    15, 16, 17
};

static const uint16_t unicode_list_3[] = {
    0x0, 0x2f, 0x30, 0x31, 0x32, 0x34, 0x36, 0x37,
    0x38, 0x39, 0x3a, 0x3b, 0x3d, 0x3e, 0x3f, 0x41,
    0x43, 0x44, 0x46, 0x49, 0x4a, 0x4b, 0x4c, 0x4f,
    0xa3
};

/*Collect the unicode lists and glyph_id offsets*/
static const lv_font_fmt_txt_cmap_t cmaps[] =
{
    {
        .range_start = 32, .range_length = 27, .glyph_id_start = 1,
        .unicode_list = NULL, .glyph_id_ofs_list = glyph_id_ofs_list_0, .list_length = 27, .type = LV_FONT_FMT_TXT_CMAP_FORMAT0_FULL
    },
    {
        .range_start = 65, .range_length = 26, .glyph_id_start = 19,
        .unicode_list = NULL, .glyph_id_ofs_list = NULL, .list_length = 0, .type = LV_FONT_FMT_TXT_CMAP_FORMAT0_TINY
    },
    {
        .range_start = 97, .range_length = 26, .glyph_id_start = 45,
        .unicode_list = NULL, .glyph_id_ofs_list = NULL, .list_length = 0, .type = LV_FONT_FMT_TXT_CMAP_FORMAT0_TINY
    },
    {
        .range_start = 176, .range_length = 164, .glyph_id_start = 71,
        .unicode_list = unicode_list_3, .glyph_id_ofs_list = NULL, .list_length = 25, .type = LV_FONT_FMT_TXT_CMAP_SPARSE_TINY
    }
};

/*--------------------
 *  ALL CUSTOM DATA
 *--------------------*/

#if LVGL_VERSION_MAJOR == 8
/*Store all the custom data of the font*/
static  lv_font_fmt_txt_glyph_cache_t cache;
#endif

#if LVGL_VERSION_MAJOR >= 8
static const lv_font_fmt_txt_dsc_t font_dsc = {
#else
static lv_font_fmt_txt_dsc_t font_dsc = {
#endif
    .glyph_bitmap = glyph_bitmap,
    .glyph_dsc = glyph_dsc,
    .cmaps = cmaps,
    .kern_dsc = NULL,
    .kern_scale = 0,
    .cmap_num = 4,
    .bpp = 8,
    .kern_classes = 0,
    .bitmap_format = 0,
#if LVGL_VERSION_MAJOR == 8
    .cache = &cache
#endif
};

/*-----------------
 *  PUBLIC FONT
 *----------------*/

/*Initialize a public general font descriptor*/
#if LVGL_VERSION_MAJOR >= 8
const lv_font_t ui_font_ui_40 = {
#else
lv_font_t ui_font_ui_40 = {
#endif
    .get_glyph_dsc = lv_font_get_glyph_dsc_fmt_txt,    /*Function pointer to get glyph's data*/
    .get_glyph_bitmap = lv_font_get_bitmap_fmt_txt,    /*Function pointer to get glyph's bitmap*/
    .line_height = 40,          /*The maximum line height required by the font*/
    .base_line = 10,             /*Baseline measured from the bottom of the line*/
#if !(LVGL_VERSION_MAJOR == 6 && LVGL_VERSION_MINOR == 0)
    .subpx = LV_FONT_SUBPX_NONE,
#endif
#if LV_VERSION_CHECK(7, 4, 0) || LVGL_VERSION_MAJOR >= 8
    .underline_position = -5,
    .underline_thickness = 1,
#endif
    .dsc = &font_dsc,          /*The custom font data. Will be accessed by `get_glyph_bitmap/dsc` */
#if LV_VERSION_CHECK(8, 2, 0) || LVGL_VERSION_MAJOR >= 9
    .fallback = NULL,
#endif
    .user_data = NULL,
};

#endif /*#if UI_FONT_UI_40*/